device,cycle,mask,estimated_knee_s,wider_window_knee_s,fit_improvement,edge_unclear,reason,applied_off_index,applied_shift_ms,review_note
C4D4,1,0000,36.415,36.41,0.991716316426274,False,,910,0,All 80 traces visually reviewed in the 16-panel edge sheet; uniform-rule offsets retained without separation-based adjustments.
C4D4,1,0001,36.43,36.43,0.9982888599056112,False,,911,40,All 80 traces visually reviewed in the 16-panel edge sheet; uniform-rule offsets retained without separation-based adjustments.
C4D4,1,0010,36.4,36.4,0.9980381688201412,False,,910,0,All 80 traces visually reviewed in the 16-panel edge sheet; uniform-rule offsets retained without separation-based adjustments.
C4D4,1,0011,36.415,36.415,0.9943706559589692,False,,910,0,All 80 traces visually reviewed in the 16-panel edge sheet; uniform-rule offsets retained without separation-based adjustments.
C4D4,1,0100,36.41,36.41,0.9979637072664354,False,,910,0,All 80 traces visually reviewed in the 16-panel edge sheet; uniform-rule offsets retained without separation-based adjustments.
C4D4,1,0101,36.405,36.4,0.9963892122720406,False,,910,0,All 80 traces visually reviewed in the 16-panel edge sheet; uniform-rule offsets retained without separation-based adjustments.
C4D4,1,0110,36.43,36.43,0.9993751107644558,False,,911,40,All 80 traces visually reviewed in the 16-panel edge sheet; uniform-rule offsets retained without separation-based adjustments.
C4D4,1,0111,36.405,36.405,0.9689138109782156,False,,910,0,All 80 traces visually reviewed in the 16-panel edge sheet; uniform-rule offsets retained without separation-based adjustments.
C4D4,1,1000,36.43,36.43,0.995799691866596,False,,911,40,All 80 traces visually reviewed in the 16-panel edge sheet; uniform-rule offsets retained without separation-based adjustments.
C4D4,1,1001,36.4,36.4,0.9942641653835202,False,,910,0,All 80 traces visually reviewed in the 16-panel edge sheet; uniform-rule offsets retained without separation-based adjustments.
C4D4,1,1010,36.41,36.41,0.9964469453490832,False,,910,0,All 80 traces visually reviewed in the 16-panel edge sheet; uniform-rule offsets retained without separation-based adjustments.
C4D4,1,1011,36.425,36.425,0.9957030623764336,False,,911,40,All 80 traces visually reviewed in the 16-panel edge sheet; uniform-rule offsets retained without separation-based adjustments.
C4D4,1,1100,36.395,36.395,0.9980291026868848,False,,910,0,All 80 traces visually reviewed in the 16-panel edge sheet; uniform-rule offsets retained without separation-based adjustments.
C4D4,1,1101,36.4,36.4,0.998751442712773,False,,910,0,All 80 traces visually reviewed in the 16-panel edge sheet; uniform-rule offsets retained without separation-based adjustments.
C4D4,1,1110,36.425,36.425,0.996608201538645,False,,911,40,All 80 traces visually reviewed in the 16-panel edge sheet; uniform-rule offsets retained without separation-based adjustments.
C4D4,1,1111,36.445,36.45,0.9614388207186404,False,,911,40,All 80 traces visually reviewed in the 16-panel edge sheet; uniform-rule offsets retained without separation-based adjustments.
C4D4,2,0000,36.4,36.4,0.9899683273382172,False,,910,0,All 80 traces visually reviewed in the 16-panel edge sheet; uniform-rule offsets retained without separation-based adjustments.
C4D4,2,0001,36.435,36.435,0.9988808763766944,False,,911,40,All 80 traces visually reviewed in the 16-panel edge sheet; uniform-rule offsets retained without separation-based adjustments.
C4D4,2,0010,36.41,36.41,0.9987857566597248,False,,910,0,All 80 traces visually reviewed in the 16-panel edge sheet; uniform-rule offsets retained without separation-based adjustments.
C4D4,2,0011,36.435,36.435,0.9956741423233436,False,,911,40,All 80 traces visually reviewed in the 16-panel edge sheet; uniform-rule offsets retained without separation-based adjustments.
C4D4,2,0100,36.43,36.43,0.9937766732839184,False,,911,40,All 80 traces visually reviewed in the 16-panel edge sheet; uniform-rule offsets retained without separation-based adjustments.
C4D4,2,0101,36.43,36.43,0.9907253663569148,False,,911,40,All 80 traces visually reviewed in the 16-panel edge sheet; uniform-rule offsets retained without separation-based adjustments.
C4D4,2,0110,36.425,36.425,0.996023481458038,False,,911,40,All 80 traces visually reviewed in the 16-panel edge sheet; uniform-rule offsets retained without separation-based adjustments.
C4D4,2,0111,36.41,36.41,0.9847873837231154,False,,910,0,All 80 traces visually reviewed in the 16-panel edge sheet; uniform-rule offsets retained without separation-based adjustments.
C4D4,2,1000,36.425,36.425,0.998034218183862,False,,911,40,All 80 traces visually reviewed in the 16-panel edge sheet; uniform-rule offsets retained without separation-based adjustments.
C4D4,2,1001,36.425,36.425,0.9977285151182592,False,,911,40,All 80 traces visually reviewed in the 16-panel edge sheet; uniform-rule offsets retained without separation-based adjustments.
C4D4,2,1010,36.41,36.41,0.9968777656735306,False,,910,0,All 80 traces visually reviewed in the 16-panel edge sheet; uniform-rule offsets retained without separation-based adjustments.
C4D4,2,1011,36.475,36.47,0.890557417118522,False,,912,80,All 80 traces visually reviewed in the 16-panel edge sheet; uniform-rule offsets retained without separation-based adjustments.
C4D4,2,1100,36.4,36.4,0.9974489982317374,False,,910,0,All 80 traces visually reviewed in the 16-panel edge sheet; uniform-rule offsets retained without separation-based adjustments.
C4D4,2,1101,36.415,36.415,0.98768926679482,False,,910,0,All 80 traces visually reviewed in the 16-panel edge sheet; uniform-rule offsets retained without separation-based adjustments.
C4D4,2,1110,36.425,36.425,0.997537774219288,False,,911,40,All 80 traces visually reviewed in the 16-panel edge sheet; uniform-rule offsets retained without separation-based adjustments.
C4D4,2,1111,36.4,36.4,0.9659953826471854,False,,910,0,All 80 traces visually reviewed in the 16-panel edge sheet; uniform-rule offsets retained without separation-based adjustments.
C4D4,3,0000,36.43,36.43,0.9967275595900116,False,,911,40,All 80 traces visually reviewed in the 16-panel edge sheet; uniform-rule offsets retained without separation-based adjustments.
C4D4,3,0001,36.43,36.43,0.9615636733805928,False,,911,40,All 80 traces visually reviewed in the 16-panel edge sheet; uniform-rule offsets retained without separation-based adjustments.
C4D4,3,0010,36.43,36.43,0.9980056643735638,False,,911,40,All 80 traces visually reviewed in the 16-panel edge sheet; uniform-rule offsets retained without separation-based adjustments.
C4D4,3,0011,36.4,36.4,0.9970040225802256,False,,910,0,All 80 traces visually reviewed in the 16-panel edge sheet; uniform-rule offsets retained without separation-based adjustments.
C4D4,3,0100,36.425,36.425,0.9956939487917744,False,,911,40,All 80 traces visually reviewed in the 16-panel edge sheet; uniform-rule offsets retained without separation-based adjustments.
C4D4,3,0101,36.405,36.405,0.9972757100766536,False,,910,0,All 80 traces visually reviewed in the 16-panel edge sheet; uniform-rule offsets retained without separation-based adjustments.
C4D4,3,0110,36.445,36.445,0.9984333673864624,False,,911,40,All 80 traces visually reviewed in the 16-panel edge sheet; uniform-rule offsets retained without separation-based adjustments.
C4D4,3,0111,36.4,36.4,0.9712006034388057,False,,910,0,All 80 traces visually reviewed in the 16-panel edge sheet; uniform-rule offsets retained without separation-based adjustments.
C4D4,3,1000,36.4,36.4,0.999211196100936,False,,910,0,All 80 traces visually reviewed in the 16-panel edge sheet; uniform-rule offsets retained without separation-based adjustments.
C4D4,3,1001,36.405,36.405,0.996286355955918,False,,910,0,All 80 traces visually reviewed in the 16-panel edge sheet; uniform-rule offsets retained without separation-based adjustments.
C4D4,3,1010,36.405,36.4,0.9977694482511368,False,,910,0,All 80 traces visually reviewed in the 16-panel edge sheet; uniform-rule offsets retained without separation-based adjustments.
C4D4,3,1011,36.415,36.415,0.9949663359211396,False,,910,0,All 80 traces visually reviewed in the 16-panel edge sheet; uniform-rule offsets retained without separation-based adjustments.
C4D4,3,1100,36.4,36.4,0.9994796635255512,False,,910,0,All 80 traces visually reviewed in the 16-panel edge sheet; uniform-rule offsets retained without separation-based adjustments.
C4D4,3,1101,36.4,36.4,0.9989384342397448,False,,910,0,All 80 traces visually reviewed in the 16-panel edge sheet; uniform-rule offsets retained without separation-based adjustments.
C4D4,3,1110,36.425,36.43,0.9651677901421756,False,,911,40,All 80 traces visually reviewed in the 16-panel edge sheet; uniform-rule offsets retained without separation-based adjustments.
C4D4,3,1111,36.43,36.435,0.986463729247086,False,,911,40,All 80 traces visually reviewed in the 16-panel edge sheet; uniform-rule offsets retained without separation-based adjustments.
C4D4,4,0000,36.4,36.4,0.9837798215721564,False,,910,0,All 80 traces visually reviewed in the 16-panel edge sheet; uniform-rule offsets retained without separation-based adjustments.
C4D4,4,0001,36.415,36.415,0.997104729762943,False,,910,0,All 80 traces visually reviewed in the 16-panel edge sheet; uniform-rule offsets retained without separation-based adjustments.
C4D4,4,0010,36.41,36.41,0.9981417504678816,False,,910,0,All 80 traces visually reviewed in the 16-panel edge sheet; uniform-rule offsets retained without separation-based adjustments.
C4D4,4,0011,36.395,36.395,0.9995997215821718,False,,910,0,All 80 traces visually reviewed in the 16-panel edge sheet; uniform-rule offsets retained without separation-based adjustments.
C4D4,4,0100,36.4,36.4,0.9963202941953672,False,,910,0,All 80 traces visually reviewed in the 16-panel edge sheet; uniform-rule offsets retained without separation-based adjustments.
C4D4,4,0101,36.43,36.43,0.9975198537532248,False,,911,40,All 80 traces visually reviewed in the 16-panel edge sheet; uniform-rule offsets retained without separation-based adjustments.
C4D4,4,0110,36.43,36.43,0.9923998424166488,False,,911,40,All 80 traces visually reviewed in the 16-panel edge sheet; uniform-rule offsets retained without separation-based adjustments.
C4D4,4,0111,36.395,36.41,0.5400774312044965,False,,910,0,All 80 traces visually reviewed in the 16-panel edge sheet; uniform-rule offsets retained without separation-based adjustments.
C4D4,4,1000,36.395,36.395,0.9982271359149432,False,,910,0,All 80 traces visually reviewed in the 16-panel edge sheet; uniform-rule offsets retained without separation-based adjustments.
C4D4,4,1001,36.385,36.39,0.9825202922841064,False,,910,0,All 80 traces visually reviewed in the 16-panel edge sheet; uniform-rule offsets retained without separation-based adjustments.
C4D4,4,1010,36.4,36.4,0.999262227642554,False,,910,0,All 80 traces visually reviewed in the 16-panel edge sheet; uniform-rule offsets retained without separation-based adjustments.
C4D4,4,1011,36.36,36.365,0.8907578950486035,False,,909,-40,All 80 traces visually reviewed in the 16-panel edge sheet; uniform-rule offsets retained without separation-based adjustments.
C4D4,4,1100,36.4,36.4,0.9977248935819684,False,,910,0,All 80 traces visually reviewed in the 16-panel edge sheet; uniform-rule offsets retained without separation-based adjustments.
C4D4,4,1101,36.395,36.4,0.9971978494548492,False,,910,0,All 80 traces visually reviewed in the 16-panel edge sheet; uniform-rule offsets retained without separation-based adjustments.
C4D4,4,1110,36.4,36.4,0.9992365089957708,False,,910,0,All 80 traces visually reviewed in the 16-panel edge sheet; uniform-rule offsets retained without separation-based adjustments.
C4D4,4,1111,36.4,36.4,0.935140776026066,False,,910,0,All 80 traces visually reviewed in the 16-panel edge sheet; uniform-rule offsets retained without separation-based adjustments.
C4D4,5,0000,36.42,36.42,0.9950008419832748,False,,911,40,All 80 traces visually reviewed in the 16-panel edge sheet; uniform-rule offsets retained without separation-based adjustments.
C4D4,5,0001,36.43,36.43,0.9929995964327736,False,,911,40,All 80 traces visually reviewed in the 16-panel edge sheet; uniform-rule offsets retained without separation-based adjustments.
C4D4,5,0010,36.405,36.405,0.9973112903463912,False,,910,0,All 80 traces visually reviewed in the 16-panel edge sheet; uniform-rule offsets retained without separation-based adjustments.
C4D4,5,0011,36.425,36.43,0.9968357537912076,False,,911,40,All 80 traces visually reviewed in the 16-panel edge sheet; uniform-rule offsets retained without separation-based adjustments.
C4D4,5,0100,36.425,36.425,0.9977597773691336,False,,911,40,All 80 traces visually reviewed in the 16-panel edge sheet; uniform-rule offsets retained without separation-based adjustments.
C4D4,5,0101,36.4,36.4,0.9991574246041188,False,,910,0,All 80 traces visually reviewed in the 16-panel edge sheet; uniform-rule offsets retained without separation-based adjustments.
C4D4,5,0110,36.395,36.395,0.9985529808468973,False,,910,0,All 80 traces visually reviewed in the 16-panel edge sheet; uniform-rule offsets retained without separation-based adjustments.
C4D4,5,0111,36.405,36.405,0.9891986624086962,False,,910,0,All 80 traces visually reviewed in the 16-panel edge sheet; uniform-rule offsets retained without separation-based adjustments.
C4D4,5,1000,36.415,36.415,0.9956089934380846,False,,910,0,All 80 traces visually reviewed in the 16-panel edge sheet; uniform-rule offsets retained without separation-based adjustments.
C4D4,5,1001,36.415,36.415,0.9979130412618786,False,,910,0,All 80 traces visually reviewed in the 16-panel edge sheet; uniform-rule offsets retained without separation-based adjustments.
C4D4,5,1010,36.41,36.41,0.9970889823835788,False,,910,0,All 80 traces visually reviewed in the 16-panel edge sheet; uniform-rule offsets retained without separation-based adjustments.
C4D4,5,1011,36.41,36.41,0.9929095321913742,False,,910,0,All 80 traces visually reviewed in the 16-panel edge sheet; uniform-rule offsets retained without separation-based adjustments.
C4D4,5,1100,36.4,36.4,0.9990395679799,False,,910,0,All 80 traces visually reviewed in the 16-panel edge sheet; uniform-rule offsets retained without separation-based adjustments.
C4D4,5,1101,36.4,36.4,0.975464683063092,False,,910,0,All 80 traces visually reviewed in the 16-panel edge sheet; uniform-rule offsets retained without separation-based adjustments.
C4D4,5,1110,36.41,36.41,0.9977045954520228,False,,910,0,All 80 traces visually reviewed in the 16-panel edge sheet; uniform-rule offsets retained without separation-based adjustments.
C4D4,5,1111,36.415,36.41,0.7776106277016646,False,,910,0,All 80 traces visually reviewed in the 16-panel edge sheet; uniform-rule offsets retained without separation-based adjustments.
