201.0000000000	0.0527750000	301.0000000000	1.9930000000
201.0000000000	0.0528250000	301.0000000000	1.9934000000
201.0000000000	0.0527750000	301.0000000000	1.9930000000
201.0000000000	0.0527000000	301.0000000000	1.9933000000
201.0000000000	0.0526250000	301.0000000000	1.9930000000
201.0000000000	0.0524750000	301.0000000000	1.9938000000
201.0000000000	0.0522750000	301.0000000000	1.9942000000
201.0000000000	0.0520500000	301.0000000000	1.9956000000
201.0000000000	0.0518000000	301.0000000000	1.9933000000
201.0000000000	0.0515750000	301.0000000000	1.9936000000
201.0000000000	0.0513250000	301.0000000000	1.9960000000
201.0000000000	0.0509750000	301.0000000000	1.9933000000
201.0000000000	0.0507000000	301.0000000000	1.9932000000
201.0000000000	0.0504000000	301.0000000000	1.9936000000
201.0000000000	0.0500750000	301.0000000000	1.9933000000
201.0000000000	0.0498000000	301.0000000000	1.9933000000
201.0000000000	0.0494750000	301.0000000000	1.9941000000
201.0000000000	0.0491000000	301.0000000000	1.9939000000
201.0000000000	0.0487500000	301.0000000000	1.9932000000
201.0000000000	0.0484500000	301.0000000000	1.9957000000
201.0000000000	0.0481750000	301.0000000000	1.9961000000
201.0000000000	0.0477750000	301.0000000000	1.9937000000
201.0000000000	0.0474750000	301.0000000000	1.9941000000
201.0000000000	0.0471500000	301.0000000000	1.9939000000
201.0000000000	0.0468000000	301.0000000000	1.9938000000
201.0000000000	0.0465250000	301.0000000000	1.9953000000
201.0000000000	0.0461750000	301.0000000000	1.9946000000
201.0000000000	0.0458000000	301.0000000000	1.9940000000
201.0000000000	0.0454500000	301.0000000000	1.9935000000
201.0000000000	0.0450750000	301.0000000000	1.9939000000
201.0000000000	0.0448000000	301.0000000000	1.9957000000
201.0000000000	0.0444250000	301.0000000000	1.9948000000
201.0000000000	0.0441250000	301.0000000000	1.9940000000
201.0000000000	0.0438250000	301.0000000000	1.9939000000
201.0000000000	0.0434750000	301.0000000000	1.9938000000
201.0000000000	0.0432250000	301.0000000000	1.9958000000
201.0000000000	0.0428000000	301.0000000000	1.9948000000
201.0000000000	0.0424750000	301.0000000000	1.9939000000
201.0000000000	0.0421750000	301.0000000000	1.9936000000
201.0000000000	0.0418250000	301.0000000000	1.9936000000
201.0000000000	0.0415500000	301.0000000000	1.9963000000
201.0000000000	0.0411500000	301.0000000000	1.9941000000
201.0000000000	0.0408500000	301.0000000000	1.9941000000
201.0000000000	0.0405750000	301.0000000000	1.9941000000
201.0000000000	0.0402250000	301.0000000000	1.9938000000
201.0000000000	0.0399750000	301.0000000000	1.9962000000
201.0000000000	0.0396500000	301.0000000000	1.9942000000
201.0000000000	0.0393750000	301.0000000000	1.9948000000
201.0000000000	0.0389750000	301.0000000000	1.9944000000
201.0000000000	0.0387000000	301.0000000000	1.9942000000
201.0000000000	0.0384750000	301.0000000000	1.9960000000
201.0000000000	0.0380750000	301.0000000000	1.9941000000
201.0000000000	0.0377750000	301.0000000000	1.9937000000
201.0000000000	0.0375000000	301.0000000000	1.9944000000
201.0000000000	0.0372250000	301.0000000000	1.9939000000
201.0000000000	0.0369750000	301.0000000000	1.9962000000
201.0000000000	0.0366500000	301.0000000000	1.9943000000
201.0000000000	0.0364250000	301.0000000000	1.9948000000
201.0000000000	0.0361000000	301.0000000000	1.9941000000
201.0000000000	0.0358500000	301.0000000000	1.9943000000
201.0000000000	0.0355000000	301.0000000000	1.9942000000
201.0000000000	0.0352750000	301.0000000000	1.9949000000
201.0000000000	0.0349500000	301.0000000000	1.9944000000
201.0000000000	0.0347000000	301.0000000000	1.9944000000
201.0000000000	0.0343750000	301.0000000000	1.9943000000
201.0000000000	0.0342250000	301.0000000000	1.9951000000
201.0000000000	0.0338750000	301.0000000000	1.9950000000
201.0000000000	0.0337500000	301.0000000000	1.9955000000
201.0000000000	0.0334500000	301.0000000000	1.9963000000
201.0000000000	0.0331500000	301.0000000000	1.9942000000
201.0000000000	0.0329000000	301.0000000000	1.9965000000
201.0000000000	0.0325750000	301.0000000000	1.9942000000
201.0000000000	0.0324250000	301.0000000000	1.9955000000
201.0000000000	0.0321750000	301.0000000000	1.9970000000
201.0000000000	0.0318750000	301.0000000000	1.9982000000
201.0000000000	0.0316500000	301.0000000000	1.9957000000
201.0000000000	0.0314000000	301.0000000000	1.9955000000
201.0000000000	0.0312500000	301.0000000000	1.9961000000
201.0000000000	0.0308500000	301.0000000000	1.9945000000
201.0000000000	0.0306750000	301.0000000000	1.9948000000
201.0000000000	0.0304500000	301.0000000000	1.9952000000
201.0000000000	0.0301750000	301.0000000000	1.9945000000
201.0000000000	0.0299750000	301.0000000000	1.9945000000
201.0000000000	0.0297500000	301.0000000000	1.9942000000
201.0000000000	0.0295250000	301.0000000000	1.9948000000
201.0000000000	0.0293250000	301.0000000000	1.9966000000
201.0000000000	0.0291250000	301.0000000000	1.9958000000
201.0000000000	0.0289250000	301.0000000000	1.9946000000
201.0000000000	0.0286250000	301.0000000000	1.9960000000
201.0000000000	0.0284250000	301.0000000000	1.9945000000
201.0000000000	0.0282000000	301.0000000000	1.9945000000
201.0000000000	0.0280750000	301.0000000000	1.9964000000
201.0000000000	0.0278000000	301.0000000000	1.9948000000
201.0000000000	0.0275750000	301.0000000000	1.9944000000
201.0000000000	0.0273500000	301.0000000000	1.9943000000
201.0000000000	0.0271500000	301.0000000000	1.9943000000
201.0000000000	0.0269750000	301.0000000000	1.9948000000
201.0000000000	0.0268000000	301.0000000000	1.9943000000
201.0000000000	0.0266000000	301.0000000000	1.9952000000
201.0000000000	0.0264000000	301.0000000000	1.9939000000
201.0000000000	0.0262000000	301.0000000000	1.9949000000
201.0000000000	0.0260000000	301.0000000000	1.9940000000
201.0000000000	0.0258500000	301.0000000000	1.9955000000
201.0000000000	0.0256500000	301.0000000000	1.9939000000
201.0000000000	0.0254250000	301.0000000000	1.9941000000
201.0000000000	0.0253250000	301.0000000000	1.9962000000
201.0000000000	0.0250750000	301.0000000000	1.9945000000
201.0000000000	0.0249250000	301.0000000000	1.9945000000
201.0000000000	0.0246750000	301.0000000000	1.9942000000
201.0000000000	0.0245250000	301.0000000000	1.9942000000
201.0000000000	0.0243750000	301.0000000000	1.9939000000
201.0000000000	0.0241750000	301.0000000000	1.9940000000
201.0000000000	0.0241000000	301.0000000000	1.9950000000
201.0000000000	0.0239000000	301.0000000000	1.9937000000
201.0000000000	0.0237000000	301.0000000000	1.9939000000
201.0000000000	0.0235250000	301.0000000000	1.9943000000
201.0000000000	0.0233500000	301.0000000000	1.9937000000
201.0000000000	0.0232250000	301.0000000000	1.9939000000
201.0000000000	0.0230250000	301.0000000000	1.9961000000
201.0000000000	0.0228750000	301.0000000000	1.9937000000
201.0000000000	0.0227250000	301.0000000000	1.9946000000
201.0000000000	0.0225250000	301.0000000000	1.9936000000
201.0000000000	0.0224500000	301.0000000000	1.9952000000
201.0000000000	0.0222500000	301.0000000000	1.9936000000
201.0000000000	0.0221000000	301.0000000000	1.9937000000
201.0000000000	0.0219500000	301.0000000000	1.9938000000
201.0000000000	0.0218000000	301.0000000000	1.9939000000
201.0000000000	0.0217250000	301.0000000000	1.9941000000
201.0000000000	0.0214750000	301.0000000000	1.9935000000
201.0000000000	0.0213750000	301.0000000000	1.9936000000
201.0000000000	0.0212000000	301.0000000000	1.9936000000
201.0000000000	0.0211000000	301.0000000000	1.9939000000
201.0000000000	0.0210000000	301.0000000000	1.9948000000
201.0000000000	0.0208250000	301.0000000000	1.9937000000
201.0000000000	0.0207250000	301.0000000000	1.9942000000
201.0000000000	0.0205750000	301.0000000000	1.9942000000
201.0000000000	0.0204000000	301.0000000000	1.9933000000
201.0000000000	0.0203250000	301.0000000000	1.9946000000
201.0000000000	0.0201750000	301.0000000000	1.9931000000
201.0000000000	0.0200250000	301.0000000000	1.9937000000
201.0000000000	0.0199500000	301.0000000000	1.9950000000
201.0000000000	0.0197500000	301.0000000000	1.9933000000
201.0000000000	0.0196500000	301.0000000000	1.9934000000
201.0000000000	0.0195750000	301.0000000000	1.9934000000
201.0000000000	0.0194000000	301.0000000000	1.9930000000
201.0000000000	0.0192750000	301.0000000000	1.9936000000
201.0000000000	0.0191750000	301.0000000000	1.9935000000
201.0000000000	0.0190750000	301.0000000000	1.9935000000
201.0000000000	0.0190500000	301.0000000000	1.9936000000
201.0000000000	0.0188000000	301.0000000000	1.9933000000
201.0000000000	0.0187750000	301.0000000000	1.9952000000
201.0000000000	0.0186000000	301.0000000000	1.9932000000
201.0000000000	0.0185000000	301.0000000000	1.9932000000
201.0000000000	0.0184500000	301.0000000000	1.9936000000
201.0000000000	0.0182500000	301.0000000000	1.9933000000
201.0000000000	0.0182000000	301.0000000000	1.9941000000
201.0000000000	0.0180250000	301.0000000000	1.9931000000
201.0000000000	0.0180500000	301.0000000000	1.9958000000
201.0000000000	0.0178500000	301.0000000000	1.9936000000
201.0000000000	0.0177500000	301.0000000000	1.9933000000
201.0000000000	0.0176500000	301.0000000000	1.9943000000
201.0000000000	0.0175250000	301.0000000000	1.9932000000
201.0000000000	0.0174250000	301.0000000000	1.9930000000
201.0000000000	0.0174250000	301.0000000000	1.9951000000
201.0000000000	0.0172000000	301.0000000000	1.9930000000
201.0000000000	0.0172000000	301.0000000000	1.9953000000
201.0000000000	0.0170250000	301.0000000000	1.9932000000
201.0000000000	0.0169750000	301.0000000000	1.9932000000
201.0000000000	0.0168750000	301.0000000000	1.9932000000
201.0000000000	0.0168500000	301.0000000000	1.9952000000
201.0000000000	0.0166750000	301.0000000000	1.9932000000
201.0000000000	0.0166250000	301.0000000000	1.9932000000
201.0000000000	0.0165250000	301.0000000000	1.9929000000
201.0000000000	0.0164500000	301.0000000000	1.9931000000
201.0000000000	0.0163250000	301.0000000000	1.9925000000
201.0000000000	0.0162250000	301.0000000000	1.9924000000
201.0000000000	0.0161500000	301.0000000000	1.9925000000
201.0000000000	0.0161250000	301.0000000000	1.9933000000
201.0000000000	0.0159750000	301.0000000000	1.9924000000
201.0000000000	0.0159000000	301.0000000000	1.9927000000
201.0000000000	0.0159000000	301.0000000000	1.9952000000
201.0000000000	0.0157500000	301.0000000000	1.9929000000
201.0000000000	0.0156750000	301.0000000000	1.9921000000
201.0000000000	0.0156000000	301.0000000000	1.9924000000
201.0000000000	0.0156250000	301.0000000000	1.9923000000
201.0000000000	0.0154250000	301.0000000000	1.9924000000
201.0000000000	0.0153250000	301.0000000000	1.9920000000
201.0000000000	0.0153000000	301.0000000000	1.9938000000
201.0000000000	0.0151750000	301.0000000000	1.9924000000
201.0000000000	0.0151250000	301.0000000000	1.9918000000
201.0000000000	0.0150500000	301.0000000000	1.9915000000
201.0000000000	0.0149750000	301.0000000000	1.9920000000
201.0000000000	0.0149500000	301.0000000000	1.9928000000
201.0000000000	0.0149750000	301.0000000000	1.9932000000
201.0000000000	0.0148000000	301.0000000000	1.9920000000
201.0000000000	0.0147750000	301.0000000000	1.9940000000
201.0000000000	0.0146500000	301.0000000000	1.9914000000
201.0000000000	0.0146250000	301.0000000000	1.9922000000
201.0000000000	0.0146500000	301.0000000000	1.9916000000
201.0000000000	0.0144750000	301.0000000000	1.9915000000
201.0000000000	0.0144000000	301.0000000000	1.9918000000
201.0000000000	0.0143250000	301.0000000000	1.9917000000
201.0000000000	0.0144000000	301.0000000000	1.9933000000
201.0000000000	0.0143000000	301.0000000000	1.9944000000
201.0000000000	0.0142250000	301.0000000000	1.9933000000
201.0000000000	0.0142250000	301.0000000000	1.9935000000
201.0000000000	0.0140250000	301.0000000000	1.9914000000
201.0000000000	0.0140750000	301.0000000000	1.9921000000
201.0000000000	0.0139000000	301.0000000000	1.9916000000
201.0000000000	0.0139000000	301.0000000000	1.9921000000
201.0000000000	0.0138750000	301.0000000000	1.9935000000
201.0000000000	0.0137500000	301.0000000000	1.9914000000
201.0000000000	0.0137000000	301.0000000000	1.9912000000
201.0000000000	0.0136000000	301.0000000000	1.9916000000
201.0000000000	0.0135750000	301.0000000000	1.9915000000
201.0000000000	0.0135750000	301.0000000000	1.9929000000
201.0000000000	0.0134500000	301.0000000000	1.9914000000
201.0000000000	0.0134500000	301.0000000000	1.9918000000
201.0000000000	0.0133500000	301.0000000000	1.9915000000
201.0000000000	0.0133250000	301.0000000000	1.9916000000
201.0000000000	0.0132750000	301.0000000000	1.9917000000
201.0000000000	0.0132500000	301.0000000000	1.9912000000
201.0000000000	0.0132500000	301.0000000000	1.9926000000
201.0000000000	0.0131500000	301.0000000000	1.9913000000
201.0000000000	0.0130750000	301.0000000000	1.9915000000
201.0000000000	0.0131250000	301.0000000000	1.9934000000
201.0000000000	0.0130000000	301.0000000000	1.9916000000
201.0000000000	0.0130750000	301.0000000000	1.9936000000
201.0000000000	0.0130750000	301.0000000000	1.9924000000
201.0000000000	0.0129500000	301.0000000000	1.9921000000
201.0000000000	0.0129750000	301.0000000000	1.9945000000
201.0000000000	0.0127500000	301.0000000000	1.9923000000
201.0000000000	0.0126750000	301.0000000000	1.9923000000
201.0000000000	0.0126500000	301.0000000000	1.9924000000
201.0000000000	0.0126000000	301.0000000000	1.9923000000
201.0000000000	0.0126000000	301.0000000000	1.9954000000
201.0000000000	0.0125000000	301.0000000000	1.9927000000
201.0000000000	0.0125500000	301.0000000000	1.9934000000
201.0000000000	0.0125000000	301.0000000000	1.9927000000
201.0000000000	0.0124000000	301.0000000000	1.9926000000
201.0000000000	0.0124500000	301.0000000000	1.9946000000
201.0000000000	0.0123750000	301.0000000000	1.9927000000
201.0000000000	0.0123250000	301.0000000000	1.9927000000
201.0000000000	0.0123500000	301.0000000000	1.9941000000
201.0000000000	0.0122000000	301.0000000000	1.9924000000
201.0000000000	0.0121750000	301.0000000000	1.9924000000
201.0000000000	0.0121250000	301.0000000000	1.9924000000
201.0000000000	0.0121000000	301.0000000000	1.9928000000
201.0000000000	0.0121000000	301.0000000000	1.9924000000
201.0000000000	0.0120500000	301.0000000000	1.9924000000
201.0000000000	0.0120250000	301.0000000000	1.9924000000
201.0000000000	0.0120000000	301.0000000000	1.9925000000
201.0000000000	0.0119500000	301.0000000000	1.9921000000
201.0000000000	0.0118750000	301.0000000000	1.9924000000
201.0000000000	0.0118750000	301.0000000000	1.9922000000
201.0000000000	0.0118500000	301.0000000000	1.9945000000
201.0000000000	0.0117750000	301.0000000000	1.9921000000
201.0000000000	0.0117750000	301.0000000000	1.9927000000
201.0000000000	0.0117500000	301.0000000000	1.9925000000
201.0000000000	0.0116750000	301.0000000000	1.9924000000
201.0000000000	0.0116500000	301.0000000000	1.9925000000
201.0000000000	0.0116000000	301.0000000000	1.9927000000
201.0000000000	0.0116000000	301.0000000000	1.9924000000
201.0000000000	0.0115250000	301.0000000000	1.9924000000
201.0000000000	0.0115250000	301.0000000000	1.9922000000
201.0000000000	0.0114500000	301.0000000000	1.9924000000
201.0000000000	0.0114250000	301.0000000000	1.9926000000
201.0000000000	0.0114000000	301.0000000000	1.9927000000
201.0000000000	0.0113750000	301.0000000000	1.9921000000
201.0000000000	0.0113000000	301.0000000000	1.9925000000
201.0000000000	0.0113000000	301.0000000000	1.9927000000
201.0000000000	0.0112750000	301.0000000000	1.9928000000
201.0000000000	0.0112250000	301.0000000000	1.9926000000
201.0000000000	0.0112000000	301.0000000000	1.9923000000
201.0000000000	0.0111250000	301.0000000000	1.9929000000
201.0000000000	0.0112250000	301.0000000000	1.9945000000
201.0000000000	0.0110500000	301.0000000000	1.9923000000
201.0000000000	0.0111750000	301.0000000000	1.9942000000
201.0000000000	0.0110000000	301.0000000000	1.9929000000
201.0000000000	0.0110000000	301.0000000000	1.9924000000
201.0000000000	0.0109500000	301.0000000000	1.9939000000
201.0000000000	0.0109250000	301.0000000000	1.9925000000
201.0000000000	0.0109000000	301.0000000000	1.9925000000
201.0000000000	0.0108250000	301.0000000000	1.9924000000
201.0000000000	0.0108000000	301.0000000000	1.9927000000
201.0000000000	0.0107750000	301.0000000000	1.9926000000
201.0000000000	0.0107750000	301.0000000000	1.9925000000
201.0000000000	0.0107250000	301.0000000000	1.9930000000
201.0000000000	0.0107000000	301.0000000000	1.9926000000
201.0000000000	0.0106500000	301.0000000000	1.9924000000
201.0000000000	0.0106250000	301.0000000000	1.9932000000
201.0000000000	0.0105750000	301.0000000000	1.9922000000
201.0000000000	0.0106250000	301.0000000000	1.9927000000
201.0000000000	0.0105000000	301.0000000000	1.9922000000
201.0000000000	0.0104750000	301.0000000000	1.9921000000
201.0000000000	0.0104750000	301.0000000000	1.9924000000
201.0000000000	0.0104750000	301.0000000000	1.9924000000
201.0000000000	0.0105250000	301.0000000000	1.9940000000
201.0000000000	0.0105250000	301.0000000000	1.9925000000
201.0000000000	0.0104250000	301.0000000000	1.9924000000
201.0000000000	0.0103750000	301.0000000000	1.9924000000
201.0000000000	0.0103250000	301.0000000000	1.9924000000
201.0000000000	0.0103000000	301.0000000000	1.9927000000
201.0000000000	0.0102500000	301.0000000000	1.9928000000
201.0000000000	0.0102000000	301.0000000000	1.9926000000
201.0000000000	0.0102500000	301.0000000000	1.9947000000
201.0000000000	0.0101250000	301.0000000000	1.9927000000
201.0000000000	0.0101750000	301.0000000000	1.9935000000
201.0000000000	0.0101250000	301.0000000000	1.9930000000
201.0000000000	0.0101000000	301.0000000000	1.9927000000
201.0000000000	0.0101250000	301.0000000000	1.9949000000
201.0000000000	0.0100500000	301.0000000000	1.9933000000
201.0000000000	0.0100500000	301.0000000000	1.9930000000
201.0000000000	0.0100000000	301.0000000000	1.9931000000
201.0000000000	0.0099500000	301.0000000000	1.9930000000
201.0000000000	0.0099500000	301.0000000000	1.9932000000
201.0000000000	0.0099000000	301.0000000000	1.9936000000
201.0000000000	0.0100000000	301.0000000000	1.9948000000
201.0000000000	0.0099000000	301.0000000000	1.9936000000
201.0000000000	0.0098750000	301.0000000000	1.9928000000
201.0000000000	0.0099250000	301.0000000000	1.9950000000
201.0000000000	0.0098500000	301.0000000000	1.9929000000
201.0000000000	0.0098500000	301.0000000000	1.9929000000
201.0000000000	0.0097750000	301.0000000000	1.9932000000
201.0000000000	0.0098250000	301.0000000000	1.9934000000
201.0000000000	0.0097750000	301.0000000000	1.9951000000
201.0000000000	0.0097000000	301.0000000000	1.9930000000
201.0000000000	0.0098000000	301.0000000000	1.9945000000
201.0000000000	0.0097000000	301.0000000000	1.9931000000
201.0000000000	0.0097000000	301.0000000000	1.9941000000
201.0000000000	0.0097250000	301.0000000000	1.9949000000
201.0000000000	0.0097250000	301.0000000000	1.9943000000
201.0000000000	0.0096250000	301.0000000000	1.9933000000
201.0000000000	0.0096750000	301.0000000000	1.9939000000
201.0000000000	0.0095750000	301.0000000000	1.9939000000
201.0000000000	0.0095750000	301.0000000000	1.9947000000
201.0000000000	0.0095250000	301.0000000000	1.9923000000
201.0000000000	0.0095250000	301.0000000000	1.9927000000
201.0000000000	0.0095250000	301.0000000000	1.9933000000
201.0000000000	0.0094750000	301.0000000000	1.9923000000
201.0000000000	0.0095000000	301.0000000000	1.9921000000
201.0000000000	0.0094250000	301.0000000000	1.9923000000
201.0000000000	0.0094750000	301.0000000000	1.9936000000
201.0000000000	0.0094250000	301.0000000000	1.9921000000
201.0000000000	0.0093750000	301.0000000000	1.9921000000
201.0000000000	0.0093000000	301.0000000000	1.9933000000
201.0000000000	0.0093250000	301.0000000000	1.9924000000
201.0000000000	0.0093750000	301.0000000000	1.9929000000
201.0000000000	0.0092500000	301.0000000000	1.9924000000
201.0000000000	0.0092500000	301.0000000000	1.9921000000
201.0000000000	0.0092250000	301.0000000000	1.9945000000
201.0000000000	0.0091500000	301.0000000000	1.9924000000
201.0000000000	0.0092000000	301.0000000000	1.9933000000
201.0000000000	0.0091250000	301.0000000000	1.9924000000
201.0000000000	0.0091500000	301.0000000000	1.9927000000
201.0000000000	0.0090750000	301.0000000000	1.9927000000
201.0000000000	0.0091500000	301.0000000000	1.9933000000
201.0000000000	0.0092000000	301.0000000000	1.9927000000
201.0000000000	0.0092000000	301.0000000000	1.9931000000
201.0000000000	0.0091000000	301.0000000000	1.9933000000
201.0000000000	0.0090250000	301.0000000000	1.9924000000
201.0000000000	0.0089750000	301.0000000000	1.9921000000
201.0000000000	0.0090750000	301.0000000000	1.9955000000
201.0000000000	0.0089750000	301.0000000000	1.9926000000
201.0000000000	0.0089750000	301.0000000000	1.9928000000
201.0000000000	0.0089750000	301.0000000000	1.9947000000
201.0000000000	0.0089750000	301.0000000000	1.9936000000
201.0000000000	0.0090000000	301.0000000000	1.9926000000
201.0000000000	0.0089250000	301.0000000000	1.9927000000
201.0000000000	0.0089250000	301.0000000000	1.9952000000
201.0000000000	0.0089500000	301.0000000000	1.9944000000
201.0000000000	0.0089000000	301.0000000000	1.9922000000
201.0000000000	0.0089750000	301.0000000000	1.9948000000
201.0000000000	0.0088500000	301.0000000000	1.9922000000
201.0000000000	0.0088250000	301.0000000000	1.9920000000
201.0000000000	0.0088000000	301.0000000000	1.9922000000
201.0000000000	0.0088000000	301.0000000000	1.9919000000
201.0000000000	0.0089250000	301.0000000000	1.9945000000
201.0000000000	0.0088750000	301.0000000000	1.9935000000
201.0000000000	0.0088000000	301.0000000000	1.9920000000
201.0000000000	0.0087750000	301.0000000000	1.9917000000
201.0000000000	0.0087750000	301.0000000000	1.9921000000
201.0000000000	0.0087500000	301.0000000000	1.9918000000
201.0000000000	0.0087000000	301.0000000000	1.9919000000
201.0000000000	0.0087250000	301.0000000000	1.9920000000
201.0000000000	0.0087250000	301.0000000000	1.9939000000
201.0000000000	0.0087000000	301.0000000000	1.9918000000
201.0000000000	0.0087000000	301.0000000000	1.9932000000
201.0000000000	0.0087000000	301.0000000000	1.9925000000
201.0000000000	0.0086750000	301.0000000000	1.9919000000
201.0000000000	0.0086500000	301.0000000000	1.9920000000
201.0000000000	0.0086500000	301.0000000000	1.9920000000
201.0000000000	0.0086250000	301.0000000000	1.9920000000
201.0000000000	0.0086250000	301.0000000000	1.9921000000
201.0000000000	0.0086000000	301.0000000000	1.9919000000
201.0000000000	0.0086500000	301.0000000000	1.9938000000
201.0000000000	0.0085500000	301.0000000000	1.9919000000
201.0000000000	0.0086000000	301.0000000000	1.9924000000
201.0000000000	0.0085500000	301.0000000000	1.9923000000
201.0000000000	0.0085500000	301.0000000000	1.9928000000
201.0000000000	0.0086000000	301.0000000000	1.9939000000
201.0000000000	0.0085500000	301.0000000000	1.9918000000
201.0000000000	0.0085500000	301.0000000000	1.9916000000
201.0000000000	0.0085250000	301.0000000000	1.9916000000
201.0000000000	0.0085000000	301.0000000000	1.9916000000
201.0000000000	0.0085500000	301.0000000000	1.9938000000
201.0000000000	0.0084500000	301.0000000000	1.9919000000
201.0000000000	0.0085500000	301.0000000000	1.9930000000
201.0000000000	0.0085000000	301.0000000000	1.9924000000
201.0000000000	0.0084500000	301.0000000000	1.9918000000
201.0000000000	0.0084500000	301.0000000000	1.9919000000
201.0000000000	0.0084250000	301.0000000000	1.9918000000
201.0000000000	0.0085250000	301.0000000000	1.9930000000
201.0000000000	0.0084250000	301.0000000000	1.9921000000
201.0000000000	0.0084000000	301.0000000000	1.9918000000
201.0000000000	0.0084250000	301.0000000000	1.9937000000
201.0000000000	0.0083500000	301.0000000000	1.9917000000
201.0000000000	0.0084250000	301.0000000000	1.9919000000
201.0000000000	0.0084500000	301.0000000000	1.9936000000
201.0000000000	0.0083500000	301.0000000000	1.9917000000
201.0000000000	0.0084000000	301.0000000000	1.9927000000
201.0000000000	0.0083500000	301.0000000000	1.9913000000
201.0000000000	0.0083500000	301.0000000000	1.9929000000
201.0000000000	0.0083000000	301.0000000000	1.9915000000
201.0000000000	0.0083500000	301.0000000000	1.9915000000
201.0000000000	0.0084000000	301.0000000000	1.9929000000
201.0000000000	0.0083000000	301.0000000000	1.9914000000
201.0000000000	0.0083000000	301.0000000000	1.9915000000
201.0000000000	0.0083000000	301.0000000000	1.9915000000
201.0000000000	0.0082250000	301.0000000000	1.9914000000
201.0000000000	0.0082500000	301.0000000000	1.9921000000
201.0000000000	0.0082500000	301.0000000000	1.9915000000
201.0000000000	0.0083000000	301.0000000000	1.9924000000
201.0000000000	0.0082250000	301.0000000000	1.9913000000
201.0000000000	0.0082250000	301.0000000000	1.9911000000
201.0000000000	0.0082000000	301.0000000000	1.9909000000
201.0000000000	0.0082000000	301.0000000000	1.9912000000
201.0000000000	0.0082500000	301.0000000000	1.9929000000
201.0000000000	0.0082250000	301.0000000000	1.9916000000
201.0000000000	0.0081500000	301.0000000000	1.9912000000
201.0000000000	0.0082250000	301.0000000000	1.9923000000
201.0000000000	0.0081500000	301.0000000000	1.9911000000
201.0000000000	0.0081500000	301.0000000000	1.9916000000
201.0000000000	0.0082000000	301.0000000000	1.9916000000
201.0000000000	0.0081250000	301.0000000000	1.9916000000
201.0000000000	0.0081500000	301.0000000000	1.9936000000
201.0000000000	0.0080750000	301.0000000000	1.9915000000
201.0000000000	0.0081500000	301.0000000000	1.9929000000
201.0000000000	0.0080750000	301.0000000000	1.9917000000
201.0000000000	0.0080750000	301.0000000000	1.9915000000
201.0000000000	0.0080750000	301.0000000000	1.9908000000
201.0000000000	0.0080250000	301.0000000000	1.9913000000
201.0000000000	0.0080250000	301.0000000000	1.9913000000
201.0000000000	0.0080000000	301.0000000000	1.9913000000
201.0000000000	0.0080500000	301.0000000000	1.9918000000
201.0000000000	0.0080000000	301.0000000000	1.9913000000
201.0000000000	0.0079750000	301.0000000000	1.9916000000
201.0000000000	0.0079750000	301.0000000000	1.9918000000
201.0000000000	0.0079750000	301.0000000000	1.9921000000
201.0000000000	0.0079750000	301.0000000000	1.9918000000
201.0000000000	0.0079750000	301.0000000000	1.9939000000
201.0000000000	0.0080000000	301.0000000000	1.9941000000
201.0000000000	0.0079750000	301.0000000000	1.9932000000
201.0000000000	0.0079500000	301.0000000000	1.9930000000
201.0000000000	0.0079000000	301.0000000000	1.9919000000
201.0000000000	0.0079000000	301.0000000000	1.9921000000
201.0000000000	0.0078750000	301.0000000000	1.9922000000
201.0000000000	0.0080250000	301.0000000000	1.9928000000
201.0000000000	0.0079500000	301.0000000000	1.9924000000
201.0000000000	0.0078750000	301.0000000000	1.9918000000
201.0000000000	0.0079000000	301.0000000000	1.9918000000
201.0000000000	0.0078750000	301.0000000000	1.9918000000
201.0000000000	0.0078500000	301.0000000000	1.9921000000
201.0000000000	0.0079750000	301.0000000000	1.9932000000
201.0000000000	0.0078500000	301.0000000000	1.9920000000
201.0000000000	0.0079000000	301.0000000000	1.9942000000
201.0000000000	0.0078250000	301.0000000000	1.9921000000
201.0000000000	0.0078250000	301.0000000000	1.9918000000
201.0000000000	0.0078250000	301.0000000000	1.9923000000
201.0000000000	0.0078000000	301.0000000000	1.9924000000
201.0000000000	0.0078250000	301.0000000000	1.9924000000
201.0000000000	0.0078000000	301.0000000000	1.9925000000
201.0000000000	0.0077750000	301.0000000000	1.9924000000
201.0000000000	0.0077250000	301.0000000000	1.9921000000
201.0000000000	0.0077500000	301.0000000000	1.9924000000
201.0000000000	0.0077250000	301.0000000000	1.9922000000
201.0000000000	0.0077250000	301.0000000000	1.9933000000
201.0000000000	0.0077250000	301.0000000000	1.9922000000
201.0000000000	0.0077000000	301.0000000000	1.9927000000
201.0000000000	0.0076750000	301.0000000000	1.9921000000
201.0000000000	0.0077250000	301.0000000000	1.9930000000
201.0000000000	0.0076750000	301.0000000000	1.9923000000
201.0000000000	0.0076500000	301.0000000000	1.9923000000
201.0000000000	0.0076750000	301.0000000000	1.9933000000
201.0000000000	0.0076500000	301.0000000000	1.9923000000
201.0000000000	0.0076000000	301.0000000000	1.9924000000
201.0000000000	0.0076000000	301.0000000000	1.9919000000
201.0000000000	0.0076250000	301.0000000000	1.9924000000
201.0000000000	0.0075750000	301.0000000000	1.9933000000
201.0000000000	0.0076000000	301.0000000000	1.9926000000
201.0000000000	0.0077000000	301.0000000000	1.9947000000
201.0000000000	0.0076000000	301.0000000000	1.9925000000
201.0000000000	0.0075500000	301.0000000000	1.9926000000
201.0000000000	0.0075750000	301.0000000000	1.9924000000
201.0000000000	0.0075250000	301.0000000000	1.9922000000
201.0000000000	0.0075000000	301.0000000000	1.9922000000
201.0000000000	0.0075000000	301.0000000000	1.9924000000
201.0000000000	-0.0951000000	301.0000000000	-2.0079000000
201.0000000000	-0.0971000000	301.0000000000	-2.0054000000
201.0000000000	-0.0978500000	301.0000000000	-2.0076000000
201.0000000000	-0.0980000000	301.0000000000	-2.0079000000
201.0000000000	-0.0978750000	301.0000000000	-2.0075000000
201.0000000000	-0.0976250000	301.0000000000	-2.0054000000
201.0000000000	-0.0971000000	301.0000000000	-2.0071000000
201.0000000000	-0.0967750000	301.0000000000	-2.0081000000
201.0000000000	-0.0961500000	301.0000000000	-2.0071000000
201.0000000000	-0.0956000000	301.0000000000	-2.0079000000
201.0000000000	-0.0182500000	301.0000000000	1.9927000000
201.0000000000	-0.0144750000	301.0000000000	1.9930000000
201.0000000000	-0.0125750000	301.0000000000	1.9941000000
201.0000000000	-0.0111250000	301.0000000000	1.9939000000
201.0000000000	-0.0100500000	301.0000000000	1.9924000000
201.0000000000	-0.0091500000	301.0000000000	1.9924000000
201.0000000000	-0.0084250000	301.0000000000	1.9924000000
201.0000000000	-0.0077250000	301.0000000000	1.9926000000
201.0000000000	-0.0071250000	301.0000000000	1.9927000000
201.0000000000	-0.0065750000	301.0000000000	1.9929000000
201.0000000000	-0.0061000000	301.0000000000	1.9934000000
201.0000000000	-0.0056500000	301.0000000000	1.9948000000
201.0000000000	-0.0052500000	301.0000000000	1.9927000000
201.0000000000	-0.0048250000	301.0000000000	1.9936000000
201.0000000000	-0.0045500000	301.0000000000	1.9929000000
201.0000000000	-0.0042250000	301.0000000000	1.9932000000
201.0000000000	-0.0039250000	301.0000000000	1.9933000000
201.0000000000	-0.0036500000	301.0000000000	1.9935000000
201.0000000000	-0.0032250000	301.0000000000	1.9959000000
201.0000000000	-0.0030750000	301.0000000000	1.9930000000
201.0000000000	-0.0027750000	301.0000000000	1.9942000000
201.0000000000	-0.0025750000	301.0000000000	1.9934000000
201.0000000000	-0.0024000000	301.0000000000	1.9930000000
201.0000000000	-0.0020750000	301.0000000000	1.9948000000
201.0000000000	-0.0019750000	301.0000000000	1.9933000000
201.0000000000	-0.0017250000	301.0000000000	1.9934000000
201.0000000000	-0.0016000000	301.0000000000	1.9932000000
201.0000000000	-0.0013000000	301.0000000000	1.9940000000
201.0000000000	-0.0012000000	301.0000000000	1.9928000000
201.0000000000	-0.0010500000	301.0000000000	1.9933000000
201.0000000000	-0.1032750000	301.0000000000	-2.0075000000
201.0000000000	-0.1053000000	301.0000000000	-2.0067000000
201.0000000000	-0.1058500000	301.0000000000	-2.0071000000
201.0000000000	-0.1059000000	301.0000000000	-2.0073000000
201.0000000000	-0.1056750000	301.0000000000	-2.0076000000
201.0000000000	-0.1051750000	301.0000000000	-2.0062000000
201.0000000000	-0.1047500000	301.0000000000	-2.0077000000
201.0000000000	-0.1041250000	301.0000000000	-2.0071000000
201.0000000000	-0.1034000000	301.0000000000	-2.0053000000
201.0000000000	-0.1027250000	301.0000000000	-2.0071000000
201.0000000000	-0.0050000000	301.0000000000	1.9933000000
201.0000000000	-0.0016750000	301.0000000000	1.9940000000
201.0000000000	-0.0001500000	301.0000000000	1.9934000000
201.0000000000	0.0009750000	301.0000000000	1.9930000000
201.0000000000	0.0018000000	301.0000000000	1.9928000000
201.0000000000	0.0024500000	301.0000000000	1.9934000000
201.0000000000	0.0029750000	301.0000000000	1.9929000000
201.0000000000	0.0034000000	301.0000000000	1.9933000000
201.0000000000	0.0037750000	301.0000000000	1.9934000000
201.0000000000	0.0040750000	301.0000000000	1.9932000000
201.0000000000	0.0043750000	301.0000000000	1.9937000000
201.0000000000	0.0047000000	301.0000000000	1.9939000000
201.0000000000	0.0048750000	301.0000000000	1.9936000000
201.0000000000	0.0051750000	301.0000000000	1.9959000000
201.0000000000	0.0052750000	301.0000000000	1.9938000000
201.0000000000	0.0054500000	301.0000000000	1.9936000000
201.0000000000	0.0056000000	301.0000000000	1.9938000000
201.0000000000	0.0057750000	301.0000000000	1.9941000000
201.0000000000	0.0058750000	301.0000000000	1.9942000000
201.0000000000	0.0059750000	301.0000000000	1.9942000000
201.0000000000	0.0061000000	301.0000000000	1.9938000000
201.0000000000	0.0061250000	301.0000000000	1.9945000000
201.0000000000	0.0062500000	301.0000000000	1.9940000000
201.0000000000	0.0063000000	301.0000000000	1.9947000000
201.0000000000	0.0063750000	301.0000000000	1.9940000000
201.0000000000	0.0065750000	301.0000000000	1.9948000000
201.0000000000	0.0065000000	301.0000000000	1.9939000000
201.0000000000	0.0066000000	301.0000000000	1.9938000000
201.0000000000	0.0066750000	301.0000000000	1.9958000000
201.0000000000	0.0066750000	301.0000000000	1.9939000000
201.0000000000	0.0067500000	301.0000000000	1.9938000000
201.0000000000	-0.0946250000	301.0000000000	-2.0052000000
201.0000000000	-0.0976000000	301.0000000000	-2.0059000000
201.0000000000	-0.0982500000	301.0000000000	-2.0011000000
201.0000000000	-0.0985250000	301.0000000000	-2.0045000000
201.0000000000	-0.0984000000	301.0000000000	-2.0058000000
201.0000000000	-0.0981250000	301.0000000000	-2.0036000000
201.0000000000	-0.0977750000	301.0000000000	-2.0057000000
201.0000000000	-0.0972750000	301.0000000000	-2.0060000000
201.0000000000	-0.0967250000	301.0000000000	-2.0062000000
201.0000000000	-0.0961250000	301.0000000000	-2.0061000000
201.0000000000	0.0039750000	301.0000000000	1.9950000000
201.0000000000	0.0076500000	301.0000000000	1.9939000000
201.0000000000	0.0092500000	301.0000000000	1.9945000000
201.0000000000	0.0102250000	301.0000000000	1.9941000000
201.0000000000	0.0109500000	301.0000000000	1.9943000000
201.0000000000	0.0114250000	301.0000000000	1.9942000000
201.0000000000	0.0118250000	301.0000000000	1.9941000000
201.0000000000	0.0121750000	301.0000000000	1.9957000000
201.0000000000	0.0124250000	301.0000000000	1.9942000000
201.0000000000	0.0126500000	301.0000000000	1.9948000000
201.0000000000	0.0128250000	301.0000000000	1.9961000000
201.0000000000	0.0128750000	301.0000000000	1.9945000000
201.0000000000	0.0129750000	301.0000000000	1.9968000000
201.0000000000	0.0130000000	301.0000000000	1.9939000000
201.0000000000	0.0131000000	301.0000000000	1.9944000000
201.0000000000	0.0131250000	301.0000000000	1.9945000000
201.0000000000	0.0131750000	301.0000000000	1.9940000000
201.0000000000	0.0132000000	301.0000000000	1.9963000000
201.0000000000	0.0131500000	301.0000000000	1.9941000000
201.0000000000	0.0132000000	301.0000000000	1.9973000000
201.0000000000	0.0132500000	301.0000000000	1.9960000000
201.0000000000	0.0131750000	301.0000000000	1.9943000000
201.0000000000	0.0131000000	301.0000000000	1.9941000000
201.0000000000	0.0130750000	301.0000000000	1.9937000000
201.0000000000	0.0131250000	301.0000000000	1.9945000000
201.0000000000	0.0130750000	301.0000000000	1.9936000000
201.0000000000	0.0129750000	301.0000000000	1.9939000000
201.0000000000	0.0129750000	301.0000000000	1.9940000000
201.0000000000	0.0129250000	301.0000000000	1.9937000000
201.0000000000	0.0128750000	301.0000000000	1.9939000000
201.0000000000	-0.0878750000	301.0000000000	-2.0063000000
201.0000000000	-0.0914500000	301.0000000000	-2.0066000000
201.0000000000	-0.0923750000	301.0000000000	-2.0047000000
201.0000000000	-0.0928250000	301.0000000000	-2.0063000000
201.0000000000	-0.0927750000	301.0000000000	-2.0068000000
201.0000000000	-0.0926000000	301.0000000000	-2.0070000000
201.0000000000	-0.0922250000	301.0000000000	-2.0070000000
201.0000000000	-0.0918500000	301.0000000000	-2.0068000000
201.0000000000	-0.0913500000	301.0000000000	-2.0070000000
201.0000000000	-0.0907750000	301.0000000000	-2.0044000000
201.0000000000	-0.0195750000	301.0000000000	1.9939000000
201.0000000000	-0.0142000000	301.0000000000	1.9934000000
201.0000000000	-0.0118250000	301.0000000000	1.9933000000
201.0000000000	-0.0103000000	301.0000000000	1.9933000000
201.0000000000	-0.0090000000	301.0000000000	1.9942000000
201.0000000000	-0.0080750000	301.0000000000	1.9930000000
201.0000000000	-0.0072750000	301.0000000000	1.9933000000
201.0000000000	-0.0066000000	301.0000000000	1.9940000000
201.0000000000	-0.0059500000	301.0000000000	1.9930000000
201.0000000000	-0.0052750000	301.0000000000	1.9934000000
201.0000000000	-0.0048500000	301.0000000000	1.9933000000
201.0000000000	-0.0043750000	301.0000000000	1.9930000000
201.0000000000	-0.0039000000	301.0000000000	1.9956000000
201.0000000000	-0.0036250000	301.0000000000	1.9937000000
201.0000000000	-0.0031750000	301.0000000000	1.9956000000
201.0000000000	-0.0029750000	301.0000000000	1.9933000000
201.0000000000	-0.0026250000	301.0000000000	1.9931000000
201.0000000000	-0.0023250000	301.0000000000	1.9932000000
201.0000000000	-0.0020500000	301.0000000000	1.9928000000
201.0000000000	-0.0017500000	301.0000000000	1.9931000000
201.0000000000	-0.0015500000	301.0000000000	1.9933000000
201.0000000000	-0.0012750000	301.0000000000	1.9935000000
201.0000000000	-0.0011000000	301.0000000000	1.9933000000
201.0000000000	-0.0008750000	301.0000000000	1.9930000000
201.0000000000	-0.0006500000	301.0000000000	1.9939000000
201.0000000000	-0.0004750000	301.0000000000	1.9928000000
201.0000000000	-0.0003000000	301.0000000000	1.9932000000
201.0000000000	-0.0000750000	301.0000000000	1.9954000000
201.0000000000	0.0000500000	301.0000000000	1.9928000000
201.0000000000	0.0003250000	301.0000000000	1.9947000000
201.0000000000	0.0004250000	301.0000000000	1.9944000000
201.0000000000	0.0006000000	301.0000000000	1.9928000000
201.0000000000	0.0007000000	301.0000000000	1.9933000000
201.0000000000	0.0008500000	301.0000000000	1.9929000000
201.0000000000	0.0010000000	301.0000000000	1.9936000000
201.0000000000	0.0010750000	301.0000000000	1.9927000000
201.0000000000	0.0011500000	301.0000000000	1.9930000000
201.0000000000	0.0014000000	301.0000000000	1.9945000000
201.0000000000	0.0014250000	301.0000000000	1.9936000000
201.0000000000	0.0015500000	301.0000000000	1.9929000000
201.0000000000	0.0016500000	301.0000000000	1.9933000000
201.0000000000	0.0017500000	301.0000000000	1.9933000000
201.0000000000	0.0018500000	301.0000000000	1.9954000000
201.0000000000	0.0019000000	301.0000000000	1.9933000000
201.0000000000	0.0021250000	301.0000000000	1.9942000000
201.0000000000	0.0021000000	301.0000000000	1.9936000000
201.0000000000	0.0021750000	301.0000000000	1.9941000000
201.0000000000	0.0024000000	301.0000000000	1.9943000000
201.0000000000	0.0023250000	301.0000000000	1.9933000000
201.0000000000	0.0024500000	301.0000000000	1.9932000000
201.0000000000	0.0025250000	301.0000000000	1.9938000000
201.0000000000	0.0025500000	301.0000000000	1.9931000000
201.0000000000	0.0026250000	301.0000000000	1.9929000000
201.0000000000	0.0027250000	301.0000000000	1.9931000000
201.0000000000	0.0028000000	301.0000000000	1.9933000000
201.0000000000	0.0028000000	301.0000000000	1.9931000000
201.0000000000	0.0029250000	301.0000000000	1.9933000000
201.0000000000	0.0031750000	301.0000000000	1.9944000000
201.0000000000	0.0031250000	301.0000000000	1.9927000000
201.0000000000	0.0031750000	301.0000000000	1.9925000000
201.0000000000	0.0032250000	301.0000000000	1.9933000000
201.0000000000	0.0032750000	301.0000000000	1.9934000000
201.0000000000	0.0033750000	301.0000000000	1.9930000000
201.0000000000	0.0033750000	301.0000000000	1.9929000000
201.0000000000	0.0034750000	301.0000000000	1.9930000000
201.0000000000	0.0034250000	301.0000000000	1.9929000000
201.0000000000	0.0035000000	301.0000000000	1.9929000000
201.0000000000	0.0036250000	301.0000000000	1.9958000000
201.0000000000	0.0036750000	301.0000000000	1.9930000000
201.0000000000	0.0036750000	301.0000000000	1.9926000000
201.0000000000	0.0037000000	301.0000000000	1.9930000000
201.0000000000	0.0037000000	301.0000000000	1.9926000000
201.0000000000	0.0038500000	301.0000000000	1.9949000000
201.0000000000	0.0037750000	301.0000000000	1.9925000000
201.0000000000	0.0038250000	301.0000000000	1.9928000000
201.0000000000	0.0039250000	301.0000000000	1.9948000000
201.0000000000	0.0038750000	301.0000000000	1.9930000000
201.0000000000	0.0039250000	301.0000000000	1.9926000000
201.0000000000	0.0039750000	301.0000000000	1.9929000000
201.0000000000	0.0040750000	301.0000000000	1.9932000000
201.0000000000	0.0040750000	301.0000000000	1.9961000000
201.0000000000	0.0040750000	301.0000000000	1.9927000000
201.0000000000	0.0041250000	301.0000000000	1.9931000000
201.0000000000	0.0041750000	301.0000000000	1.9959000000
201.0000000000	0.0042000000	301.0000000000	1.9936000000
201.0000000000	0.0042750000	301.0000000000	1.9936000000
201.0000000000	0.0042000000	301.0000000000	1.9925000000
201.0000000000	0.0042500000	301.0000000000	1.9948000000
201.0000000000	0.0042500000	301.0000000000	1.9924000000
201.0000000000	0.0043250000	301.0000000000	1.9935000000
201.0000000000	0.0043000000	301.0000000000	1.9937000000
201.0000000000	0.0043250000	301.0000000000	1.9931000000
201.0000000000	0.0043000000	301.0000000000	1.9925000000
201.0000000000	0.0043500000	301.0000000000	1.9924000000
201.0000000000	0.0044250000	301.0000000000	1.9936000000
201.0000000000	0.0043750000	301.0000000000	1.9927000000
201.0000000000	0.0044250000	301.0000000000	1.9930000000
201.0000000000	0.0043750000	301.0000000000	1.9929000000
201.0000000000	0.0044000000	301.0000000000	1.9922000000
201.0000000000	0.0044000000	301.0000000000	1.9927000000
201.0000000000	0.0044500000	301.0000000000	1.9938000000
201.0000000000	0.0044750000	301.0000000000	1.9934000000
201.0000000000	0.0045250000	301.0000000000	1.9950000000
201.0000000000	0.0045000000	301.0000000000	1.9936000000
201.0000000000	0.0045250000	301.0000000000	1.9926000000
201.0000000000	0.0044750000	301.0000000000	1.9921000000
201.0000000000	0.0045250000	301.0000000000	1.9927000000
201.0000000000	0.0045250000	301.0000000000	1.9925000000
201.0000000000	0.0045250000	301.0000000000	1.9924000000
201.0000000000	0.0045250000	301.0000000000	1.9924000000
201.0000000000	0.0045250000	301.0000000000	1.9927000000
201.0000000000	0.0045500000	301.0000000000	1.9923000000
201.0000000000	0.0045250000	301.0000000000	1.9944000000
201.0000000000	0.0045500000	301.0000000000	1.9929000000
201.0000000000	0.0046000000	301.0000000000	1.9926000000
201.0000000000	0.0045750000	301.0000000000	1.9927000000
201.0000000000	0.0046000000	301.0000000000	1.9924000000
201.0000000000	0.0046000000	301.0000000000	1.9951000000
201.0000000000	0.0045500000	301.0000000000	1.9927000000
201.0000000000	0.0046000000	301.0000000000	1.9930000000
201.0000000000	0.0046000000	301.0000000000	1.9930000000
201.0000000000	0.0046250000	301.0000000000	1.9927000000
201.0000000000	0.0047000000	301.0000000000	1.9958000000
201.0000000000	0.0046000000	301.0000000000	1.9927000000
201.0000000000	0.0046000000	301.0000000000	1.9929000000
201.0000000000	0.0046000000	301.0000000000	1.9932000000
201.0000000000	0.0046000000	301.0000000000	1.9929000000
201.0000000000	0.0046000000	301.0000000000	1.9927000000
201.0000000000	0.0046250000	301.0000000000	1.9929000000
201.0000000000	0.0046250000	301.0000000000	1.9933000000
201.0000000000	0.0046250000	301.0000000000	1.9928000000
201.0000000000	0.0046500000	301.0000000000	1.9937000000
201.0000000000	0.0047000000	301.0000000000	1.9955000000
201.0000000000	0.0046500000	301.0000000000	1.9933000000
201.0000000000	0.0046500000	301.0000000000	1.9933000000
201.0000000000	0.0046250000	301.0000000000	1.9934000000
201.0000000000	0.0046750000	301.0000000000	1.9931000000
201.0000000000	0.0046750000	301.0000000000	1.9933000000
201.0000000000	0.0046500000	301.0000000000	1.9927000000
201.0000000000	0.0047250000	301.0000000000	1.9937000000
201.0000000000	0.0046750000	301.0000000000	1.9931000000
201.0000000000	0.0046500000	301.0000000000	1.9932000000
201.0000000000	0.0047750000	301.0000000000	1.9959000000
201.0000000000	0.0046250000	301.0000000000	1.9933000000
201.0000000000	0.0046750000	301.0000000000	1.9930000000
201.0000000000	0.0046500000	301.0000000000	1.9929000000
201.0000000000	0.0046250000	301.0000000000	1.9931000000
201.0000000000	0.0047500000	301.0000000000	1.9952000000
201.0000000000	0.0046500000	301.0000000000	1.9928000000
201.0000000000	0.0047000000	301.0000000000	1.9930000000
201.0000000000	0.0046750000	301.0000000000	1.9934000000
201.0000000000	0.0046500000	301.0000000000	1.9933000000
201.0000000000	0.0046500000	301.0000000000	1.9931000000
201.0000000000	0.0046250000	301.0000000000	1.9932000000
201.0000000000	0.0047250000	301.0000000000	1.9944000000
201.0000000000	0.0047500000	301.0000000000	1.9942000000
201.0000000000	0.0046500000	301.0000000000	1.9931000000
201.0000000000	0.0047250000	301.0000000000	1.9948000000
201.0000000000	0.0046250000	301.0000000000	1.9931000000
201.0000000000	0.0046250000	301.0000000000	1.9932000000
201.0000000000	0.0046250000	301.0000000000	1.9935000000
201.0000000000	0.0046500000	301.0000000000	1.9936000000
201.0000000000	0.0047000000	301.0000000000	1.9955000000
201.0000000000	0.0046000000	301.0000000000	1.9930000000
201.0000000000	0.0046250000	301.0000000000	1.9934000000
201.0000000000	0.0047000000	301.0000000000	1.9934000000
201.0000000000	0.0046000000	301.0000000000	1.9935000000
201.0000000000	0.0045750000	301.0000000000	1.9936000000
201.0000000000	0.0046000000	301.0000000000	1.9935000000
201.0000000000	0.0047750000	301.0000000000	1.9933000000
201.0000000000	0.0046000000	301.0000000000	1.9933000000
201.0000000000	0.0046000000	301.0000000000	1.9934000000
201.0000000000	0.0046000000	301.0000000000	1.9937000000
201.0000000000	0.0045750000	301.0000000000	1.9934000000
201.0000000000	0.0046250000	301.0000000000	1.9939000000
201.0000000000	0.0045250000	301.0000000000	1.9935000000
201.0000000000	0.0045500000	301.0000000000	1.9933000000
201.0000000000	0.0045250000	301.0000000000	1.9934000000
201.0000000000	0.0045250000	301.0000000000	1.9936000000
201.0000000000	0.0045250000	301.0000000000	1.9943000000
201.0000000000	0.0045250000	301.0000000000	1.9936000000
201.0000000000	0.0045500000	301.0000000000	1.9951000000
201.0000000000	0.0045250000	301.0000000000	1.9934000000
201.0000000000	0.0044750000	301.0000000000	1.9933000000
201.0000000000	0.0045750000	301.0000000000	1.9935000000
201.0000000000	0.0044750000	301.0000000000	1.9936000000
201.0000000000	0.0044500000	301.0000000000	1.9936000000
201.0000000000	0.0044500000	301.0000000000	1.9936000000
201.0000000000	0.0044500000	301.0000000000	1.9942000000
201.0000000000	0.0045250000	301.0000000000	1.9944000000
201.0000000000	0.0044250000	301.0000000000	1.9939000000
201.0000000000	0.0044500000	301.0000000000	1.9940000000
201.0000000000	0.0044500000	301.0000000000	1.9963000000
201.0000000000	0.0044250000	301.0000000000	1.9941000000
201.0000000000	0.0044500000	301.0000000000	1.9945000000
201.0000000000	0.0044500000	301.0000000000	1.9961000000
201.0000000000	0.0044500000	301.0000000000	1.9944000000
201.0000000000	0.0044500000	301.0000000000	1.9967000000
201.0000000000	0.0043750000	301.0000000000	1.9940000000
201.0000000000	0.0044250000	301.0000000000	1.9945000000
201.0000000000	0.0043750000	301.0000000000	1.9936000000
201.0000000000	0.0043500000	301.0000000000	1.9939000000
201.0000000000	0.0043750000	301.0000000000	1.9940000000
201.0000000000	0.0043750000	301.0000000000	1.9943000000
201.0000000000	0.0043750000	301.0000000000	1.9936000000
201.0000000000	0.0043500000	301.0000000000	1.9938000000
201.0000000000	0.0043250000	301.0000000000	1.9942000000
201.0000000000	0.0044250000	301.0000000000	1.9952000000
201.0000000000	0.0043000000	301.0000000000	1.9937000000
201.0000000000	0.0043250000	301.0000000000	1.9938000000
201.0000000000	0.0043250000	301.0000000000	1.9940000000
201.0000000000	0.0044500000	301.0000000000	1.9952000000
201.0000000000	0.0044750000	301.0000000000	1.9982000000
201.0000000000	0.0043000000	301.0000000000	1.9947000000
201.0000000000	0.0044250000	301.0000000000	1.9952000000
201.0000000000	0.0042750000	301.0000000000	1.9939000000
201.0000000000	0.0042750000	301.0000000000	1.9939000000
201.0000000000	0.0043750000	301.0000000000	1.9964000000
201.0000000000	0.0042500000	301.0000000000	1.9941000000
201.0000000000	0.0042750000	301.0000000000	1.9938000000
201.0000000000	0.0042500000	301.0000000000	1.9940000000
201.0000000000	0.0042750000	301.0000000000	1.9948000000
201.0000000000	0.0042750000	301.0000000000	1.9950000000
201.0000000000	0.0042000000	301.0000000000	1.9941000000
201.0000000000	0.0042500000	301.0000000000	1.9947000000
201.0000000000	0.0042000000	301.0000000000	1.9938000000
201.0000000000	0.0042000000	301.0000000000	1.9939000000
201.0000000000	0.0041500000	301.0000000000	1.9939000000
201.0000000000	0.0041250000	301.0000000000	1.9939000000
201.0000000000	0.0042250000	301.0000000000	1.9962000000
201.0000000000	0.0041250000	301.0000000000	1.9939000000
201.0000000000	0.0041500000	301.0000000000	1.9948000000
201.0000000000	0.0042250000	301.0000000000	1.9961000000
201.0000000000	0.0041250000	301.0000000000	1.9939000000
201.0000000000	0.0041500000	301.0000000000	1.9954000000
201.0000000000	0.0040750000	301.0000000000	1.9941000000
201.0000000000	0.0041250000	301.0000000000	1.9948000000
201.0000000000	0.0041750000	301.0000000000	1.9959000000
201.0000000000	0.0041250000	301.0000000000	1.9940000000
201.0000000000	0.0040750000	301.0000000000	1.9938000000
201.0000000000	0.0040750000	301.0000000000	1.9936000000
201.0000000000	0.0040750000	301.0000000000	1.9948000000
201.0000000000	0.0040500000	301.0000000000	1.9942000000
201.0000000000	0.0040250000	301.0000000000	1.9939000000
201.0000000000	0.0040000000	301.0000000000	1.9941000000
201.0000000000	0.0040000000	301.0000000000	1.9941000000
201.0000000000	0.0040250000	301.0000000000	1.9940000000
201.0000000000	0.0040000000	301.0000000000	1.9937000000
201.0000000000	0.0040000000	301.0000000000	1.9940000000
201.0000000000	0.0040250000	301.0000000000	1.9942000000
201.0000000000	0.0039750000	301.0000000000	1.9939000000
201.0000000000	0.0041000000	301.0000000000	1.9966000000
201.0000000000	0.0041250000	301.0000000000	1.9972000000
201.0000000000	0.0039500000	301.0000000000	1.9939000000
201.0000000000	0.0040250000	301.0000000000	1.9945000000
201.0000000000	0.0039500000	301.0000000000	1.9937000000
201.0000000000	0.0040250000	301.0000000000	1.9944000000
201.0000000000	0.0040250000	301.0000000000	1.9962000000
201.0000000000	0.0039750000	301.0000000000	1.9938000000
201.0000000000	0.0039750000	301.0000000000	1.9944000000
201.0000000000	0.0039500000	301.0000000000	1.9936000000
201.0000000000	0.0040500000	301.0000000000	1.9964000000
201.0000000000	0.0039250000	301.0000000000	1.9941000000
201.0000000000	0.0039000000	301.0000000000	1.9941000000
201.0000000000	0.0039000000	301.0000000000	1.9941000000
201.0000000000	0.0038750000	301.0000000000	1.9941000000
201.0000000000	0.0038750000	301.0000000000	1.9942000000
201.0000000000	0.0038250000	301.0000000000	1.9943000000
201.0000000000	0.0038750000	301.0000000000	1.9948000000
201.0000000000	0.0038750000	301.0000000000	1.9946000000
201.0000000000	0.0038750000	301.0000000000	1.9943000000
201.0000000000	0.0038750000	301.0000000000	1.9947000000
201.0000000000	0.0039750000	301.0000000000	1.9978000000
201.0000000000	0.0038250000	301.0000000000	1.9945000000
201.0000000000	0.0038500000	301.0000000000	1.9943000000
201.0000000000	0.0038000000	301.0000000000	1.9942000000
201.0000000000	0.0037750000	301.0000000000	1.9943000000
201.0000000000	0.0038000000	301.0000000000	1.9942000000
201.0000000000	0.0037750000	301.0000000000	1.9944000000
201.0000000000	0.0037750000	301.0000000000	1.9945000000
201.0000000000	0.0037500000	301.0000000000	1.9945000000
201.0000000000	0.0038250000	301.0000000000	1.9968000000
201.0000000000	0.0037500000	301.0000000000	1.9947000000
201.0000000000	0.0037750000	301.0000000000	1.9958000000
201.0000000000	0.0037500000	301.0000000000	1.9943000000
201.0000000000	0.0037500000	301.0000000000	1.9947000000
201.0000000000	0.0037250000	301.0000000000	1.9945000000
201.0000000000	0.0037750000	301.0000000000	1.9961000000
201.0000000000	0.0037000000	301.0000000000	1.9939000000
201.0000000000	0.0037000000	301.0000000000	1.9948000000
201.0000000000	0.0037000000	301.0000000000	1.9948000000
201.0000000000	0.0037250000	301.0000000000	1.9948000000
201.0000000000	0.0037000000	301.0000000000	1.9944000000
201.0000000000	0.0037000000	301.0000000000	1.9942000000
201.0000000000	0.0037000000	301.0000000000	1.9943000000
201.0000000000	0.0036500000	301.0000000000	1.9942000000
201.0000000000	0.0036750000	301.0000000000	1.9942000000
201.0000000000	0.0036750000	301.0000000000	1.9944000000
201.0000000000	0.0036250000	301.0000000000	1.9945000000
201.0000000000	0.0037250000	301.0000000000	1.9961000000
201.0000000000	0.0036750000	301.0000000000	1.9947000000
201.0000000000	0.0036750000	301.0000000000	1.9948000000
201.0000000000	0.0036750000	301.0000000000	1.9957000000
201.0000000000	0.0036250000	301.0000000000	1.9945000000
201.0000000000	0.0036750000	301.0000000000	1.9973000000
201.0000000000	0.0036250000	301.0000000000	1.9948000000
201.0000000000	0.0036250000	301.0000000000	1.9952000000
201.0000000000	0.0036500000	301.0000000000	1.9968000000
201.0000000000	0.0035500000	301.0000000000	1.9945000000
201.0000000000	0.0035750000	301.0000000000	1.9951000000
201.0000000000	0.0035750000	301.0000000000	1.9942000000
201.0000000000	0.0036000000	301.0000000000	1.9952000000
201.0000000000	0.0036500000	301.0000000000	1.9949000000
201.0000000000	0.0035500000	301.0000000000	1.9952000000
201.0000000000	0.0035500000	301.0000000000	1.9942000000
201.0000000000	0.0035500000	301.0000000000	1.9945000000
201.0000000000	0.0035250000	301.0000000000	1.9943000000
201.0000000000	0.0036000000	301.0000000000	1.9955000000
201.0000000000	0.0035250000	301.0000000000	1.9950000000
201.0000000000	0.0035500000	301.0000000000	1.9945000000
201.0000000000	0.0035000000	301.0000000000	1.9946000000
201.0000000000	0.0035500000	301.0000000000	1.9942000000
201.0000000000	0.0035000000	301.0000000000	1.9938000000
201.0000000000	0.0035000000	301.0000000000	1.9946000000
201.0000000000	0.0034750000	301.0000000000	1.9942000000
201.0000000000	0.0034750000	301.0000000000	1.9938000000
201.0000000000	0.0034750000	301.0000000000	1.9942000000
201.0000000000	0.0035500000	301.0000000000	1.9939000000
201.0000000000	0.0034750000	301.0000000000	1.9940000000
201.0000000000	0.0035500000	301.0000000000	1.9939000000
201.0000000000	0.0034500000	301.0000000000	1.9945000000
201.0000000000	0.0034750000	301.0000000000	1.9961000000
201.0000000000	0.0034000000	301.0000000000	1.9944000000
201.0000000000	0.0034000000	301.0000000000	1.9942000000
201.0000000000	0.0034500000	301.0000000000	1.9938000000
201.0000000000	0.0034000000	301.0000000000	1.9942000000
201.0000000000	0.0033750000	301.0000000000	1.9945000000
201.0000000000	0.0034750000	301.0000000000	1.9961000000
201.0000000000	0.0034250000	301.0000000000	1.9940000000
201.0000000000	0.0034500000	301.0000000000	1.9943000000
201.0000000000	0.0035500000	301.0000000000	1.9954000000
201.0000000000	0.0035750000	301.0000000000	1.9964000000
201.0000000000	0.0034500000	301.0000000000	1.9956000000
201.0000000000	0.0034250000	301.0000000000	1.9956000000
201.0000000000	0.0034750000	301.0000000000	1.9947000000
201.0000000000	0.0033500000	301.0000000000	1.9942000000
201.0000000000	0.0033750000	301.0000000000	1.9945000000
201.0000000000	0.0034500000	301.0000000000	1.9945000000
201.0000000000	0.0033500000	301.0000000000	1.9940000000
201.0000000000	0.0033750000	301.0000000000	1.9944000000
201.0000000000	0.0033000000	301.0000000000	1.9937000000
201.0000000000	0.0033750000	301.0000000000	1.9942000000
201.0000000000	0.0034250000	301.0000000000	1.9962000000
201.0000000000	0.0033500000	301.0000000000	1.9945000000
201.0000000000	0.0033000000	301.0000000000	1.9942000000
201.0000000000	0.0033250000	301.0000000000	1.9938000000
201.0000000000	0.0033000000	301.0000000000	1.9936000000
201.0000000000	0.0033000000	301.0000000000	1.9943000000
201.0000000000	0.0033000000	301.0000000000	1.9939000000
201.0000000000	0.0033500000	301.0000000000	1.9942000000
201.0000000000	0.0033000000	301.0000000000	1.9937000000
201.0000000000	0.0033750000	301.0000000000	1.9948000000
201.0000000000	0.0033250000	301.0000000000	1.9939000000
201.0000000000	0.0033250000	301.0000000000	1.9936000000
201.0000000000	0.0033000000	301.0000000000	1.9936000000
201.0000000000	0.0033000000	301.0000000000	1.9956000000
201.0000000000	0.0032500000	301.0000000000	1.9932000000
201.0000000000	0.0033250000	301.0000000000	1.9940000000
201.0000000000	0.0032250000	301.0000000000	1.9941000000
201.0000000000	0.0033250000	301.0000000000	1.9943000000
201.0000000000	0.0032750000	301.0000000000	1.9947000000
201.0000000000	0.0032500000	301.0000000000	1.9942000000
201.0000000000	0.0032750000	301.0000000000	1.9943000000
201.0000000000	0.0032250000	301.0000000000	1.9937000000
201.0000000000	0.0032500000	301.0000000000	1.9938000000
201.0000000000	0.0032500000	301.0000000000	1.9944000000
201.0000000000	0.0032000000	301.0000000000	1.9934000000
201.0000000000	0.0031750000	301.0000000000	1.9936000000
201.0000000000	0.0031750000	301.0000000000	1.9945000000
201.0000000000	0.0032000000	301.0000000000	1.9938000000
201.0000000000	0.0031750000	301.0000000000	1.9936000000
201.0000000000	0.0032000000	301.0000000000	1.9939000000
201.0000000000	0.0031750000	301.0000000000	1.9941000000
201.0000000000	0.0031500000	301.0000000000	1.9936000000
201.0000000000	0.0031750000	301.0000000000	1.9937000000
201.0000000000	0.0032000000	301.0000000000	1.9942000000
201.0000000000	0.0031750000	301.0000000000	1.9938000000
201.0000000000	0.0031500000	301.0000000000	1.9937000000
201.0000000000	0.0031500000	301.0000000000	1.9936000000
201.0000000000	0.0032000000	301.0000000000	1.9942000000
201.0000000000	0.0031250000	301.0000000000	1.9935000000
201.0000000000	0.0032250000	301.0000000000	1.9950000000
201.0000000000	0.0031500000	301.0000000000	1.9935000000
201.0000000000	0.0031250000	301.0000000000	1.9937000000
201.0000000000	0.0031750000	301.0000000000	1.9958000000
201.0000000000	0.0031250000	301.0000000000	1.9938000000
201.0000000000	0.0031250000	301.0000000000	1.9933000000
201.0000000000	0.0032000000	301.0000000000	1.9942000000
201.0000000000	0.0031250000	301.0000000000	1.9937000000
201.0000000000	0.0031000000	301.0000000000	1.9934000000
201.0000000000	0.0030750000	301.0000000000	1.9945000000
201.0000000000	0.0031750000	301.0000000000	1.9955000000
201.0000000000	0.0031750000	301.0000000000	1.9952000000
201.0000000000	0.0031000000	301.0000000000	1.9939000000
201.0000000000	0.0031250000	301.0000000000	1.9936000000
201.0000000000	0.0030500000	301.0000000000	1.9946000000
201.0000000000	0.0031250000	301.0000000000	1.9961000000
201.0000000000	0.0030500000	301.0000000000	1.9936000000
201.0000000000	0.0030500000	301.0000000000	1.9939000000
201.0000000000	0.0030750000	301.0000000000	1.9938000000
201.0000000000	0.0030500000	301.0000000000	1.9948000000
201.0000000000	0.0031000000	301.0000000000	1.9950000000
201.0000000000	0.0030500000	301.0000000000	1.9935000000
201.0000000000	0.0030500000	301.0000000000	1.9942000000
201.0000000000	0.0030500000	301.0000000000	1.9934000000
201.0000000000	0.0031000000	301.0000000000	1.9933000000
201.0000000000	0.0030500000	301.0000000000	1.9943000000
201.0000000000	0.0031250000	301.0000000000	1.9942000000
201.0000000000	0.0030000000	301.0000000000	1.9942000000
201.0000000000	0.0030250000	301.0000000000	1.9939000000
201.0000000000	0.0030000000	301.0000000000	1.9937000000
201.0000000000	0.0030500000	301.0000000000	1.9954000000
201.0000000000	0.0031000000	301.0000000000	1.9936000000
201.0000000000	0.0030500000	301.0000000000	1.9939000000
201.0000000000	0.0030250000	301.0000000000	1.9939000000
201.0000000000	0.0029750000	301.0000000000	1.9937000000
201.0000000000	0.0030000000	301.0000000000	1.9937000000
201.0000000000	0.0029750000	301.0000000000	1.9933000000
201.0000000000	0.0030500000	301.0000000000	1.9937000000
201.0000000000	0.0029750000	301.0000000000	1.9935000000
201.0000000000	0.0030000000	301.0000000000	1.9938000000
201.0000000000	0.0030500000	301.0000000000	1.9952000000
201.0000000000	0.0030500000	301.0000000000	1.9968000000
201.0000000000	0.0029250000	301.0000000000	1.9938000000
201.0000000000	0.0029750000	301.0000000000	1.9933000000
201.0000000000	0.0029500000	301.0000000000	1.9937000000
201.0000000000	0.0029500000	301.0000000000	1.9936000000
201.0000000000	0.0030250000	301.0000000000	1.9939000000
201.0000000000	0.0029500000	301.0000000000	1.9935000000
201.0000000000	0.0029750000	301.0000000000	1.9934000000
201.0000000000	0.0029500000	301.0000000000	1.9938000000
201.0000000000	0.0029750000	301.0000000000	1.9946000000
201.0000000000	0.0030750000	301.0000000000	1.9959000000
201.0000000000	0.0029250000	301.0000000000	1.9937000000
201.0000000000	0.0030500000	301.0000000000	1.9956000000
201.0000000000	0.0029750000	301.0000000000	1.9936000000
201.0000000000	0.0029750000	301.0000000000	1.9939000000
201.0000000000	0.0030500000	301.0000000000	1.9954000000
201.0000000000	0.0029250000	301.0000000000	1.9941000000
201.0000000000	0.0029500000	301.0000000000	1.9936000000
201.0000000000	0.0029500000	301.0000000000	1.9933000000
201.0000000000	0.0029500000	301.0000000000	1.9945000000
201.0000000000	0.0029000000	301.0000000000	1.9934000000
201.0000000000	0.0029250000	301.0000000000	1.9936000000
201.0000000000	0.0030000000	301.0000000000	1.9941000000
201.0000000000	0.0029000000	301.0000000000	1.9935000000
201.0000000000	0.0028750000	301.0000000000	1.9932000000
201.0000000000	0.0029250000	301.0000000000	1.9936000000
201.0000000000	0.0029250000	301.0000000000	1.9935000000
201.0000000000	0.0029250000	301.0000000000	1.9933000000
201.0000000000	0.0029000000	301.0000000000	1.9934000000
201.0000000000	0.0028750000	301.0000000000	1.9935000000
201.0000000000	0.0030250000	301.0000000000	1.9952000000
201.0000000000	0.0028750000	301.0000000000	1.9936000000
201.0000000000	0.0028750000	301.0000000000	1.9936000000
201.0000000000	0.0029000000	301.0000000000	1.9937000000
201.0000000000	0.0029000000	301.0000000000	1.9936000000
201.0000000000	0.0029500000	301.0000000000	1.9936000000
201.0000000000	0.0029250000	301.0000000000	1.9932000000
201.0000000000	0.0030000000	301.0000000000	1.9940000000
201.0000000000	0.0030500000	301.0000000000	1.9970000000
201.0000000000	0.0029250000	301.0000000000	1.9939000000
201.0000000000	0.0029250000	301.0000000000	1.9944000000
201.0000000000	0.0030000000	301.0000000000	1.9952000000
201.0000000000	0.0028750000	301.0000000000	1.9935000000
201.0000000000	0.0029750000	301.0000000000	1.9947000000
201.0000000000	0.0028750000	301.0000000000	1.9948000000
201.0000000000	0.0029750000	301.0000000000	1.9949000000
201.0000000000	0.0028750000	301.0000000000	1.9939000000
201.0000000000	0.0029000000	301.0000000000	1.9939000000
201.0000000000	0.0029250000	301.0000000000	1.9940000000
201.0000000000	0.0029250000	301.0000000000	1.9941000000
201.0000000000	0.0029500000	301.0000000000	1.9951000000
201.0000000000	0.0029500000	301.0000000000	1.9956000000
201.0000000000	0.0028750000	301.0000000000	1.9934000000
201.0000000000	0.0028750000	301.0000000000	1.9939000000
201.0000000000	0.0028500000	301.0000000000	1.9933000000
201.0000000000	0.0029250000	301.0000000000	1.9942000000
201.0000000000	0.0028750000	301.0000000000	1.9935000000
201.0000000000	0.0028750000	301.0000000000	1.9936000000
201.0000000000	0.0028750000	301.0000000000	1.9932000000
201.0000000000	0.0028750000	301.0000000000	1.9932000000
201.0000000000	0.0029000000	301.0000000000	1.9947000000
201.0000000000	0.0028500000	301.0000000000	1.9935000000
201.0000000000	0.0029250000	301.0000000000	1.9935000000
201.0000000000	0.0028500000	301.0000000000	1.9937000000
201.0000000000	0.0028750000	301.0000000000	1.9938000000
201.0000000000	0.0028750000	301.0000000000	1.9933000000
201.0000000000	0.0028750000	301.0000000000	1.9934000000
201.0000000000	0.0029750000	301.0000000000	1.9936000000
201.0000000000	0.0028750000	301.0000000000	1.9931000000
201.0000000000	0.0028250000	301.0000000000	1.9936000000
201.0000000000	0.0028750000	301.0000000000	1.9939000000
201.0000000000	0.0028500000	301.0000000000	1.9936000000
201.0000000000	0.0029750000	301.0000000000	1.9927000000
201.0000000000	0.0028500000	301.0000000000	1.9933000000
201.0000000000	0.0028000000	301.0000000000	1.9930000000
201.0000000000	0.0029500000	301.0000000000	1.9945000000
201.0000000000	0.0028500000	301.0000000000	1.9936000000
201.0000000000	0.0028500000	301.0000000000	1.9937000000
201.0000000000	0.0028500000	301.0000000000	1.9933000000
201.0000000000	0.0028500000	301.0000000000	1.9931000000
201.0000000000	0.0029750000	301.0000000000	1.9958000000
201.0000000000	0.0028500000	301.0000000000	1.9930000000
201.0000000000	0.0029000000	301.0000000000	1.9951000000
201.0000000000	0.0028250000	301.0000000000	1.9933000000
201.0000000000	0.0028750000	301.0000000000	1.9932000000
201.0000000000	0.0028750000	301.0000000000	1.9952000000
201.0000000000	0.0028000000	301.0000000000	1.9933000000
201.0000000000	0.0028000000	301.0000000000	1.9935000000
201.0000000000	0.0028750000	301.0000000000	1.9934000000
201.0000000000	0.0028000000	301.0000000000	1.9932000000
