group,device_label,device_folder,cycle,mask,relative_path,bytes,sha256
00,,,,,00_数据说明.md,3956,5285dec5fcfb9cb96fc814707897c83f89ca772df8d080b5b9e5a30b923e0282
01,Device1,C2D1,1,0000,01_恒定mask_50条_Note6标定用\Device1_C2D1_c1_0000.csv,41544,3c582d2766e183165669232b3439c22657a64cc0d3ead54afa30b356ac5c51e0
01,Device1,C2D1,1,1111,01_恒定mask_50条_Note6标定用\Device1_C2D1_c1_1111.csv,41620,0fac249576ee39db3c620390eee024a36fe32fb557e7d60e0b66acc6922930c4
01,Device1,C2D1,2,0000,01_恒定mask_50条_Note6标定用\Device1_C2D1_c2_0000.csv,41542,3b8c1f8c65b6737c2b403d34b994ba624c28d835cd6f7fb769c518e6dfebf2a7
01,Device1,C2D1,2,1111,01_恒定mask_50条_Note6标定用\Device1_C2D1_c2_1111.csv,41624,e59dc8f25a12538fb452d27a56059bf56dfc366a8cbe49bce0ca4e4f4f9079f7
01,Device1,C2D1,3,0000,01_恒定mask_50条_Note6标定用\Device1_C2D1_c3_0000.csv,41544,ce7562419f1225fa2a061eae3bd72d583dafedd3b135cd8e84e1e9670b212757
01,Device1,C2D1,3,1111,01_恒定mask_50条_Note6标定用\Device1_C2D1_c3_1111.csv,41622,bb619007e84906bedc3c12cbfae241fc371886a96778328ca49e0a207d69fe75
01,Device1,C2D1,4,0000,01_恒定mask_50条_Note6标定用\Device1_C2D1_c4_0000.csv,41541,42db08fc0f3fe9da19c5fb23cd8ddd6747dff229d10b571a6a7f7abf7cd4475d
01,Device1,C2D1,4,1111,01_恒定mask_50条_Note6标定用\Device1_C2D1_c4_1111.csv,41623,8fb3bac20cab3b15c63c614e2443b30e6c30307a02d6f5687063248db04906e8
01,Device1,C2D1,5,0000,01_恒定mask_50条_Note6标定用\Device1_C2D1_c5_0000.csv,41540,2e03d4c027277a45472a8a52291bc960d8c0b040666cb1db4a3d0379e55c087e
01,Device1,C2D1,5,1111,01_恒定mask_50条_Note6标定用\Device1_C2D1_c5_1111.csv,41624,9039a47ee960a5a669bcd2177163e5ce1ef4414c246016bf717f9a6bb361cf44
01,Device2,C2D4,1,0000,01_恒定mask_50条_Note6标定用\Device2_C2D4_c1_0000.csv,42350,17df851e3632ce9488c27da970d8f48120c9da3d85a93b56e9d77d816a216de6
01,Device2,C2D4,1,1111,01_恒定mask_50条_Note6标定用\Device2_C2D4_c1_1111.csv,42049,d46f254b942e832f3a618d9d07e8dfc6dd6975e1a1c7eb2a05596e2f73375355
01,Device2,C2D4,2,0000,01_恒定mask_50条_Note6标定用\Device2_C2D4_c2_0000.csv,42350,38386c136fd431b634e74c991af9c7f7191ea323f229da6308d54c1a61d0fd2f
01,Device2,C2D4,2,1111,01_恒定mask_50条_Note6标定用\Device2_C2D4_c2_1111.csv,42356,b1c0a772e433a2a00c80083746d64886ca51f524bec8b2bf6b98981af90907a8
01,Device2,C2D4,3,0000,01_恒定mask_50条_Note6标定用\Device2_C2D4_c3_0000.csv,42350,6886fa1fc0cea71fa7f5ec15813c16555a6e008ef04714189e8071a51b36b4f9
01,Device2,C2D4,3,1111,01_恒定mask_50条_Note6标定用\Device2_C2D4_c3_1111.csv,42357,dfcc8650d9464f6c712d22f86bfbc75adc823af59b01b77096dcb52251f49f9f
01,Device2,C2D4,4,0000,01_恒定mask_50条_Note6标定用\Device2_C2D4_c4_0000.csv,42350,0bd30781aeb84c55a6e6b01178717d5827ec11f031a2d191f6a92778d5ff615a
01,Device2,C2D4,4,1111,01_恒定mask_50条_Note6标定用\Device2_C2D4_c4_1111.csv,42357,7574e0a707c7bc72c751fd27552e4a7b59735c435eacd501393fe10e269a5a16
01,Device2,C2D4,5,0000,01_恒定mask_50条_Note6标定用\Device2_C2D4_c5_0000.csv,42350,e43e644d8b904a0f834a230ffd02933405003d2a5f38a5f608db0b1f30e85b24
01,Device2,C2D4,5,1111,01_恒定mask_50条_Note6标定用\Device2_C2D4_c5_1111.csv,42357,f72f591c6a041114908125f8449ff1a441b5a8a5f777b56431799f0311626d4e
01,Device3,C4D1,1,0000,01_恒定mask_50条_Note6标定用\Device3_C4D1_c1_0000.csv,41511,3633f8e6623723c44d9bc419488eee6ed1f808decad7a40eec5d7a5387d18324
01,Device3,C4D1,1,1111,01_恒定mask_50条_Note6标定用\Device3_C4D1_c1_1111.csv,41614,1945b45650a39c953691551c066a5ac269d5df5422c92288cd2c8fb08b21de58
01,Device3,C4D1,2,0000,01_恒定mask_50条_Note6标定用\Device3_C4D1_c2_0000.csv,41508,c4d610449a71d183a16a063cd3204abf5e5fd4f169b57e106d1378b94aae77fa
01,Device3,C4D1,2,1111,01_恒定mask_50条_Note6标定用\Device3_C4D1_c2_1111.csv,41615,b4f8fda32e63303f94e5c6e12e85668f552b11d046d37c7c09d3ad93ebfe3210
01,Device3,C4D1,3,0000,01_恒定mask_50条_Note6标定用\Device3_C4D1_c3_0000.csv,41503,c13b34f121893c632222ef3914aa2c2ed8939a1984a916646498cddc7482059f
01,Device3,C4D1,3,1111,01_恒定mask_50条_Note6标定用\Device3_C4D1_c3_1111.csv,41616,472ee9dc1f722d47bbdff65d8ed4617924c2f80605616f67d23116706de323c9
01,Device3,C4D1,4,0000,01_恒定mask_50条_Note6标定用\Device3_C4D1_c4_0000.csv,41514,b22cdde9d0d143e6495205d1bfc207485c41030a80e45977f427829708429816
01,Device3,C4D1,4,1111,01_恒定mask_50条_Note6标定用\Device3_C4D1_c4_1111.csv,41615,90e4685552e7dc010f991ada65cca2cf7a6189bceb9d499af0814dcf4b5deeda
01,Device3,C4D1,5,0000,01_恒定mask_50条_Note6标定用\Device3_C4D1_c5_0000.csv,41516,6daf8779ac660b08d8be0be75db02c37dde7529214ea6c331781067cac7b897a
01,Device3,C4D1,5,1111,01_恒定mask_50条_Note6标定用\Device3_C4D1_c5_1111.csv,41615,76f08f5cc7ee18fa6a1f391afd1149b0059392c7c34bb5b9bb22417250fb7dbe
01,Device4,C4D3,1,0000,01_恒定mask_50条_Note6标定用\Device4_C4D3_c1_0000.csv,41408,0c6f926106055aee3fed2df74e5de6f30975e73d951dde450a3461e5a723d6c4
01,Device4,C4D3,1,1111,01_恒定mask_50条_Note6标定用\Device4_C4D3_c1_1111.csv,41599,2ec9dc5ffeeff159c4e8bb1c6f7bbcbba976ea6c9718eb9dc378174bc0eb2ba7
01,Device4,C4D3,2,0000,01_恒定mask_50条_Note6标定用\Device4_C4D3_c2_0000.csv,41409,d9b9d7f0b77bb65429c39911294110491c725b39c7013bdea2a9d1d7ee5b9850
01,Device4,C4D3,2,1111,01_恒定mask_50条_Note6标定用\Device4_C4D3_c2_1111.csv,41600,f5c7ba87e6233ef52c6083c7ff416d6597d42cdc02c5291c21b68d888a6d954a
01,Device4,C4D3,3,0000,01_恒定mask_50条_Note6标定用\Device4_C4D3_c3_0000.csv,41407,941355ab55d5b92f19d1f69b7a7864673790557a0e06814be2eccde11f508604
01,Device4,C4D3,3,1111,01_恒定mask_50条_Note6标定用\Device4_C4D3_c3_1111.csv,41600,48a7b2aeafcf9e4e6ecb34e7dc53b0919f477b5e856bc44c040e51db779bfdde
01,Device4,C4D3,4,0000,01_恒定mask_50条_Note6标定用\Device4_C4D3_c4_0000.csv,41408,1bc6b01ea7632b36c01a87e7fc76bab14be3e1fa1a8444b7ff963cf14bd429fc
01,Device4,C4D3,4,1111,01_恒定mask_50条_Note6标定用\Device4_C4D3_c4_1111.csv,41600,238068d219178943d4d751b851be6b397dbe97edbc48f1195cec486fe5a614e5
01,Device4,C4D3,5,0000,01_恒定mask_50条_Note6标定用\Device4_C4D3_c5_0000.csv,41411,2d44d3d127a156ec43bdff58135b99d95dd70410993f00f4a22a19cfe77ddd62
01,Device4,C4D3,5,1111,01_恒定mask_50条_Note6标定用\Device4_C4D3_c5_1111.csv,41600,5695f5652c963f978a6f482c15f595d8d4dc5c6127fe728a43ca2117c4dbea9f
01,Device5,C4D4,1,0000,01_恒定mask_50条_Note6标定用\Device5_C4D4_c1_0000.csv,41472,1b83b6f09b9fe43ebeac7862297297981aaf84bdb6c103295a43186baf981341
01,Device5,C4D4,1,1111,01_恒定mask_50条_Note6标定用\Device5_C4D4_c1_1111.csv,41600,04968defb032fb055cbde174e0e18e09ee2ecb6f921e1dad928331737c4afa9d
01,Device5,C4D4,2,0000,01_恒定mask_50条_Note6标定用\Device5_C4D4_c2_0000.csv,41466,45da075154f7cc83a450ad1d757bc0a2e1e8fc4fdc26a62a3ae86f2ee68c1486
01,Device5,C4D4,2,1111,01_恒定mask_50条_Note6标定用\Device5_C4D4_c2_1111.csv,41600,c692296ae1c2804c29f5239d23dc310472bac75a2cbc09e9e14706a90f61ce9f
01,Device5,C4D4,3,0000,01_恒定mask_50条_Note6标定用\Device5_C4D4_c3_0000.csv,41471,4dd10d5d97710562f442d3f6a47784a860b0320abc0c9f7986fe7d7d2fc27792
01,Device5,C4D4,3,1111,01_恒定mask_50条_Note6标定用\Device5_C4D4_c3_1111.csv,41600,be1062205be7c02b6ce83a6363580499ee21b5d161c8cc38b1b4f9b162c86a65
01,Device5,C4D4,4,0000,01_恒定mask_50条_Note6标定用\Device5_C4D4_c4_0000.csv,41471,68ad5b92f2c190fc8576383ce20dbcc2f00b6bfd27a21cd2450586b04eef77ac
01,Device5,C4D4,4,1111,01_恒定mask_50条_Note6标定用\Device5_C4D4_c4_1111.csv,41600,4768d4a642a60b31a1321d748f63c181d98c3a982bf45c5b42727c38c59cf985
01,Device5,C4D4,5,0000,01_恒定mask_50条_Note6标定用\Device5_C4D4_c5_0000.csv,41466,ff168e9b9fd454860bf1d18ae71fbce53d7afc919403e3cb906941851d0ce01c
01,Device5,C4D4,5,1111,01_恒定mask_50条_Note6标定用\Device5_C4D4_c5_1111.csv,41600,b2fb699ed1b3538c84366e8b6792a70683ada482cec4dd99d5184f4459d1dfaf
02,Device1,C2D1,1,0000,02_五器件_全部16种mask_400条\2026-09-20-18-41-r1-C2D1-16t\400\0000\1111\1111.csv,41544,3c582d2766e183165669232b3439c22657a64cc0d3ead54afa30b356ac5c51e0
02,Device1,C2D1,1,0001,02_五器件_全部16种mask_400条\2026-09-20-18-41-r1-C2D1-16t\400\0001\1111\1111.csv,41923,12283db5971e2850ef07a7969feb8c34d6c12a2881c083150be0f85e7bae8695
02,Device1,C2D1,1,0010,02_五器件_全部16种mask_400条\2026-09-20-18-41-r1-C2D1-16t\400\0010\1111\1111.csv,41420,8810eed0b67d47afcc858bfd49aa36ff84fde6398aff8418d465430aeb357287
02,Device1,C2D1,1,0011,02_五器件_全部16种mask_400条\2026-09-20-18-41-r1-C2D1-16t\400\0011\1111\1111.csv,41935,dd004b4df7f857749c1bf9de2f698d890a912ead627f4afed9af65716e2b7acd
02,Device1,C2D1,1,0100,02_五器件_全部16种mask_400条\2026-09-20-18-41-r1-C2D1-16t\400\0100\1111\1111.csv,41465,cae88b015742dab853a47349b11cc3308ed0042b6cb1d50e87c6c592adfedb23
02,Device1,C2D1,1,0101,02_五器件_全部16种mask_400条\2026-09-20-18-41-r1-C2D1-16t\400\0101\1111\1111.csv,41916,b4721ea5358bd42b34a6e12e893d80dd9345988ec60ebb96d6d195e90165bb18
02,Device1,C2D1,1,0110,02_五器件_全部16种mask_400条\2026-09-20-18-41-r1-C2D1-16t\400\0110\1111\1111.csv,41335,309b96f1f6553d6e71c4d7cfd196d2fa306b244eefa0eb43fe31adb8f2293650
02,Device1,C2D1,1,0111,02_五器件_全部16种mask_400条\2026-09-20-18-41-r1-C2D1-16t\400\0111\1111\1111.csv,41614,90063ad1b9c3cfa60df5eb3a347d260dc5a2eb765f3e176f8e7464caaabc51a0
02,Device1,C2D1,1,1000,02_五器件_全部16种mask_400条\2026-09-20-18-41-r1-C2D1-16t\400\1000\1111\1111.csv,41520,ffc5b5a085160a83cd1309e1cab872e540148b11dc5e8c2486bc66d263cae087
02,Device1,C2D1,1,1001,02_五器件_全部16种mask_400条\2026-09-20-18-41-r1-C2D1-16t\400\1001\1111\1111.csv,41937,f34cbce4e642beaf6a3dd0a1fd43d7786b1e83b4eb57e7178d2c9ceffae40a49
02,Device1,C2D1,1,1010,02_五器件_全部16种mask_400条\2026-09-20-18-41-r1-C2D1-16t\400\1010\1111\1111.csv,41362,fd75e4136f49c619abbda726934ef0df6877bfe0f3dc3e8d0f3d501efd4ea680
02,Device1,C2D1,1,1011,02_五器件_全部16种mask_400条\2026-09-20-18-41-r1-C2D1-16t\400\1011\1111\1111.csv,41632,21502f5ab4f4a2e4ba7a318e267ac54d2219588ce87af87739f394962b9ef0b4
02,Device1,C2D1,1,1100,02_五器件_全部16种mask_400条\2026-09-20-18-41-r1-C2D1-16t\400\1100\1111\1111.csv,41424,5601a4ab6ff75dd3dea48c448c97b8f4eaf4fe6cd2b50ddc0b22b5057e6154e2
02,Device1,C2D1,1,1101,02_五器件_全部16种mask_400条\2026-09-20-18-41-r1-C2D1-16t\400\1101\1111\1111.csv,41795,ba27abbb8f21e089b991b929100d140c8eb07c6282a4ae248be2c8013e8bb62d
02,Device1,C2D1,1,1110,02_五器件_全部16种mask_400条\2026-09-20-18-41-r1-C2D1-16t\400\1110\1111\1111.csv,41325,a7aa240197397ea58cc57be5b6949909a290c4e70877a941fc7605146a3c0325
02,Device1,C2D1,1,1111,02_五器件_全部16种mask_400条\2026-09-20-18-41-r1-C2D1-16t\400\1111\1111\1111.csv,41620,0fac249576ee39db3c620390eee024a36fe32fb557e7d60e0b66acc6922930c4
02,Device1,C2D1,2,0000,02_五器件_全部16种mask_400条\2026-09-20-18-59-r2-C2D1-16t\400\0000\1111\1111.csv,41542,3b8c1f8c65b6737c2b403d34b994ba624c28d835cd6f7fb769c518e6dfebf2a7
02,Device1,C2D1,2,0001,02_五器件_全部16种mask_400条\2026-09-20-18-59-r2-C2D1-16t\400\0001\1111\1111.csv,41923,ef93ba3f0db30d7641c5864d95ebe8bd5f3745800668db020de74a701a5d036c
02,Device1,C2D1,2,0010,02_五器件_全部16种mask_400条\2026-09-20-18-59-r2-C2D1-16t\400\0010\1111\1111.csv,41447,59e0e9b2c8880febe6315591f5b986f0d17278089217049a47d932bf35ffcc3a
02,Device1,C2D1,2,0011,02_五器件_全部16种mask_400条\2026-09-20-18-59-r2-C2D1-16t\400\0011\1111\1111.csv,41928,6443c84ed79c79f5ac367544229b509c78e0af9b6dff4a756b0b4dbd82405c73
02,Device1,C2D1,2,0100,02_五器件_全部16种mask_400条\2026-09-20-18-59-r2-C2D1-16t\400\0100\1111\1111.csv,41483,8f41bc2345ad8b62413c3fe65c7ccbbd99ad145e6a228e79185f5594cd1f8aca
02,Device1,C2D1,2,0101,02_五器件_全部16种mask_400条\2026-09-20-18-59-r2-C2D1-16t\400\0101\1111\1111.csv,41917,6825bf50bd3b5ed045641c9a01b193aa299b7a2cfe78869bcfd090d5ccba9cde
02,Device1,C2D1,2,0110,02_五器件_全部16种mask_400条\2026-09-20-18-59-r2-C2D1-16t\400\0110\1111\1111.csv,41343,3de2c662c3ce74eb9f4a6c47c89e4e71df328fc7eac9abdcd76ddef4ca38ba1b
02,Device1,C2D1,2,0111,02_五器件_全部16种mask_400条\2026-09-20-18-59-r2-C2D1-16t\400\0111\1111\1111.csv,41612,c0efe653876887db6386b3c99d4a90fe017b2cab1f202a8fb46e268506caea14
02,Device1,C2D1,2,1000,02_五器件_全部16种mask_400条\2026-09-20-18-59-r2-C2D1-16t\400\1000\1111\1111.csv,41527,eccd0bb7c2985f230ed0d81c54c8ad22fd96d7ad4baf2dca4e06bff69ae85fd3
02,Device1,C2D1,2,1001,02_五器件_全部16种mask_400条\2026-09-20-18-59-r2-C2D1-16t\400\1001\1111\1111.csv,41949,e94e621388c4b0f2dff46c0cc44192be9f933a4b633324f721748f14988c93b6
02,Device1,C2D1,2,1010,02_五器件_全部16种mask_400条\2026-09-20-18-59-r2-C2D1-16t\400\1010\1111\1111.csv,41375,bef270ba516164c08a27f2e240570e757658428ff9dfcb0e5d94ade62e4518a1
02,Device1,C2D1,2,1011,02_五器件_全部16种mask_400条\2026-09-20-18-59-r2-C2D1-16t\400\1011\1111\1111.csv,41630,7c8d299c68fafa0235cb8c75fb5abb354d7d2821b793102e8cecd6b891d9fa9a
02,Device1,C2D1,2,1100,02_五器件_全部16种mask_400条\2026-09-20-18-59-r2-C2D1-16t\400\1100\1111\1111.csv,41433,cedbd37caf7be2caed1fc123cf9a9fc1e80adde7d245125f844d2dc5e9073f7a
02,Device1,C2D1,2,1101,02_五器件_全部16种mask_400条\2026-09-20-18-59-r2-C2D1-16t\400\1101\1111\1111.csv,41639,a1da8c55bfd46cd5f83f94908a498b9cd4d9318fb20ad6a311fe821986899407
02,Device1,C2D1,2,1110,02_五器件_全部16种mask_400条\2026-09-20-18-59-r2-C2D1-16t\400\1110\1111\1111.csv,41320,98136994d818f168a5c783bf1d9f8f4fb8a49dc8f7fa12720828037be4cfbaf2
02,Device1,C2D1,2,1111,02_五器件_全部16种mask_400条\2026-09-20-18-59-r2-C2D1-16t\400\1111\1111\1111.csv,41624,e59dc8f25a12538fb452d27a56059bf56dfc366a8cbe49bce0ca4e4f4f9079f7
02,Device1,C2D1,3,0000,02_五器件_全部16种mask_400条\2026-09-20-19-17-r3-C2D1-16t\400\0000\1111\1111.csv,41544,ce7562419f1225fa2a061eae3bd72d583dafedd3b135cd8e84e1e9670b212757
02,Device1,C2D1,3,0001,02_五器件_全部16种mask_400条\2026-09-20-19-17-r3-C2D1-16t\400\0001\1111\1111.csv,41925,2ca5d660fa6cc39ea7fd3b3893976b3e5d195cb7340303ffb0aa311311ddf134
02,Device1,C2D1,3,0010,02_五器件_全部16种mask_400条\2026-09-20-19-17-r3-C2D1-16t\400\0010\1111\1111.csv,41449,56e31151eba64da2fb17645647d87dd06c383319a68d2ade358840baf30d095e
02,Device1,C2D1,3,0011,02_五器件_全部16种mask_400条\2026-09-20-19-17-r3-C2D1-16t\400\0011\1111\1111.csv,41931,2a3f2edf7cccedbb29697a8de9f15295c0b8a8068adae90bb76e3a230cc17673
02,Device1,C2D1,3,0100,02_五器件_全部16种mask_400条\2026-09-20-19-17-r3-C2D1-16t\400\0100\1111\1111.csv,41477,9116ea19731312f7940e17aa43624a782493a35b2062b4351b7eb1dd0af8e043
02,Device1,C2D1,3,0101,02_五器件_全部16种mask_400条\2026-09-20-19-17-r3-C2D1-16t\400\0101\1111\1111.csv,41921,09251f19795ba3b4ca7d1f9c7074e4f92b9924d1d28b38897f8ba449447b2d4e
02,Device1,C2D1,3,0110,02_五器件_全部16种mask_400条\2026-09-20-19-17-r3-C2D1-16t\400\0110\1111\1111.csv,41351,e73f0ce0fcbd9809d6f37d41d45c05817aa703fab5b884b2bb6ba7ab66372550
02,Device1,C2D1,3,0111,02_五器件_全部16种mask_400条\2026-09-20-19-17-r3-C2D1-16t\400\0111\1111\1111.csv,41609,ae4ef919d634831f7199238265b79f9744700d484efd08b869fff189902f6c94
02,Device1,C2D1,3,1000,02_五器件_全部16种mask_400条\2026-09-20-19-17-r3-C2D1-16t\400\1000\1111\1111.csv,41527,3aea90106a17041cfc911e837584957ea2911282f41bfc813f7f12b43dd3c7f5
02,Device1,C2D1,3,1001,02_五器件_全部16种mask_400条\2026-09-20-19-17-r3-C2D1-16t\400\1001\1111\1111.csv,41943,0f4405a96084d8e4eaa85ff6565b3fde9dbe931fc71f8a24a99ecc357e3ed53c
02,Device1,C2D1,3,1010,02_五器件_全部16种mask_400条\2026-09-20-19-17-r3-C2D1-16t\400\1010\1111\1111.csv,41376,3eb6fb4110a4e5e82c94306bc6f77919c466efe75d5a4220dd49fb2c2a07a023
02,Device1,C2D1,3,1011,02_五器件_全部16种mask_400条\2026-09-20-19-17-r3-C2D1-16t\400\1011\1111\1111.csv,41629,de377db0224a821257124f56dcf4b5bb4d03a3d3cad03b1f6849e30c90f9c7d7
02,Device1,C2D1,3,1100,02_五器件_全部16种mask_400条\2026-09-20-19-17-r3-C2D1-16t\400\1100\1111\1111.csv,41432,0fc993912d003bfed46b68114b7b8fac402f36759870aa363ae37ab97d3d48e4
02,Device1,C2D1,3,1101,02_五器件_全部16种mask_400条\2026-09-20-19-17-r3-C2D1-16t\400\1101\1111\1111.csv,41745,e4514152c70e6f6ff61524343cfb6d443e38e04f6150aa18c9a434d965692b3b
02,Device1,C2D1,3,1110,02_五器件_全部16种mask_400条\2026-09-20-19-17-r3-C2D1-16t\400\1110\1111\1111.csv,41324,ff6790f89d5651e22e891e85b74c0fdee1551a8e5f731e1614754ea864882e6d
02,Device1,C2D1,3,1111,02_五器件_全部16种mask_400条\2026-09-20-19-17-r3-C2D1-16t\400\1111\1111\1111.csv,41622,bb619007e84906bedc3c12cbfae241fc371886a96778328ca49e0a207d69fe75
02,Device1,C2D1,4,0000,02_五器件_全部16种mask_400条\2026-09-20-19-35-r4-C2D1-16t\400\0000\1111\1111.csv,41541,42db08fc0f3fe9da19c5fb23cd8ddd6747dff229d10b571a6a7f7abf7cd4475d
02,Device1,C2D1,4,0001,02_五器件_全部16种mask_400条\2026-09-20-19-35-r4-C2D1-16t\400\0001\1111\1111.csv,41927,1b9ddcf687b58b0cf1d7983e9a0c20bfcd033aa22e674dd3013ef72da55d8c9c
02,Device1,C2D1,4,0010,02_五器件_全部16种mask_400条\2026-09-20-19-35-r4-C2D1-16t\400\0010\1111\1111.csv,41446,4bc8c0d6505ea24d4fbdfaf2632c1426e3ebee401e4876bb590f9194a9d92679
02,Device1,C2D1,4,0011,02_五器件_全部16种mask_400条\2026-09-20-19-35-r4-C2D1-16t\400\0011\1111\1111.csv,41938,49be648eaec7c7a2eb59337af76846cd567602c10823fe093a4025a85b4fd9c3
02,Device1,C2D1,4,0100,02_五器件_全部16种mask_400条\2026-09-20-19-35-r4-C2D1-16t\400\0100\1111\1111.csv,41484,11cbab17b3367e7d0dee7a19e6036ba2ce28c8ca4757ccebfcf7201c1a3ac662
02,Device1,C2D1,4,0101,02_五器件_全部16种mask_400条\2026-09-20-19-35-r4-C2D1-16t\400\0101\1111\1111.csv,41920,566eadc3909a9710e33e70486dc9031661cfd22cb14892d183822ee18fb49507
02,Device1,C2D1,4,0110,02_五器件_全部16种mask_400条\2026-09-20-19-35-r4-C2D1-16t\400\0110\1111\1111.csv,41344,28c9a87fafd4e9d86f20d4547cb78b18f3157e8e03fda30fed4652bdffb79664
02,Device1,C2D1,4,0111,02_五器件_全部16种mask_400条\2026-09-20-19-35-r4-C2D1-16t\400\0111\1111\1111.csv,41614,2ff839a64ae55a932df24fdeb7b6900bc23331ef596885a1ae8cef5dbc9f84fb
02,Device1,C2D1,4,1000,02_五器件_全部16种mask_400条\2026-09-20-19-35-r4-C2D1-16t\400\1000\1111\1111.csv,41534,4deb2e45e8adef8db777f9667fc47d5e16c6f3d815ab08a68441e0d8ae14b3a1
02,Device1,C2D1,4,1001,02_五器件_全部16种mask_400条\2026-09-20-19-35-r4-C2D1-16t\400\1001\1111\1111.csv,41951,520db34fd3a48d33bf7493f463c45c263691bce05ccf2e52f53e4e8050f6e1b2
02,Device1,C2D1,4,1010,02_五器件_全部16种mask_400条\2026-09-20-19-35-r4-C2D1-16t\400\1010\1111\1111.csv,41384,f96d16cedee7e225a2525d06e80cfb5627cc74c12bf3a9c7bdc421e9709435c5
02,Device1,C2D1,4,1011,02_五器件_全部16种mask_400条\2026-09-20-19-35-r4-C2D1-16t\400\1011\1111\1111.csv,41628,18459396ffca04711409e5bdfeb66aea25803ae59ffa8675abda07d6398e0686
02,Device1,C2D1,4,1100,02_五器件_全部16种mask_400条\2026-09-20-19-35-r4-C2D1-16t\400\1100\1111\1111.csv,41445,6092f48f4b0669e63385cd8e54cd8fd45d13283e5add48ee811d3747a9746f88
02,Device1,C2D1,4,1101,02_五器件_全部16种mask_400条\2026-09-20-19-35-r4-C2D1-16t\400\1101\1111\1111.csv,41741,adcc380b870b8a54af61df21067d995593707c7fdd511d5eb72257a0178bbb1d
02,Device1,C2D1,4,1110,02_五器件_全部16种mask_400条\2026-09-20-19-35-r4-C2D1-16t\400\1110\1111\1111.csv,41324,14d453187127e008e625cca7d2c72bc941e17cd834c9b51ccf5f19334894b4d6
02,Device1,C2D1,4,1111,02_五器件_全部16种mask_400条\2026-09-20-19-35-r4-C2D1-16t\400\1111\1111\1111.csv,41623,8fb3bac20cab3b15c63c614e2443b30e6c30307a02d6f5687063248db04906e8
02,Device1,C2D1,5,0000,02_五器件_全部16种mask_400条\2026-09-20-19-53-r5-C2D1-16t\400\0000\1111\1111.csv,41540,2e03d4c027277a45472a8a52291bc960d8c0b040666cb1db4a3d0379e55c087e
02,Device1,C2D1,5,0001,02_五器件_全部16种mask_400条\2026-09-20-19-53-r5-C2D1-16t\400\0001\1111\1111.csv,41925,9d8aec5dbdfc2d1663cf7fd98833f98763e8426ef9cc849270b64476425ee802
02,Device1,C2D1,5,0010,02_五器件_全部16种mask_400条\2026-09-20-19-53-r5-C2D1-16t\400\0010\1111\1111.csv,41437,364d9f9df529f38ab9e61340b69ba37e49e0a00ccd0ee5464f813efce6b35789
02,Device1,C2D1,5,0011,02_五器件_全部16种mask_400条\2026-09-20-19-53-r5-C2D1-16t\400\0011\1111\1111.csv,41936,496a8798811404cded3acf5b416b066a88dd4a929a3a919ee83bf687361df4af
02,Device1,C2D1,5,0100,02_五器件_全部16种mask_400条\2026-09-20-19-53-r5-C2D1-16t\400\0100\1111\1111.csv,41478,c47d6448f5c0eaa20703be395b34332e466edc69b0631320d18fac9bd9078364
02,Device1,C2D1,5,0101,02_五器件_全部16种mask_400条\2026-09-20-19-53-r5-C2D1-16t\400\0101\1111\1111.csv,41922,ceff9453945276b3fdd1cc4b92b6f5c666e19fb7ceb6350fa67c98945190a6cf
02,Device1,C2D1,5,0110,02_五器件_全部16种mask_400条\2026-09-20-19-53-r5-C2D1-16t\400\0110\1111\1111.csv,41377,fe4738719553985e4bf81e51e29069e59ffc21946e32d5e12570c1e6d49161f6
02,Device1,C2D1,5,0111,02_五器件_全部16种mask_400条\2026-09-20-19-53-r5-C2D1-16t\400\0111\1111\1111.csv,41618,63cfcb261be4c7079ebf8e105d17549b90eb2f2043263a2f1cb228bff855753b
02,Device1,C2D1,5,1000,02_五器件_全部16种mask_400条\2026-09-20-19-53-r5-C2D1-16t\400\1000\1111\1111.csv,41523,138ace12f8bb04fcecddf0c6f2f172625ad94a0b83ed1ed89a12d09856582b47
02,Device1,C2D1,5,1001,02_五器件_全部16种mask_400条\2026-09-20-19-53-r5-C2D1-16t\400\1001\1111\1111.csv,41946,ed4a0805ab3247931c60abf349dace61ef7ffd602267fda575202b645c4f2487
02,Device1,C2D1,5,1010,02_五器件_全部16种mask_400条\2026-09-20-19-53-r5-C2D1-16t\400\1010\1111\1111.csv,41372,2076984d2516f53467b60d5f1a3b9dfa4bab28bfe522880a14882ddc788d6bb7
02,Device1,C2D1,5,1011,02_五器件_全部16种mask_400条\2026-09-20-19-53-r5-C2D1-16t\400\1011\1111\1111.csv,41632,ea71a6d63a9c03a39cb75d689e9e2d8d55ad004ec2377d15ad43890edbf84cbc
02,Device1,C2D1,5,1100,02_五器件_全部16种mask_400条\2026-09-20-19-53-r5-C2D1-16t\400\1100\1111\1111.csv,41439,0576d201ebfeb62700a24977fe1c449c2e149c5c8e4d37b1bc4d8b27321db640
02,Device1,C2D1,5,1101,02_五器件_全部16种mask_400条\2026-09-20-19-53-r5-C2D1-16t\400\1101\1111\1111.csv,41884,bc3fa68c09e9d73d13c9ccb9401e6ed9fed6fa1217c80f5a09d83192158922ae
02,Device1,C2D1,5,1110,02_五器件_全部16种mask_400条\2026-09-20-19-53-r5-C2D1-16t\400\1110\1111\1111.csv,41333,84def377a7017b8ee7f037f5e72d79fea396cf38d541d24134d8e1e7c5a954bb
02,Device1,C2D1,5,1111,02_五器件_全部16种mask_400条\2026-09-20-19-53-r5-C2D1-16t\400\1111\1111\1111.csv,41624,9039a47ee960a5a669bcd2177163e5ce1ef4414c246016bf717f9a6bb361cf44
02,Device2,C2D4,1,0000,02_五器件_全部16种mask_400条\2026-09-20-22-53-r1-C2D4-16t\400\0000\1111\1111.csv,42350,17df851e3632ce9488c27da970d8f48120c9da3d85a93b56e9d77d816a216de6
02,Device2,C2D4,1,0001,02_五器件_全部16种mask_400条\2026-09-20-22-53-r1-C2D4-16t\400\0001\1111\1111.csv,41896,403711f10a9ab6b10c7f17c61338b6e6dd0d72be79b1db94c7f3d1b185747d3a
02,Device2,C2D4,1,0010,02_五器件_全部16种mask_400条\2026-09-20-22-53-r1-C2D4-16t\400\0010\1111\1111.csv,41937,291cd6290070d8b7daf0a379dc25d494245fd3a94ef993d457f1b5c61f72f337
02,Device2,C2D4,1,0011,02_五器件_全部16种mask_400条\2026-09-20-22-53-r1-C2D4-16t\400\0011\1111\1111.csv,42382,a0d01f02522be614432fe08c63602ffa2b075042d1381842c55fbe52b5195e84
02,Device2,C2D4,1,0100,02_五器件_全部16种mask_400条\2026-09-20-22-53-r1-C2D4-16t\400\0100\1111\1111.csv,41883,816cc9e58ad8e5aeb91e73e576e86a4206c65f52b42d4195da1c23b695ccacdb
02,Device2,C2D4,1,0101,02_五器件_全部16种mask_400条\2026-09-20-22-53-r1-C2D4-16t\400\0101\1111\1111.csv,42410,9a27d35cbeb60a0a25a7cb2d3d0bd2758b56229e575fccd9a9b118a57c64387d
02,Device2,C2D4,1,0110,02_五器件_全部16种mask_400条\2026-09-20-22-53-r1-C2D4-16t\400\0110\1111\1111.csv,41894,29338083cc1dc619e8d0587fd27b107cba44dca2ceb355cafb17df440a4a1ff3
02,Device2,C2D4,1,0111,02_五器件_全部16种mask_400条\2026-09-20-22-53-r1-C2D4-16t\400\0111\1111\1111.csv,42333,c69e5a58a1efd974bc48b5f0acd516f97e92310f7169b05e946220206c1fa89b
02,Device2,C2D4,1,1000,02_五器件_全部16种mask_400条\2026-09-20-22-53-r1-C2D4-16t\400\1000\1111\1111.csv,41976,3a7fc1678e77686b64232d4fc6c25c20c681d2720997003d4ba4d4b046c153c4
02,Device2,C2D4,1,1001,02_五器件_全部16种mask_400条\2026-09-20-22-53-r1-C2D4-16t\400\1001\1111\1111.csv,42408,ae14642c4492241fded985066c42f6be172edc60dbecd6f2afb7481c0f287a0e
02,Device2,C2D4,1,1010,02_五器件_全部16种mask_400条\2026-09-20-22-53-r1-C2D4-16t\400\1010\1111\1111.csv,42072,7ec309cf7c41059204c379bdbd6044b91bec53548308b7c4c2149e1901e87f1e
02,Device2,C2D4,1,1011,02_五器件_全部16种mask_400条\2026-09-20-22-53-r1-C2D4-16t\400\1011\1111\1111.csv,42344,cfc43957ddce29e25bc663a6eb5bffee86453d4e791dcadb84e34683ba374cab
02,Device2,C2D4,1,1100,02_五器件_全部16种mask_400条\2026-09-20-22-53-r1-C2D4-16t\400\1100\1111\1111.csv,41989,4261cb5056bb6fe73307b31b10fd72d6b60b29870abd8fdc8108898f8d5580de
02,Device2,C2D4,1,1101,02_五器件_全部16种mask_400条\2026-09-20-22-53-r1-C2D4-16t\400\1101\1111\1111.csv,42337,7c04cc67eaa003909df65b12dda2452050b0b422a3ceffab30f52bba046d9af9
02,Device2,C2D4,1,1110,02_五器件_全部16种mask_400条\2026-09-20-22-53-r1-C2D4-16t\400\1110\1111\1111.csv,41959,cfa15a94e374832efcf68460996069e6da3066b565686e4c91bb6239666e3a38
02,Device2,C2D4,1,1111,02_五器件_全部16种mask_400条\2026-09-20-22-53-r1-C2D4-16t\400\1111\1111\1111.csv,42049,d46f254b942e832f3a618d9d07e8dfc6dd6975e1a1c7eb2a05596e2f73375355
02,Device2,C2D4,2,0000,02_五器件_全部16种mask_400条\2026-09-20-23-06-r2-C2D4-16t\400\0000\1111\1111.csv,42350,38386c136fd431b634e74c991af9c7f7191ea323f229da6308d54c1a61d0fd2f
02,Device2,C2D4,2,0001,02_五器件_全部16种mask_400条\2026-09-20-23-06-r2-C2D4-16t\400\0001\1111\1111.csv,42049,a899044ab2365cb3770cb50e0d2ecec2ac35e476d17537cad576d74f70be644c
02,Device2,C2D4,2,0010,02_五器件_全部16种mask_400条\2026-09-20-23-06-r2-C2D4-16t\400\0010\1111\1111.csv,42089,e41ea5a0068928f7fed8a8eb1c7a1be928023dbcec7e8e0cc0d27b9f3da50865
02,Device2,C2D4,2,0011,02_五器件_全部16种mask_400条\2026-09-20-23-06-r2-C2D4-16t\400\0011\1111\1111.csv,42382,0d62d2f1ad13c10555e8760d31858b6d8e54d95fecfbd02a95ba488128a4c4e2
02,Device2,C2D4,2,0100,02_五器件_全部16种mask_400条\2026-09-20-23-06-r2-C2D4-16t\400\0100\1111\1111.csv,42061,cff8d5e6e519341f7535e37f6dbf82d310ee7442eac5ba28af16a009da7163bc
02,Device2,C2D4,2,0101,02_五器件_全部16种mask_400条\2026-09-20-23-06-r2-C2D4-16t\400\0101\1111\1111.csv,42403,1a98dd86562855d1f3536df95644aa625d496d9a1a08fad74572a487d63be6a2
02,Device2,C2D4,2,0110,02_五器件_全部16种mask_400条\2026-09-20-23-06-r2-C2D4-16t\400\0110\1111\1111.csv,42052,397a0e337f443bb53f0eaabe600a01868349c8de8aa4bd7d7e0dcf53a2698f3d
02,Device2,C2D4,2,0111,02_五器件_全部16种mask_400条\2026-09-20-23-06-r2-C2D4-16t\400\0111\1111\1111.csv,42333,a3c68d24f922e6f9e8b5a8f85690dda9dc73b98f57bdac458b61a3c457e5d3fa
02,Device2,C2D4,2,1000,02_五器件_全部16种mask_400条\2026-09-20-23-06-r2-C2D4-16t\400\1000\1111\1111.csv,41953,40cddcd8dfb3b5cdeea993f6bf3a5173286a6be9221d0c16b35ac7a8e92ef166
02,Device2,C2D4,2,1001,02_五器件_全部16种mask_400条\2026-09-20-23-06-r2-C2D4-16t\400\1001\1111\1111.csv,42381,4af648abecad4cf5e6db7cc1ca6da5a06990416cfb2455ffe56abf408d429a37
02,Device2,C2D4,2,1010,02_五器件_全部16种mask_400条\2026-09-20-23-06-r2-C2D4-16t\400\1010\1111\1111.csv,42050,c31e2c98c54629a21b34b0cae1bbba3bb93eb246035f4c9e575a77d7f786e8db
02,Device2,C2D4,2,1011,02_五器件_全部16种mask_400条\2026-09-20-23-06-r2-C2D4-16t\400\1011\1111\1111.csv,42346,aa8a160442e4cea1b0c3536762f573c33b2b677037a34975e3d94bda574058a5
02,Device2,C2D4,2,1100,02_五器件_全部16种mask_400条\2026-09-20-23-06-r2-C2D4-16t\400\1100\1111\1111.csv,41939,7f9e126d9def36f4f15a75f50c0f38216107577093142fe1d24b763f2a6e6b25
02,Device2,C2D4,2,1101,02_五器件_全部16种mask_400条\2026-09-20-23-06-r2-C2D4-16t\400\1101\1111\1111.csv,42336,c8efb5193b419dc9c4ddcfaee5da86111b428302f2d0ce81cc9c8ed2859905c6
02,Device2,C2D4,2,1110,02_五器件_全部16种mask_400条\2026-09-20-23-06-r2-C2D4-16t\400\1110\1111\1111.csv,41943,3acbdae35eb8bdc33877285314c03d492a6e6dea2648a5c1779767618ccf664e
02,Device2,C2D4,2,1111,02_五器件_全部16种mask_400条\2026-09-20-23-06-r2-C2D4-16t\400\1111\1111\1111.csv,42356,b1c0a772e433a2a00c80083746d64886ca51f524bec8b2bf6b98981af90907a8
02,Device2,C2D4,3,0000,02_五器件_全部16种mask_400条\2026-09-20-23-19-r3-C2D4-16t\400\0000\1111\1111.csv,42350,6886fa1fc0cea71fa7f5ec15813c16555a6e008ef04714189e8071a51b36b4f9
02,Device2,C2D4,3,0001,02_五器件_全部16种mask_400条\2026-09-20-23-19-r3-C2D4-16t\400\0001\1111\1111.csv,42043,1c899058b799968cb7419a8b0a96e65cf41d33df2c5b4aa3d3b5d923235e2495
02,Device2,C2D4,3,0010,02_五器件_全部16种mask_400条\2026-09-20-23-19-r3-C2D4-16t\400\0010\1111\1111.csv,42078,a1b29f90233904358f593257cc58a7aff8e0ad7988fdfd1f816b13d95cf880e5
02,Device2,C2D4,3,0011,02_五器件_全部16种mask_400条\2026-09-20-23-19-r3-C2D4-16t\400\0011\1111\1111.csv,42376,ec57cccbff46576f41bf015ba98c7f3c299110510d85a0f65765254e5249c4b1
02,Device2,C2D4,3,0100,02_五器件_全部16种mask_400条\2026-09-20-23-19-r3-C2D4-16t\400\0100\1111\1111.csv,42070,7abc5c2a5ce1ed610efd708cf65dfa4868e2bcbec157bd6b3d5cb6842c695ae2
02,Device2,C2D4,3,0101,02_五器件_全部16种mask_400条\2026-09-20-23-19-r3-C2D4-16t\400\0101\1111\1111.csv,42397,a15f17afe47c4b589a78e0fb7534a9f0efff942ce198f1d47ef96c92617e801c
02,Device2,C2D4,3,0110,02_五器件_全部16种mask_400条\2026-09-20-23-19-r3-C2D4-16t\400\0110\1111\1111.csv,42063,c1bb7bcb90f92821be9e5d76d15db76dfea0080c39fc4c0fb5464b1a40b6b5d1
02,Device2,C2D4,3,0111,02_五器件_全部16种mask_400条\2026-09-20-23-19-r3-C2D4-16t\400\0111\1111\1111.csv,42339,c912fba3119d9cb88d281b5afb2a9a4e2cb150bd51575d0eb65e6a9103473e37
02,Device2,C2D4,3,1000,02_五器件_全部16种mask_400条\2026-09-20-23-19-r3-C2D4-16t\400\1000\1111\1111.csv,42058,5fc22cf2ed3aeb52cc0cedbe1ab15ce1f5a09d27ea0ddcbf5ff826335bbd7292
02,Device2,C2D4,3,1001,02_五器件_全部16种mask_400条\2026-09-20-23-19-r3-C2D4-16t\400\1001\1111\1111.csv,42383,50490a8c343ab8fba5dbbd96480c8eb8020634c5367a27c912566d92b68fb946
02,Device2,C2D4,3,1010,02_五器件_全部16种mask_400条\2026-09-20-23-19-r3-C2D4-16t\400\1010\1111\1111.csv,42118,87448aa5b4b2d5247025edcb1e1fead0ddc53aeac6e3bbde618124c545ab04c8
02,Device2,C2D4,3,1011,02_五器件_全部16种mask_400条\2026-09-20-23-19-r3-C2D4-16t\400\1011\1111\1111.csv,42344,768fbada47eebdaf9f321c04e8212c7df749814b6a6a8569d99ca7ceb603fa64
02,Device2,C2D4,3,1100,02_五器件_全部16种mask_400条\2026-09-20-23-19-r3-C2D4-16t\400\1100\1111\1111.csv,42046,9f74e21c89908c32e0267fa4083cc13f1211b47c8fa723e76f71d751672eef74
02,Device2,C2D4,3,1101,02_五器件_全部16种mask_400条\2026-09-20-23-19-r3-C2D4-16t\400\1101\1111\1111.csv,42340,0685d2f269ad755748b5e4ae1f3e12fc0de5e3296283b5f3d1aa8278dbd387bd
02,Device2,C2D4,3,1110,02_五器件_全部16种mask_400条\2026-09-20-23-19-r3-C2D4-16t\400\1110\1111\1111.csv,42002,a73af937589780ae982bc90676d3d20cbefac807c7d54b218a37f76378f8edce
02,Device2,C2D4,3,1111,02_五器件_全部16种mask_400条\2026-09-20-23-19-r3-C2D4-16t\400\1111\1111\1111.csv,42357,dfcc8650d9464f6c712d22f86bfbc75adc823af59b01b77096dcb52251f49f9f
02,Device2,C2D4,4,0000,02_五器件_全部16种mask_400条\2026-09-20-23-32-r4-C2D4-16t\400\0000\1111\1111.csv,42350,0bd30781aeb84c55a6e6b01178717d5827ec11f031a2d191f6a92778d5ff615a
02,Device2,C2D4,4,0001,02_五器件_全部16种mask_400条\2026-09-20-23-32-r4-C2D4-16t\400\0001\1111\1111.csv,42071,79a976b53c660bc07b1d30886dbcf7cec29151892a6aa62448f42a1dc3b8b673
02,Device2,C2D4,4,0010,02_五器件_全部16种mask_400条\2026-09-20-23-32-r4-C2D4-16t\400\0010\1111\1111.csv,42085,865b55aada2e0f45dbf45f0e88f5f03355ab3b1a75684fb398017d160dde6452
02,Device2,C2D4,4,0011,02_五器件_全部16种mask_400条\2026-09-20-23-32-r4-C2D4-16t\400\0011\1111\1111.csv,42376,dc254bfa3543b6fbe02a1ab1c729d8d0958a7a1f47a257864749a949fcc0fd5b
02,Device2,C2D4,4,0100,02_五器件_全部16种mask_400条\2026-09-20-23-32-r4-C2D4-16t\400\0100\1111\1111.csv,42043,f0c49acaf28fa7518c645c67f5e189c7825b3ab20f73b79b4fa430fe6b37938c
02,Device2,C2D4,4,0101,02_五器件_全部16种mask_400条\2026-09-20-23-32-r4-C2D4-16t\400\0101\1111\1111.csv,42395,3a6f5ad3fb3df7e0358af1d6ba25b0d643a6e08c5152be944e9715c6ed26eb5c
02,Device2,C2D4,4,0110,02_五器件_全部16种mask_400条\2026-09-20-23-32-r4-C2D4-16t\400\0110\1111\1111.csv,42061,90d30e83dcb12b79f4fc292c116e175050dfbcbffa212a16e7e571bc9d22dae8
02,Device2,C2D4,4,0111,02_五器件_全部16种mask_400条\2026-09-20-23-32-r4-C2D4-16t\400\0111\1111\1111.csv,42339,ccae8f34c94dc5e746658192586eb78448f7c7ee79a801674182cc7a67e667ea
02,Device2,C2D4,4,1000,02_五器件_全部16种mask_400条\2026-09-20-23-32-r4-C2D4-16t\400\1000\1111\1111.csv,42080,0c50660c8477d9e7060697e86f2dade97a14ea3ae3b24e0c807dd071d6dcc149
02,Device2,C2D4,4,1001,02_五器件_全部16种mask_400条\2026-09-20-23-32-r4-C2D4-16t\400\1001\1111\1111.csv,42384,0f31522908cd35cd30499baf790e247e1b8ce3e0258ab3c46786a7cc264c2324
02,Device2,C2D4,4,1010,02_五器件_全部16种mask_400条\2026-09-20-23-32-r4-C2D4-16t\400\1010\1111\1111.csv,42117,637052060b3da9a28b4ca00a10700b4feafabc3832c90ac242d48881e070a73b
02,Device2,C2D4,4,1011,02_五器件_全部16种mask_400条\2026-09-20-23-32-r4-C2D4-16t\400\1011\1111\1111.csv,42350,49a4557f760830cb1d63940b55e6e583c2cd8055ab8c07b36aaf52969194070d
02,Device2,C2D4,4,1100,02_五器件_全部16种mask_400条\2026-09-20-23-32-r4-C2D4-16t\400\1100\1111\1111.csv,42058,d9871d7b3f0ff4b53b64581287e337503ee896ad45cbabd2a47dfbc3c480a21c
02,Device2,C2D4,4,1101,02_五器件_全部16种mask_400条\2026-09-20-23-32-r4-C2D4-16t\400\1101\1111\1111.csv,42343,d52de0afea24589ac5bce3c80ba790ffc53097281eb0bad55d568bc4a65a91a2
02,Device2,C2D4,4,1110,02_五器件_全部16种mask_400条\2026-09-20-23-32-r4-C2D4-16t\400\1110\1111\1111.csv,42038,f88a06f908a1f2aeabc16f4c4784b7c144faa66f9a9f6ed372cd9499e6edc4a6
02,Device2,C2D4,4,1111,02_五器件_全部16种mask_400条\2026-09-20-23-32-r4-C2D4-16t\400\1111\1111\1111.csv,42357,7574e0a707c7bc72c751fd27552e4a7b59735c435eacd501393fe10e269a5a16
02,Device2,C2D4,5,0000,02_五器件_全部16种mask_400条\2026-09-20-23-45-r5-C2D4-16t\400\0000\1111\1111.csv,42350,e43e644d8b904a0f834a230ffd02933405003d2a5f38a5f608db0b1f30e85b24
02,Device2,C2D4,5,0001,02_五器件_全部16种mask_400条\2026-09-20-23-45-r5-C2D4-16t\400\0001\1111\1111.csv,42106,6b252ab73abc5d9cc81f15ec928542b7809fcc1a991a500a72f27e79a9b6c219
02,Device2,C2D4,5,0010,02_五器件_全部16种mask_400条\2026-09-20-23-45-r5-C2D4-16t\400\0010\1111\1111.csv,42111,be0905809fdd5583f3ac58a4f4e1f8aae6020e110c849c01ebbe7bc9f4fad064
02,Device2,C2D4,5,0011,02_五器件_全部16种mask_400条\2026-09-20-23-45-r5-C2D4-16t\400\0011\1111\1111.csv,42376,3948c411c811d17987d1e368036ab7d31ed668d24769d2927ce9a06eba513c39
02,Device2,C2D4,5,0100,02_五器件_全部16种mask_400条\2026-09-20-23-45-r5-C2D4-16t\400\0100\1111\1111.csv,42070,4177abab888ad85e1ab7ec25c4b64952f4ad92e8b02fe601451e8cf752717970
02,Device2,C2D4,5,0101,02_五器件_全部16种mask_400条\2026-09-20-23-45-r5-C2D4-16t\400\0101\1111\1111.csv,42392,a723a22fbad9dca8847002fb8ce09e0a91db408afb02164b728bcc731c2815a5
02,Device2,C2D4,5,0110,02_五器件_全部16种mask_400条\2026-09-20-23-45-r5-C2D4-16t\400\0110\1111\1111.csv,42067,95fca1cbf8ca65dd6a06f3e2c5930374224345c563bf65fc9c319ea415376801
02,Device2,C2D4,5,0111,02_五器件_全部16种mask_400条\2026-09-20-23-45-r5-C2D4-16t\400\0111\1111\1111.csv,42343,4363484a5281fea9a3b06d7c3937e45e6704d842d68082550c501d66bc83cb5b
02,Device2,C2D4,5,1000,02_五器件_全部16种mask_400条\2026-09-20-23-45-r5-C2D4-16t\400\1000\1111\1111.csv,42039,c0b1adf49b31173d95e72a7d3d015f71b39711f45a2217a8712d310eff1b2a14
02,Device2,C2D4,5,1001,02_五器件_全部16种mask_400条\2026-09-20-23-45-r5-C2D4-16t\400\1001\1111\1111.csv,42377,60f98bbc2a1907bbedeec6af5db91a4c446a1da3691d773b139a3c3d3c2c0c4a
02,Device2,C2D4,5,1010,02_五器件_全部16种mask_400条\2026-09-20-23-45-r5-C2D4-16t\400\1010\1111\1111.csv,42076,8ad7ff109e14d953f4386c82a8587bc077f57c490c94d94f66cb168b1c5074f1
02,Device2,C2D4,5,1011,02_五器件_全部16种mask_400条\2026-09-20-23-45-r5-C2D4-16t\400\1011\1111\1111.csv,42345,a7f4d3b383a499f27b26f0fabdb567c730a60aaaa3878ce1f32f62b620cde4af
02,Device2,C2D4,5,1100,02_五器件_全部16种mask_400条\2026-09-20-23-45-r5-C2D4-16t\400\1100\1111\1111.csv,42045,50f27a23ae0395e0726cf329d7e67ef95414f59a1145c479dbc12f4bdead840f
02,Device2,C2D4,5,1101,02_五器件_全部16种mask_400条\2026-09-20-23-45-r5-C2D4-16t\400\1101\1111\1111.csv,42341,809a1933985d2368b288b371c2b5313061a388435204227bac6fedfa4dd62ec3
02,Device2,C2D4,5,1110,02_五器件_全部16种mask_400条\2026-09-20-23-45-r5-C2D4-16t\400\1110\1111\1111.csv,42040,670cc1fca96c6bfc069b01d6232160e85689b9d301913801af5a26a11d55ffdf
02,Device2,C2D4,5,1111,02_五器件_全部16种mask_400条\2026-09-20-23-45-r5-C2D4-16t\400\1111\1111\1111.csv,42357,f72f591c6a041114908125f8449ff1a441b5a8a5f777b56431799f0311626d4e
02,Device3,C4D1,1,0000,02_五器件_全部16种mask_400条\2026-09-21-01-58-r1-C4D1-16t\400\0000\1111\1111.csv,41511,3633f8e6623723c44d9bc419488eee6ed1f808decad7a40eec5d7a5387d18324
02,Device3,C4D1,1,0001,02_五器件_全部16种mask_400条\2026-09-21-01-58-r1-C4D1-16t\400\0001\1111\1111.csv,41927,b426c52e78d7ea72bedcbea98339ea7370d99370fff9b84eb39b5506a48c1837
02,Device3,C4D1,1,0010,02_五器件_全部16种mask_400条\2026-09-21-01-58-r1-C4D1-16t\400\0010\1111\1111.csv,41451,50037a1df9b0989aed0285e5df6ce40db195e335e6cd973c5a283fdb1a0ae64b
02,Device3,C4D1,1,0011,02_五器件_全部16种mask_400条\2026-09-21-01-58-r1-C4D1-16t\400\0011\1111\1111.csv,41941,506a63554f546ba1e42bc5086402be5d876aa02e4ed030de5812c651573c60bb
02,Device3,C4D1,1,0100,02_五器件_全部16种mask_400条\2026-09-21-01-58-r1-C4D1-16t\400\0100\1111\1111.csv,41475,b3f456aa4b0ec32c3505e9c29103f71d1991610cfd036dd72d911d317dd35c2b
02,Device3,C4D1,1,0101,02_五器件_全部16种mask_400条\2026-09-21-01-58-r1-C4D1-16t\400\0101\1111\1111.csv,41920,d9761d80daa8b9121c72bca2330209b173bb901a92719066ddc3f0efec275e82
02,Device3,C4D1,1,0110,02_五器件_全部16种mask_400条\2026-09-21-01-58-r1-C4D1-16t\400\0110\1111\1111.csv,41353,3df8b800f5b616ae88d322e4e757393977c8831554a9271ce436440ed64865f0
02,Device3,C4D1,1,0111,02_五器件_全部16种mask_400条\2026-09-21-01-58-r1-C4D1-16t\400\0111\1111\1111.csv,41578,37a8bb433a1050412b8b91d4ac6d5460782e11cac9e282fbe8a1d7226277b2a4
02,Device3,C4D1,1,1000,02_五器件_全部16种mask_400条\2026-09-21-01-58-r1-C4D1-16t\400\1000\1111\1111.csv,41532,b814b01b4970c5b851fe1c3d1eedc4711c716e8984bcce2e68e22961bb701717
02,Device3,C4D1,1,1001,02_五器件_全部16种mask_400条\2026-09-21-01-58-r1-C4D1-16t\400\1001\1111\1111.csv,41945,32719b9b5cd0447ff0a4b65a4579fb63451d3a4485a8617b4222fe23ebfafb9b
02,Device3,C4D1,1,1010,02_五器件_全部16种mask_400条\2026-09-21-01-58-r1-C4D1-16t\400\1010\1111\1111.csv,41365,c5c64d6f3c54ae92502ec37d838061b68aaeb95d4c61f79f0d4766cccbbc1dd7
02,Device3,C4D1,1,1011,02_五器件_全部16种mask_400条\2026-09-21-01-58-r1-C4D1-16t\400\1011\1111\1111.csv,41608,c3f077ca9f6f31a533a81100c6534d7c6740d2cc15e45e1450efab8f724fba8f
02,Device3,C4D1,1,1100,02_五器件_全部16种mask_400条\2026-09-21-01-58-r1-C4D1-16t\400\1100\1111\1111.csv,41421,f16c67131cc36682cb8ac5f904f40446715d2034f3dab1188ee88497f2535d01
02,Device3,C4D1,1,1101,02_五器件_全部16种mask_400条\2026-09-21-01-58-r1-C4D1-16t\400\1101\1111\1111.csv,41597,77c1f473c93f0872166d55eb9392bcf7f8691da9f425a92627bdb031b10ff7d1
02,Device3,C4D1,1,1110,02_五器件_全部16种mask_400条\2026-09-21-01-58-r1-C4D1-16t\400\1110\1111\1111.csv,41303,8ac095e84d9d6e4577ff7b9711b3cb51b66d07ea359d16b510158661dbb2f7ea
02,Device3,C4D1,1,1111,02_五器件_全部16种mask_400条\2026-09-21-01-58-r1-C4D1-16t\400\1111\1111\1111.csv,41614,1945b45650a39c953691551c066a5ac269d5df5422c92288cd2c8fb08b21de58
02,Device3,C4D1,2,0000,02_五器件_全部16种mask_400条\2026-09-21-02-11-r2-C4D1-16t\400\0000\1111\1111.csv,41508,c4d610449a71d183a16a063cd3204abf5e5fd4f169b57e106d1378b94aae77fa
02,Device3,C4D1,2,0001,02_五器件_全部16种mask_400条\2026-09-21-02-11-r2-C4D1-16t\400\0001\1111\1111.csv,41926,c9dad4e9c580c203a33a972d09fa724582fa8dc608744879e99216d2f4104b07
02,Device3,C4D1,2,0010,02_五器件_全部16种mask_400条\2026-09-21-02-11-r2-C4D1-16t\400\0010\1111\1111.csv,41474,b6675e27e4226745abdeb06b29ea168e1563109b971dff57321361a9a1acea64
02,Device3,C4D1,2,0011,02_五器件_全部16种mask_400条\2026-09-21-02-11-r2-C4D1-16t\400\0011\1111\1111.csv,41946,a220bdf23d2071367d18155167264f8454996ad47b2da6ddb62c0b15739717ad
02,Device3,C4D1,2,0100,02_五器件_全部16种mask_400条\2026-09-21-02-11-r2-C4D1-16t\400\0100\1111\1111.csv,41500,94f8e9c2247dbef2caa5f0330b5bf902d1240a2e865c8a41103adc126222daa3
02,Device3,C4D1,2,0101,02_五器件_全部16种mask_400条\2026-09-21-02-11-r2-C4D1-16t\400\0101\1111\1111.csv,41929,24d2d3a560b1cea770f6cd7310d67519c218255a4b3e159a1c855186415d3222
02,Device3,C4D1,2,0110,02_五器件_全部16种mask_400条\2026-09-21-02-11-r2-C4D1-16t\400\0110\1111\1111.csv,41322,c7c9b04d560408a15504e9800f89cc74f457a0cfde9a442f684061a64d78465d
02,Device3,C4D1,2,0111,02_五器件_全部16种mask_400条\2026-09-21-02-11-r2-C4D1-16t\400\0111\1111\1111.csv,41594,7f8d9ded3a457892a98c8358acfe679b80f4146167dc40baa072615900df4bf9
02,Device3,C4D1,2,1000,02_五器件_全部16种mask_400条\2026-09-21-02-11-r2-C4D1-16t\400\1000\1111\1111.csv,41530,6bce1ec63f9353e0d44926195ecbf64f101d34c6bd557a87e1cf513caf9c43e8
02,Device3,C4D1,2,1001,02_五器件_全部16种mask_400条\2026-09-21-02-11-r2-C4D1-16t\400\1001\1111\1111.csv,41944,dabbe1a7bb2a5dcb5d4e066798177e797f662f072d7e9df7a7fe6b38fe0d25b4
02,Device3,C4D1,2,1010,02_五器件_全部16种mask_400条\2026-09-21-02-11-r2-C4D1-16t\400\1010\1111\1111.csv,41369,bd8fc43b56ea8df0525bf3db67dc0f9aef3a3d04dd941c8e2c09ad5038a0636c
02,Device3,C4D1,2,1011,02_五器件_全部16种mask_400条\2026-09-21-02-11-r2-C4D1-16t\400\1011\1111\1111.csv,41595,d7008654647cd827eee4d50f2610c4b49417e73019ce5955e2f3ec037616258b
02,Device3,C4D1,2,1100,02_五器件_全部16种mask_400条\2026-09-21-02-11-r2-C4D1-16t\400\1100\1111\1111.csv,41423,0a8b774fe2f41d7408cbb3bce407d3041fb6522607222e3103835be113b6dcbd
02,Device3,C4D1,2,1101,02_五器件_全部16种mask_400条\2026-09-21-02-11-r2-C4D1-16t\400\1101\1111\1111.csv,41589,a9ed528c16df0869fe9357b2573086b69d02776c27260d0a86005dac2fcd2db4
02,Device3,C4D1,2,1110,02_五器件_全部16种mask_400条\2026-09-21-02-11-r2-C4D1-16t\400\1110\1111\1111.csv,41283,d0e16e43b79fabcd59d77726dee7d7bbac2b3e496bc54607fe12454635791075
02,Device3,C4D1,2,1111,02_五器件_全部16种mask_400条\2026-09-21-02-11-r2-C4D1-16t\400\1111\1111\1111.csv,41615,b4f8fda32e63303f94e5c6e12e85668f552b11d046d37c7c09d3ad93ebfe3210
02,Device3,C4D1,3,0000,02_五器件_全部16种mask_400条\2026-09-21-02-24-r3-C4D1-16t\400\0000\1111\1111.csv,41503,c13b34f121893c632222ef3914aa2c2ed8939a1984a916646498cddc7482059f
02,Device3,C4D1,3,0001,02_五器件_全部16种mask_400条\2026-09-21-02-24-r3-C4D1-16t\400\0001\1111\1111.csv,41927,145618f9241e00d01bf90a570d4542480e70db7b47d53efcdc0308109dc331bb
02,Device3,C4D1,3,0010,02_五器件_全部16种mask_400条\2026-09-21-02-24-r3-C4D1-16t\400\0010\1111\1111.csv,41480,b2d40c9b8fcda13c1b7ca4113edf3989a205019b70dc84c20ed85ccf9a333662
02,Device3,C4D1,3,0011,02_五器件_全部16种mask_400条\2026-09-21-02-24-r3-C4D1-16t\400\0011\1111\1111.csv,41935,5a734e6d4eed4323e76c1542c9f41764b2e93c486e1ac73cf46c320b6de31f5b
02,Device3,C4D1,3,0100,02_五器件_全部16种mask_400条\2026-09-21-02-24-r3-C4D1-16t\400\0100\1111\1111.csv,41512,11e0478947af183214df1095441da6b3905894694c50645cc8dce6c88f0af29a
02,Device3,C4D1,3,0101,02_五器件_全部16种mask_400条\2026-09-21-02-24-r3-C4D1-16t\400\0101\1111\1111.csv,41923,f63c58d7c0e89f1b4fa4c0e76f543fee83e09cc84e10bfc556b464b751ffab29
02,Device3,C4D1,3,0110,02_五器件_全部16种mask_400条\2026-09-21-02-24-r3-C4D1-16t\400\0110\1111\1111.csv,41326,eeb780aff573e5e2ee035657d5f0c14dc0e3805e48a310234a816419dd036a8a
02,Device3,C4D1,3,0111,02_五器件_全部16种mask_400条\2026-09-21-02-24-r3-C4D1-16t\400\0111\1111\1111.csv,41590,4044ec19c927f8b31a2181759706ed88cce1aab2a0543f2d5a0d4573114a3ba1
02,Device3,C4D1,3,1000,02_五器件_全部16种mask_400条\2026-09-21-02-24-r3-C4D1-16t\400\1000\1111\1111.csv,41537,b2e70e741eab61be9d920dfa419f8a85fe022f0e24edeaa85878f5d025bb2f95
02,Device3,C4D1,3,1001,02_五器件_全部16种mask_400条\2026-09-21-02-24-r3-C4D1-16t\400\1001\1111\1111.csv,41947,f5f99e389d29f301bf8e529662b5d2357918d6e9d5248080e9baa29bd623d8ce
02,Device3,C4D1,3,1010,02_五器件_全部16种mask_400条\2026-09-21-02-24-r3-C4D1-16t\400\1010\1111\1111.csv,41396,d24ce4dbd492012006344b5c6eea9bd6ef2bfc08373191bb4c206d5391d989b8
02,Device3,C4D1,3,1011,02_五器件_全部16种mask_400条\2026-09-21-02-24-r3-C4D1-16t\400\1011\1111\1111.csv,41602,1248a4004c6c0434ae17c4e6e567860219d50a7ac499b86f8eaf35ea6772b133
02,Device3,C4D1,3,1100,02_五器件_全部16种mask_400条\2026-09-21-02-24-r3-C4D1-16t\400\1100\1111\1111.csv,41421,8cca28a6da7461547661cae6353b84f5dcd15d57f5ce4112788d7c0d627aa266
02,Device3,C4D1,3,1101,02_五器件_全部16种mask_400条\2026-09-21-02-24-r3-C4D1-16t\400\1101\1111\1111.csv,41590,89e09165193cc6288a8318b35f9cf3f29b5a0c0379a886150a7166e8505f7220
02,Device3,C4D1,3,1110,02_五器件_全部16种mask_400条\2026-09-21-02-24-r3-C4D1-16t\400\1110\1111\1111.csv,41296,db291986002ce28921bdf656505c4e44db93baa34aecbc392350df74c83b885c
02,Device3,C4D1,3,1111,02_五器件_全部16种mask_400条\2026-09-21-02-24-r3-C4D1-16t\400\1111\1111\1111.csv,41616,472ee9dc1f722d47bbdff65d8ed4617924c2f80605616f67d23116706de323c9
02,Device3,C4D1,4,0000,02_五器件_全部16种mask_400条\2026-09-21-02-37-r4-C4D1-16t\400\0000\1111\1111.csv,41514,b22cdde9d0d143e6495205d1bfc207485c41030a80e45977f427829708429816
02,Device3,C4D1,4,0001,02_五器件_全部16种mask_400条\2026-09-21-02-37-r4-C4D1-16t\400\0001\1111\1111.csv,41930,903c7969b3a00ace5fcff56cc6c2bf5978b61921dd0bd19f9498db8c7b99afa9
02,Device3,C4D1,4,0010,02_五器件_全部16种mask_400条\2026-09-21-02-37-r4-C4D1-16t\400\0010\1111\1111.csv,41474,69f7ea41f90118a0b8300ec0e83e7019f8d25af20de6b8abf65a248a6169798f
02,Device3,C4D1,4,0011,02_五器件_全部16种mask_400条\2026-09-21-02-37-r4-C4D1-16t\400\0011\1111\1111.csv,41938,f8b2bc6a8f12a82eaf3b64b8067e48933e970aa6d7bb51d2aabf83201c8595d4
02,Device3,C4D1,4,0100,02_五器件_全部16种mask_400条\2026-09-21-02-37-r4-C4D1-16t\400\0100\1111\1111.csv,41510,c0b4452a93465aa8f963bacbe00803afff4dc7cb91948e8f438260665645dd5d
02,Device3,C4D1,4,0101,02_五器件_全部16种mask_400条\2026-09-21-02-37-r4-C4D1-16t\400\0101\1111\1111.csv,41924,c7510217f52007260a040b610667c35ea877dd0ad5210215ee536d66b93d9e20
02,Device3,C4D1,4,0110,02_五器件_全部16种mask_400条\2026-09-21-02-37-r4-C4D1-16t\400\0110\1111\1111.csv,41313,9f5b641e2d9b1fcca2e207d71060277cdfb70f47290b031d07c2dcd8c53e75ac
02,Device3,C4D1,4,0111,02_五器件_全部16种mask_400条\2026-09-21-02-37-r4-C4D1-16t\400\0111\1111\1111.csv,41578,1f46b3b7809453cd3e6cd8e32926604ac1016ab544779fa84b9143348476e208
02,Device3,C4D1,4,1000,02_五器件_全部16种mask_400条\2026-09-21-02-37-r4-C4D1-16t\400\1000\1111\1111.csv,41536,573cd7968ee089464dece236650d15b99147d39b89e53fdd144272ef136a5bd3
02,Device3,C4D1,4,1001,02_五器件_全部16种mask_400条\2026-09-21-02-37-r4-C4D1-16t\400\1001\1111\1111.csv,41955,1da9d4123fa0e8c89933815217c025d576e7b74d10a21c018f993444c5509eef
02,Device3,C4D1,4,1010,02_五器件_全部16种mask_400条\2026-09-21-02-37-r4-C4D1-16t\400\1010\1111\1111.csv,41390,cba270d9a0bf503a83156a4361a418782c010263cea0b5fae522e9d38ccc9057
02,Device3,C4D1,4,1011,02_五器件_全部16种mask_400条\2026-09-21-02-37-r4-C4D1-16t\400\1011\1111\1111.csv,41599,e308dd77da897e906191525fd7700c921414a8a7345bae779cc4570cd52653d7
02,Device3,C4D1,4,1100,02_五器件_全部16种mask_400条\2026-09-21-02-37-r4-C4D1-16t\400\1100\1111\1111.csv,41458,c7cb4f88f3e054e70fbe20c1945240c3847f0113eecfdc122c4eb4e01cacc350
02,Device3,C4D1,4,1101,02_五器件_全部16种mask_400条\2026-09-21-02-37-r4-C4D1-16t\400\1101\1111\1111.csv,41592,4c1fbee999fbf38402053f4f4dbc86320b769646761e9ed440f01bf031fd77dc
02,Device3,C4D1,4,1110,02_五器件_全部16种mask_400条\2026-09-21-02-37-r4-C4D1-16t\400\1110\1111\1111.csv,41282,c8a9d2cae71a4982f4cb5cbd6357e3456ca2fa78b581b3c7eac8f6e51429f758
02,Device3,C4D1,4,1111,02_五器件_全部16种mask_400条\2026-09-21-02-37-r4-C4D1-16t\400\1111\1111\1111.csv,41615,90e4685552e7dc010f991ada65cca2cf7a6189bceb9d499af0814dcf4b5deeda
02,Device3,C4D1,5,0000,02_五器件_全部16种mask_400条\2026-09-21-02-50-r5-C4D1-16t\400\0000\1111\1111.csv,41516,6daf8779ac660b08d8be0be75db02c37dde7529214ea6c331781067cac7b897a
02,Device3,C4D1,5,0001,02_五器件_全部16种mask_400条\2026-09-21-02-50-r5-C4D1-16t\400\0001\1111\1111.csv,41928,a7c39fa5d10aaa68fcd2047625ef0d55b800825401c484433eb4393f5018a6c0
02,Device3,C4D1,5,0010,02_五器件_全部16种mask_400条\2026-09-21-02-50-r5-C4D1-16t\400\0010\1111\1111.csv,41478,b7ca65ae604abf52d44f7f12ad843f35a061f2de23ff09dbcd1370e5884a67a4
02,Device3,C4D1,5,0011,02_五器件_全部16种mask_400条\2026-09-21-02-50-r5-C4D1-16t\400\0011\1111\1111.csv,41939,a116ea80b4094b8744e20649454709b1b1e6de64bc2859acd6d6f5528c86a08d
02,Device3,C4D1,5,0100,02_五器件_全部16种mask_400条\2026-09-21-02-50-r5-C4D1-16t\400\0100\1111\1111.csv,41512,64a5ab1e553d426039c47daf10f05bd14d612f4568ccfeda6b4a5a99f2acc4d2
02,Device3,C4D1,5,0101,02_五器件_全部16种mask_400条\2026-09-21-02-50-r5-C4D1-16t\400\0101\1111\1111.csv,41924,2ec5d8af9e3692b3a4f4d41c398b3fa7f8c5bf1e0674c0d73da8812cdb8dd0fc
02,Device3,C4D1,5,0110,02_五器件_全部16种mask_400条\2026-09-21-02-50-r5-C4D1-16t\400\0110\1111\1111.csv,41325,89fb486065b30cc7fba4f85069a97bb5ca40a815312ebaba869298a0bfbd5993
02,Device3,C4D1,5,0111,02_五器件_全部16种mask_400条\2026-09-21-02-50-r5-C4D1-16t\400\0111\1111\1111.csv,41576,2250924c27136210b3c0a31461dd347aade12bdb06ebfa59282ca2fd2ef25630
02,Device3,C4D1,5,1000,02_五器件_全部16种mask_400条\2026-09-21-02-50-r5-C4D1-16t\400\1000\1111\1111.csv,41535,a5f29a9e38f37e9e5c70f8e1c2ecf1d71369857b0bdaa8a414eda46405013d7c
02,Device3,C4D1,5,1001,02_五器件_全部16种mask_400条\2026-09-21-02-50-r5-C4D1-16t\400\1001\1111\1111.csv,41945,311a29d0bd4b6b996135ad8b84417c458f0b62a3bc2867df336d6918838d58b5
02,Device3,C4D1,5,1010,02_五器件_全部16种mask_400条\2026-09-21-02-50-r5-C4D1-16t\400\1010\1111\1111.csv,41383,c662d387f0f8796badd5d1130b0c6b227b95cca935b9fedc89c43341c3dfb35c
02,Device3,C4D1,5,1011,02_五器件_全部16种mask_400条\2026-09-21-02-50-r5-C4D1-16t\400\1011\1111\1111.csv,41596,efde50c5ccfcd00adbe47bc21de23e0be2bf4334d854e86e221807d7c9de121f
02,Device3,C4D1,5,1100,02_五器件_全部16种mask_400条\2026-09-21-02-50-r5-C4D1-16t\400\1100\1111\1111.csv,41421,64c81fbfd95b27d3d94aebd9ee7c878e75e7716c27396858fd4c69e7fa0de354
02,Device3,C4D1,5,1101,02_五器件_全部16种mask_400条\2026-09-21-02-50-r5-C4D1-16t\400\1101\1111\1111.csv,41589,b06b34a7f5259eb6422ccb16569754168d86f1e6ba5b71f37f08a4cf717b580b
02,Device3,C4D1,5,1110,02_五器件_全部16种mask_400条\2026-09-21-02-50-r5-C4D1-16t\400\1110\1111\1111.csv,41282,55da743b0ede21b49999d6cbab37bb83d7e66382d9e381efeeff3544174b9cef
02,Device3,C4D1,5,1111,02_五器件_全部16种mask_400条\2026-09-21-02-50-r5-C4D1-16t\400\1111\1111\1111.csv,41615,76f08f5cc7ee18fa6a1f391afd1149b0059392c7c34bb5b9bb22417250fb7dbe
02,Device4,C4D3,1,0000,02_五器件_全部16种mask_400条\2026-09-21-03-50-r1-C4D3-16t\400\0000\1111\1111.csv,41408,0c6f926106055aee3fed2df74e5de6f30975e73d951dde450a3461e5a723d6c4
02,Device4,C4D3,1,0001,02_五器件_全部16种mask_400条\2026-09-21-03-50-r1-C4D3-16t\400\0001\1111\1111.csv,41654,0a38d4e112ba60a105b73b5ee7d6ac58d6f565ec8c7b8fc2628beecb6e6c7e76
02,Device4,C4D3,1,0010,02_五器件_全部16种mask_400条\2026-09-21-03-50-r1-C4D3-16t\400\0010\1111\1111.csv,41420,4a3e3cfc700abebd4290aec9e40a5164a9d807ad4ab76cd4e07c10c31912dbbb
02,Device4,C4D3,1,0011,02_五器件_全部16种mask_400条\2026-09-21-03-50-r1-C4D3-16t\400\0011\1111\1111.csv,41596,8c16ddc1ff7917f3d0864a84e9375596e1261c4305308ddeae242a9506b22934
02,Device4,C4D3,1,0100,02_五器件_全部16种mask_400条\2026-09-21-03-50-r1-C4D3-16t\400\0100\1111\1111.csv,41428,03b8ba036966dd95dba714dfa54fcac0fa6bd181760608a987d4ca44137ca973
02,Device4,C4D3,1,0101,02_五器件_全部16种mask_400条\2026-09-21-03-50-r1-C4D3-16t\400\0101\1111\1111.csv,41594,2b61708e28f7af765ef3492721a91ae335d726e5065c4c488f720a7250594a4e
02,Device4,C4D3,1,0110,02_五器件_全部16种mask_400条\2026-09-21-03-50-r1-C4D3-16t\400\0110\1111\1111.csv,41332,edee53a8d27478092754cf183a332f23ecb2e357d9400fcff24db2216c4ac6a9
02,Device4,C4D3,1,0111,02_五器件_全部16种mask_400条\2026-09-21-03-50-r1-C4D3-16t\400\0111\1111\1111.csv,41560,d1ce2ba3815b2ee6601653d202a4154861e1f0100df277288026c74a6b5c382c
02,Device4,C4D3,1,1000,02_五器件_全部16种mask_400条\2026-09-21-03-50-r1-C4D3-16t\400\1000\1111\1111.csv,41444,0748c426d76fe66d4f1cbc0fc74d2c9e3f9ad883c740e730e5be06c0a946b48a
02,Device4,C4D3,1,1001,02_五器件_全部16种mask_400条\2026-09-21-03-50-r1-C4D3-16t\400\1001\1111\1111.csv,41620,144621f1e3c72c53c94124f366b0fa0f043d56069bbacca531d1c478284ab5a9
02,Device4,C4D3,1,1010,02_五器件_全部16种mask_400条\2026-09-21-03-50-r1-C4D3-16t\400\1010\1111\1111.csv,41383,ab98e6f408755b2cb3e1b90e3d993c23d6d1e41642e232349efba084f899863f
02,Device4,C4D3,1,1011,02_五器件_全部16种mask_400条\2026-09-21-03-50-r1-C4D3-16t\400\1011\1111\1111.csv,41568,789c473218c80d007986ed8bc3954c7e2b93fa8ab37e9eb0699f5fe02148a23e
02,Device4,C4D3,1,1100,02_五器件_全部16种mask_400条\2026-09-21-03-50-r1-C4D3-16t\400\1100\1111\1111.csv,41409,349d3d396a25632c4729a6db68b8af6badc8d13890edd61cc049875f9000c6a0
02,Device4,C4D3,1,1101,02_五器件_全部16种mask_400条\2026-09-21-03-50-r1-C4D3-16t\400\1101\1111\1111.csv,41564,a07ea7dfe717be87db1486f25736fa22c30d59fe5451604f18a8314210f8f11e
02,Device4,C4D3,1,1110,02_五器件_全部16种mask_400条\2026-09-21-03-50-r1-C4D3-16t\400\1110\1111\1111.csv,41259,ef9f2a642958cf8f90f2ea42e46ee74499e0bf2740cafabe9d427431be6d1582
02,Device4,C4D3,1,1111,02_五器件_全部16种mask_400条\2026-09-21-03-50-r1-C4D3-16t\400\1111\1111\1111.csv,41599,2ec9dc5ffeeff159c4e8bb1c6f7bbcbba976ea6c9718eb9dc378174bc0eb2ba7
02,Device4,C4D3,2,0000,02_五器件_全部16种mask_400条\2026-09-21-04-03-r2-C4D3-16t\400\0000\1111\1111.csv,41409,d9b9d7f0b77bb65429c39911294110491c725b39c7013bdea2a9d1d7ee5b9850
02,Device4,C4D3,2,0001,02_五器件_全部16种mask_400条\2026-09-21-04-03-r2-C4D3-16t\400\0001\1111\1111.csv,41663,4b7de8faf2de1c7a961544229dadf6e3b708446fc70f3e2929e38a05558d35a5
02,Device4,C4D3,2,0010,02_五器件_全部16种mask_400条\2026-09-21-04-03-r2-C4D3-16t\400\0010\1111\1111.csv,41421,d2dd49df76c130819ee5bae54a5f96b94c7156a1edc5f0c00bdd4fb4340cad2c
02,Device4,C4D3,2,0011,02_五器件_全部16种mask_400条\2026-09-21-04-03-r2-C4D3-16t\400\0011\1111\1111.csv,41602,8f278c9185e5fa09b330ef452994725aed3ee98bea428566bdd231cffb965d5c
02,Device4,C4D3,2,0100,02_五器件_全部16种mask_400条\2026-09-21-04-03-r2-C4D3-16t\400\0100\1111\1111.csv,41428,1b545785e37eeab83edaeac25efc7bb7659e021c9f303c4b7c6b2a02dc237aaa
02,Device4,C4D3,2,0101,02_五器件_全部16种mask_400条\2026-09-21-04-03-r2-C4D3-16t\400\0101\1111\1111.csv,41597,6c6b547c75a61cf9311bf4b00de9218ce686bc3cbf7dc2ecb74e0eacf4e2aa7b
02,Device4,C4D3,2,0110,02_五器件_全部16种mask_400条\2026-09-21-04-03-r2-C4D3-16t\400\0110\1111\1111.csv,41328,31c753c0141464ff03e00b40359455bbd029f815ef42d90c6ec717923516f101
02,Device4,C4D3,2,0111,02_五器件_全部16种mask_400条\2026-09-21-04-03-r2-C4D3-16t\400\0111\1111\1111.csv,41559,a53a93b92f17c822bc71854e1a1ea8771006709bba292995812e5e6c12e44dc8
02,Device4,C4D3,2,1000,02_五器件_全部16种mask_400条\2026-09-21-04-03-r2-C4D3-16t\400\1000\1111\1111.csv,41440,24816334ec1582bb5db1e566f2a12034a85fe4994e39ce2d9d3b4f1b10a200fe
02,Device4,C4D3,2,1001,02_五器件_全部16种mask_400条\2026-09-21-04-03-r2-C4D3-16t\400\1001\1111\1111.csv,41615,248641de21a1ac63dc6d8dc7bc1404f8cf79e4a0942e2cba31afdf4b650e39f2
02,Device4,C4D3,2,1010,02_五器件_全部16种mask_400条\2026-09-21-04-03-r2-C4D3-16t\400\1010\1111\1111.csv,41392,97e4f162f485b3ac741cd4c9ac41da3f4766088001084eb3be6614869b891835
02,Device4,C4D3,2,1011,02_五器件_全部16种mask_400条\2026-09-21-04-03-r2-C4D3-16t\400\1011\1111\1111.csv,41570,3e62c3bb4de1e9133126267072d092698af63e1df8dda6abd201a6885e7ff05c
02,Device4,C4D3,2,1100,02_五器件_全部16种mask_400条\2026-09-21-04-03-r2-C4D3-16t\400\1100\1111\1111.csv,41391,0053b3401b44e45f14d91ba60d18d74cb3da1ec77e32205f2c155b92d6ff7b3f
02,Device4,C4D3,2,1101,02_五器件_全部16种mask_400条\2026-09-21-04-03-r2-C4D3-16t\400\1101\1111\1111.csv,41561,a3d0bc237d72f34c2de762cd030db4592c2b52c20f1e1a30c80f11be70f7fdca
02,Device4,C4D3,2,1110,02_五器件_全部16种mask_400条\2026-09-21-04-03-r2-C4D3-16t\400\1110\1111\1111.csv,41261,df97907db31ee6a869322740a2e5d4c4859fba467e7c8660dd2b94cfc5022444
02,Device4,C4D3,2,1111,02_五器件_全部16种mask_400条\2026-09-21-04-03-r2-C4D3-16t\400\1111\1111\1111.csv,41600,f5c7ba87e6233ef52c6083c7ff416d6597d42cdc02c5291c21b68d888a6d954a
02,Device4,C4D3,3,0000,02_五器件_全部16种mask_400条\2026-09-21-04-16-r3-C4D3-16t\400\0000\1111\1111.csv,41407,941355ab55d5b92f19d1f69b7a7864673790557a0e06814be2eccde11f508604
02,Device4,C4D3,3,0001,02_五器件_全部16种mask_400条\2026-09-21-04-16-r3-C4D3-16t\400\0001\1111\1111.csv,41659,a27ffc709c0652385d7c42f94ad8135f74cb380e01f0e9cb111e4cf955e3c1a7
02,Device4,C4D3,3,0010,02_五器件_全部16种mask_400条\2026-09-21-04-16-r3-C4D3-16t\400\0010\1111\1111.csv,41427,1ec52cb706fc7a6a4656bb70d5717caf6f97beeddf99b623e8b3d89d0842e0cb
02,Device4,C4D3,3,0011,02_五器件_全部16种mask_400条\2026-09-21-04-16-r3-C4D3-16t\400\0011\1111\1111.csv,41595,9280d3cd403dcbeef38cc845b29b2fb931b1679c50c32c958ef9d7e0edea1f38
02,Device4,C4D3,3,0100,02_五器件_全部16种mask_400条\2026-09-21-04-16-r3-C4D3-16t\400\0100\1111\1111.csv,41431,965bec9d032e6df6f2de4fb8a6f08bafd16979772a03e3e3f0c641e3e4541621
02,Device4,C4D3,3,0101,02_五器件_全部16种mask_400条\2026-09-21-04-16-r3-C4D3-16t\400\0101\1111\1111.csv,41594,6a4f58835a272ceea05d4dc76f580889c1bc3865573299f94318d210492e3f73
02,Device4,C4D3,3,0110,02_五器件_全部16种mask_400条\2026-09-21-04-16-r3-C4D3-16t\400\0110\1111\1111.csv,41339,5bca3d4e72240255773fa3b0b45b2a0c76530481f41d773c9dadce6e935515a4
02,Device4,C4D3,3,0111,02_五器件_全部16种mask_400条\2026-09-21-04-16-r3-C4D3-16t\400\0111\1111\1111.csv,41562,28442a9b4f193992afbf2abede05d26687dd082a0b02d9bc0df8ba08ceab23e0
02,Device4,C4D3,3,1000,02_五器件_全部16种mask_400条\2026-09-21-04-16-r3-C4D3-16t\400\1000\1111\1111.csv,41445,f43b709480593bcd2e751202f9ba38a65d950b6b782abf477acf0e4e1bca52cf
02,Device4,C4D3,3,1001,02_五器件_全部16种mask_400条\2026-09-21-04-16-r3-C4D3-16t\400\1001\1111\1111.csv,41612,3f956513a560a0a421fae9c303dcb1566c61344fe1d9d3f7bf10f53fc1e27c92
02,Device4,C4D3,3,1010,02_五器件_全部16种mask_400条\2026-09-21-04-16-r3-C4D3-16t\400\1010\1111\1111.csv,41368,8eb5c44e43836690adde18880296c126946b6e43260075e04c7fe19a677bebef
02,Device4,C4D3,3,1011,02_五器件_全部16种mask_400条\2026-09-21-04-16-r3-C4D3-16t\400\1011\1111\1111.csv,41566,a4b955dcb4dd60622934622729672765cb8836a3bbc166ffad1aa7460d36e686
02,Device4,C4D3,3,1100,02_五器件_全部16种mask_400条\2026-09-21-04-16-r3-C4D3-16t\400\1100\1111\1111.csv,41383,7a85ec46281e272a4de35b8b565d5674188f5632295d6a8596c2afc045e5f450
02,Device4,C4D3,3,1101,02_五器件_全部16种mask_400条\2026-09-21-04-16-r3-C4D3-16t\400\1101\1111\1111.csv,41561,9edf0f1006f7359bf0bfa4c6fbbb40e9ded31385d105bfaf699d50a1e4254e76
02,Device4,C4D3,3,1110,02_五器件_全部16种mask_400条\2026-09-21-04-16-r3-C4D3-16t\400\1110\1111\1111.csv,41260,7064a88c2e2f2d90966ae244a47c7af837a8560e8dde322680ebfe3c18abb195
02,Device4,C4D3,3,1111,02_五器件_全部16种mask_400条\2026-09-21-04-16-r3-C4D3-16t\400\1111\1111\1111.csv,41600,48a7b2aeafcf9e4e6ecb34e7dc53b0919f477b5e856bc44c040e51db779bfdde
02,Device4,C4D3,4,0000,02_五器件_全部16种mask_400条\2026-09-21-04-29-r4-C4D3-16t\400\0000\1111\1111.csv,41408,1bc6b01ea7632b36c01a87e7fc76bab14be3e1fa1a8444b7ff963cf14bd429fc
02,Device4,C4D3,4,0001,02_五器件_全部16种mask_400条\2026-09-21-04-29-r4-C4D3-16t\400\0001\1111\1111.csv,41670,571d22c4501da06a415abbc77342fa5c30637650f4e3719a57b588b3f9a56d00
02,Device4,C4D3,4,0010,02_五器件_全部16种mask_400条\2026-09-21-04-29-r4-C4D3-16t\400\0010\1111\1111.csv,41423,4b6630fbd37c6eda01229039983afa2e25ced995ecbd0f68eafe3a1455e52ac7
02,Device4,C4D3,4,0011,02_五器件_全部16种mask_400条\2026-09-21-04-29-r4-C4D3-16t\400\0011\1111\1111.csv,41592,07a135d7dd26c6c110e1e7f713e563251b9390174f20f8d04c692b09d84fe2ef
02,Device4,C4D3,4,0100,02_五器件_全部16种mask_400条\2026-09-21-04-29-r4-C4D3-16t\400\0100\1111\1111.csv,41431,d204ae643cbd9b7b4115f1e6b207ab8ceb9a5396c001c42a4b8e1748dfeaf342
02,Device4,C4D3,4,0101,02_五器件_全部16种mask_400条\2026-09-21-04-29-r4-C4D3-16t\400\0101\1111\1111.csv,41590,99ac9b192a4420ed11ff36f5916223351b4552d559258ff77e900b857b892e00
02,Device4,C4D3,4,0110,02_五器件_全部16种mask_400条\2026-09-21-04-29-r4-C4D3-16t\400\0110\1111\1111.csv,41342,6f0023b118ce4c11f78cf19bcf918c2cf4b28b7adea30701a345abe247aecc74
02,Device4,C4D3,4,0111,02_五器件_全部16种mask_400条\2026-09-21-04-29-r4-C4D3-16t\400\0111\1111\1111.csv,41557,701610ecd67d45f975fd023025e1f112a1a31b2eb620846ff0f14c3bbe5d4e5e
02,Device4,C4D3,4,1000,02_五器件_全部16种mask_400条\2026-09-21-04-29-r4-C4D3-16t\400\1000\1111\1111.csv,41446,67b8d892abcf9cc3f0e8c1a14638049c82db9f54e340c30d2bbb0de526f367a4
02,Device4,C4D3,4,1001,02_五器件_全部16种mask_400条\2026-09-21-04-29-r4-C4D3-16t\400\1001\1111\1111.csv,41615,849c4017e157d4cfed3106271d50cb8960c3a1381ecafb807cc8913614391b40
02,Device4,C4D3,4,1010,02_五器件_全部16种mask_400条\2026-09-21-04-29-r4-C4D3-16t\400\1010\1111\1111.csv,41376,792f08ff504c708fa806e2a388fadcdddebe6353c1f9371c91c475ad44c9e1d8
02,Device4,C4D3,4,1011,02_五器件_全部16种mask_400条\2026-09-21-04-29-r4-C4D3-16t\400\1011\1111\1111.csv,41566,3992b842e66a70ac2afe5efcc209912c4611c04370738dbd96245ad7c339586f
02,Device4,C4D3,4,1100,02_五器件_全部16种mask_400条\2026-09-21-04-29-r4-C4D3-16t\400\1100\1111\1111.csv,41395,0d6bb1c27db8beb523e986d0906f59c6500652eeac8b4d496e1d94a24e0796a7
02,Device4,C4D3,4,1101,02_五器件_全部16种mask_400条\2026-09-21-04-29-r4-C4D3-16t\400\1101\1111\1111.csv,41566,b57312997ae2f3d96cc8902a6aff2b9f33f06b44e7fe0703aecdac1d40f70cae
02,Device4,C4D3,4,1110,02_五器件_全部16种mask_400条\2026-09-21-04-29-r4-C4D3-16t\400\1110\1111\1111.csv,41285,8261310038c4eac2cadc2de90e7010edf97ee97b6f7ccd3a3b192d041ecdef20
02,Device4,C4D3,4,1111,02_五器件_全部16种mask_400条\2026-09-21-04-29-r4-C4D3-16t\400\1111\1111\1111.csv,41600,238068d219178943d4d751b851be6b397dbe97edbc48f1195cec486fe5a614e5
02,Device4,C4D3,5,0000,02_五器件_全部16种mask_400条\2026-09-21-04-42-r5-C4D3-16t\400\0000\1111\1111.csv,41411,2d44d3d127a156ec43bdff58135b99d95dd70410993f00f4a22a19cfe77ddd62
02,Device4,C4D3,5,0001,02_五器件_全部16种mask_400条\2026-09-21-04-42-r5-C4D3-16t\400\0001\1111\1111.csv,41675,c847da8fbd9c8632b29edfca24cc66b89488699c80e358e8396c7209521f779e
02,Device4,C4D3,5,0010,02_五器件_全部16种mask_400条\2026-09-21-04-42-r5-C4D3-16t\400\0010\1111\1111.csv,41422,526dc4f4ecdc553791a7fb4334a4e735d2ba4e01d2d035ba9d210b62ef414108
02,Device4,C4D3,5,0011,02_五器件_全部16种mask_400条\2026-09-21-04-42-r5-C4D3-16t\400\0011\1111\1111.csv,41595,7c093f53a161789fe592ba7cf1ab438bc6751e390b3d869553847b5d6ebba80d
02,Device4,C4D3,5,0100,02_五器件_全部16种mask_400条\2026-09-21-04-42-r5-C4D3-16t\400\0100\1111\1111.csv,41431,83dc99ec90da1e757bb73c7e7228c9c18c4cde949bb0e60c945c3b689e9872f4
02,Device4,C4D3,5,0101,02_五器件_全部16种mask_400条\2026-09-21-04-42-r5-C4D3-16t\400\0101\1111\1111.csv,41590,f7022d8cad43c9ac5e23633d5a560eaff95caea7a15d06a077f38243ae02e97f
02,Device4,C4D3,5,0110,02_五器件_全部16种mask_400条\2026-09-21-04-42-r5-C4D3-16t\400\0110\1111\1111.csv,41326,9e1f74e11f6faecf000cbde9a07fcc585260ab86a7ef3fdbbb1b74593f635b88
02,Device4,C4D3,5,0111,02_五器件_全部16种mask_400条\2026-09-21-04-42-r5-C4D3-16t\400\0111\1111\1111.csv,41560,9c932a3f141ed80cb640d9bff87999cc6690e645660b5efd5016d236d4acf49e
02,Device4,C4D3,5,1000,02_五器件_全部16种mask_400条\2026-09-21-04-42-r5-C4D3-16t\400\1000\1111\1111.csv,41445,8193503cc59f55b175d906555347106df8814b79923a79dc1ef0a1a5c3b76229
02,Device4,C4D3,5,1001,02_五器件_全部16种mask_400条\2026-09-21-04-42-r5-C4D3-16t\400\1001\1111\1111.csv,41609,d5b765e943948e0550e8bcad2583b8c38813548180f72076dd90db21bce015ab
02,Device4,C4D3,5,1010,02_五器件_全部16种mask_400条\2026-09-21-04-42-r5-C4D3-16t\400\1010\1111\1111.csv,41383,573e6ce17150f118ab861dcdc7c2fa770f34be062c2ea5768145809059a206c5
02,Device4,C4D3,5,1011,02_五器件_全部16种mask_400条\2026-09-21-04-42-r5-C4D3-16t\400\1011\1111\1111.csv,41570,07803b70805f7b931669ec2d5438cdf3543e58407c602d1bd0cc37662f7aba87
02,Device4,C4D3,5,1100,02_五器件_全部16种mask_400条\2026-09-21-04-42-r5-C4D3-16t\400\1100\1111\1111.csv,41403,bef9122239c49ec50df6eb24d82d18a712849d3a7c6cacac901a2378a8649a0c
02,Device4,C4D3,5,1101,02_五器件_全部16种mask_400条\2026-09-21-04-42-r5-C4D3-16t\400\1101\1111\1111.csv,41566,67d87330f8a9a500500cd3b66dd4ec5cdd636e57b5f9773fbb8c789ace8ce2d0
02,Device4,C4D3,5,1110,02_五器件_全部16种mask_400条\2026-09-21-04-42-r5-C4D3-16t\400\1110\1111\1111.csv,41257,6f4ba75c46a66702c69262d6ccdb410d71671ed2d841b1b499237fe2b338f3bf
02,Device4,C4D3,5,1111,02_五器件_全部16种mask_400条\2026-09-21-04-42-r5-C4D3-16t\400\1111\1111\1111.csv,41600,5695f5652c963f978a6f482c15f595d8d4dc5c6127fe728a43ca2117c4dbea9f
02,Device5,C4D4,1,0000,02_五器件_全部16种mask_400条\2026-09-21-21-07-r1-C4D4-16t\400\0000\1111\1111.csv,41472,1b83b6f09b9fe43ebeac7862297297981aaf84bdb6c103295a43186baf981341
02,Device5,C4D4,1,0001,02_五器件_全部16种mask_400条\2026-09-21-21-07-r1-C4D4-16t\400\0001\1111\1111.csv,41726,cc51d2d0bdc04e097238361ebda6acee9a81ebbb27cfd5b9321deb74c06c7e5e
02,Device5,C4D4,1,0010,02_五器件_全部16种mask_400条\2026-09-21-21-07-r1-C4D4-16t\400\0010\1111\1111.csv,41440,1ede7e3dbcb0dab04b1ae38f70dc2d2c5625ae23a900d8c344f4a4212681f6db
02,Device5,C4D4,1,0011,02_五器件_全部16种mask_400条\2026-09-21-21-07-r1-C4D4-16t\400\0011\1111\1111.csv,41614,dcb152ee5b23343f0e758e41e5add757e5611defbe49c67456fe3953544d616b
02,Device5,C4D4,1,0100,02_五器件_全部16种mask_400条\2026-09-21-21-07-r1-C4D4-16t\400\0100\1111\1111.csv,41471,e292d840f53357a1f0e3d634e84dddf64b3852ddac1d9542720bc2e64cc6b062
02,Device5,C4D4,1,0101,02_五器件_全部16种mask_400条\2026-09-21-21-07-r1-C4D4-16t\400\0101\1111\1111.csv,41621,a5a5388da63f1559cecdafac80d9c005fbcd5bf53b24f076be03176a35fdd7db
02,Device5,C4D4,1,0110,02_五器件_全部16种mask_400条\2026-09-21-21-07-r1-C4D4-16t\400\0110\1111\1111.csv,41384,3f4ec53ca274bda783748cba75b7aa9c841ee07d83fc6f21a6c92f153b822281
02,Device5,C4D4,1,0111,02_五器件_全部16种mask_400条\2026-09-21-21-07-r1-C4D4-16t\400\0111\1111\1111.csv,41583,09afd9d93ac51437481798acd5ca315fb9977039d65d0de408e3570bf5873e74
02,Device5,C4D4,1,1000,02_五器件_全部16种mask_400条\2026-09-21-21-07-r1-C4D4-16t\400\1000\1111\1111.csv,41496,75599a66bfc2be4d7080aba2b56c918c76e1d2c0b7c1389ab8768712ad01a7d9
02,Device5,C4D4,1,1001,02_五器件_全部16种mask_400条\2026-09-21-21-07-r1-C4D4-16t\400\1001\1111\1111.csv,41635,65e03101f534ca0f5ddbf4ee51955ad6b5e601b3c1840d8dcf1bc08ccddfa24f
02,Device5,C4D4,1,1010,02_五器件_全部16种mask_400条\2026-09-21-21-07-r1-C4D4-16t\400\1010\1111\1111.csv,41419,7b8ffa8ccf7b90b849efa53c730b84706724763b97a0761987dffbbdf572768b
02,Device5,C4D4,1,1011,02_五器件_全部16种mask_400条\2026-09-21-21-07-r1-C4D4-16t\400\1011\1111\1111.csv,41600,9a85311c3f1eea49b336396521b16bf0997dd5c5773a9207b5651b6b5d09afb1
02,Device5,C4D4,1,1100,02_五器件_全部16种mask_400条\2026-09-21-21-07-r1-C4D4-16t\400\1100\1111\1111.csv,41443,35ddebe3bc5571466584ca6bccbd2d087931ed1c79df6aa7bc8e2cc9b490bc21
02,Device5,C4D4,1,1101,02_五器件_全部16种mask_400条\2026-09-21-21-07-r1-C4D4-16t\400\1101\1111\1111.csv,41592,cb50d1778cbec3d8b40750325ea9f4b414415091b29d7d30aa8c41a5e2127fcf
02,Device5,C4D4,1,1110,02_五器件_全部16种mask_400条\2026-09-21-21-07-r1-C4D4-16t\400\1110\1111\1111.csv,41340,cf10c8d81c11adf6d456c594550e979d56aea971b09fcbfac6360d8fd637cde2
02,Device5,C4D4,1,1111,02_五器件_全部16种mask_400条\2026-09-21-21-07-r1-C4D4-16t\400\1111\1111\1111.csv,41600,04968defb032fb055cbde174e0e18e09ee2ecb6f921e1dad928331737c4afa9d
02,Device5,C4D4,2,0000,02_五器件_全部16种mask_400条\2026-09-21-21-20-r2-C4D4-16t\400\0000\1111\1111.csv,41466,45da075154f7cc83a450ad1d757bc0a2e1e8fc4fdc26a62a3ae86f2ee68c1486
02,Device5,C4D4,2,0001,02_五器件_全部16种mask_400条\2026-09-21-21-20-r2-C4D4-16t\400\0001\1111\1111.csv,41721,03ae1f641708936403d0671de0da20a1fccb9c97c7eb6a71d64976e878cbcec5
02,Device5,C4D4,2,0010,02_五器件_全部16种mask_400条\2026-09-21-21-20-r2-C4D4-16t\400\0010\1111\1111.csv,41446,7fba04658879ae67efb23fca14dab0cc1fc06170b9ccd820837c4fb80ce862f3
02,Device5,C4D4,2,0011,02_五器件_全部16种mask_400条\2026-09-21-21-20-r2-C4D4-16t\400\0011\1111\1111.csv,41618,d379451cf5119711001d6442e6b1eaf3ed4729b3f31cd5a3d1948d95b496c87b
02,Device5,C4D4,2,0100,02_五器件_全部16种mask_400条\2026-09-21-21-20-r2-C4D4-16t\400\0100\1111\1111.csv,41481,ead5672f72f2117498a7797271b6811514b6b001ea4921ac0a40f45c73c197e9
02,Device5,C4D4,2,0101,02_五器件_全部16种mask_400条\2026-09-21-21-20-r2-C4D4-16t\400\0101\1111\1111.csv,41624,3ee0f5617465615c92689a2bca6ce4c475567c18eaa782f652dec968e963518e
02,Device5,C4D4,2,0110,02_五器件_全部16种mask_400条\2026-09-21-21-20-r2-C4D4-16t\400\0110\1111\1111.csv,41382,168b4ed4da82d919ed584076ac9e26a2f313b8be467dac32e0b0d4978e3a90c7
02,Device5,C4D4,2,0111,02_五器件_全部16种mask_400条\2026-09-21-21-20-r2-C4D4-16t\400\0111\1111\1111.csv,41587,e5bf51bed3876ca7fa99d67a532c9036beda361ccc52a72ccde36a2f1a1522be
02,Device5,C4D4,2,1000,02_五器件_全部16种mask_400条\2026-09-21-21-20-r2-C4D4-16t\400\1000\1111\1111.csv,41503,dd990e9954652d2412229cff04579281a1909abe081f7d4cd1d44ef477b80087
02,Device5,C4D4,2,1001,02_五器件_全部16种mask_400条\2026-09-21-21-20-r2-C4D4-16t\400\1001\1111\1111.csv,41663,7ae8f6f520eefda846557e627f6c4a82d83d0e2e8778967e7b43293c78265e4f
02,Device5,C4D4,2,1010,02_五器件_全部16种mask_400条\2026-09-21-21-20-r2-C4D4-16t\400\1010\1111\1111.csv,41422,39651e9fbecb917e51bcf4e2b890cf5f5645255b419899f0dcf56c2087209435
02,Device5,C4D4,2,1011,02_五器件_全部16种mask_400条\2026-09-21-21-20-r2-C4D4-16t\400\1011\1111\1111.csv,41596,737aa4643c2119e87dcba7ae6d906a8c75bea278d0a98e999dfe72154d5b3968
02,Device5,C4D4,2,1100,02_五器件_全部16种mask_400条\2026-09-21-21-20-r2-C4D4-16t\400\1100\1111\1111.csv,41440,b88e0772442bcfea3601096b8f0f0666453f1dbe1140aeda19bbd82d01d04a9f
02,Device5,C4D4,2,1101,02_五器件_全部16种mask_400条\2026-09-21-21-20-r2-C4D4-16t\400\1101\1111\1111.csv,41595,aba1a6b3dce82a3b20a53fa9c6c5d074a0119c2c278481b623c9d5db4ad9522b
02,Device5,C4D4,2,1110,02_五器件_全部16种mask_400条\2026-09-21-21-20-r2-C4D4-16t\400\1110\1111\1111.csv,41334,3b7c76c33bff5807fdf71671b0b0e177147656211ca5ac31955d3d459685b7dc
02,Device5,C4D4,2,1111,02_五器件_全部16种mask_400条\2026-09-21-21-20-r2-C4D4-16t\400\1111\1111\1111.csv,41600,c692296ae1c2804c29f5239d23dc310472bac75a2cbc09e9e14706a90f61ce9f
02,Device5,C4D4,3,0000,02_五器件_全部16种mask_400条\2026-09-21-21-33-r3-C4D4-16t\400\0000\1111\1111.csv,41471,4dd10d5d97710562f442d3f6a47784a860b0320abc0c9f7986fe7d7d2fc27792
02,Device5,C4D4,3,0001,02_五器件_全部16种mask_400条\2026-09-21-21-33-r3-C4D4-16t\400\0001\1111\1111.csv,41717,e98c73531014449b5044e6233e0f4baced1749bd04fcca49ca0924ef387752dc
02,Device5,C4D4,3,0010,02_五器件_全部16种mask_400条\2026-09-21-21-33-r3-C4D4-16t\400\0010\1111\1111.csv,41446,52fe194db7e79702b1696381090aad5dd2303aca618221aa44c1e98a9d8f1da4
02,Device5,C4D4,3,0011,02_五器件_全部16种mask_400条\2026-09-21-21-33-r3-C4D4-16t\400\0011\1111\1111.csv,41613,29b99563c26ae22d199f761e57edc17063005b772ec5a81b05058b32cb14a4be
02,Device5,C4D4,3,0100,02_五器件_全部16种mask_400条\2026-09-21-21-33-r3-C4D4-16t\400\0100\1111\1111.csv,41475,ab374f402a54aa0ce1da87fa8e5efb2321d407c2c23fc2a2087b0f94b270645a
02,Device5,C4D4,3,0101,02_五器件_全部16种mask_400条\2026-09-21-21-33-r3-C4D4-16t\400\0101\1111\1111.csv,41618,a7d20a4690941f6f7c5d20d6fd18f850c4b03d64b9fa04f08d7e82db21068a68
02,Device5,C4D4,3,0110,02_五器件_全部16种mask_400条\2026-09-21-21-33-r3-C4D4-16t\400\0110\1111\1111.csv,41388,9199698344278668351ba3d54b90976c1e218426123ae37ceb6e2bae3afb9a34
02,Device5,C4D4,3,0111,02_五器件_全部16种mask_400条\2026-09-21-21-33-r3-C4D4-16t\400\0111\1111\1111.csv,41578,df35074c8a1938c6c7030385a5bdf7970751545d6f3be0d6b1873508fbe6108f
02,Device5,C4D4,3,1000,02_五器件_全部16种mask_400条\2026-09-21-21-33-r3-C4D4-16t\400\1000\1111\1111.csv,41501,528711e7f947e9b9461ba264bdfa5c2564a22a5e7654fd04d1d3d3cf2c6eae51
02,Device5,C4D4,3,1001,02_五器件_全部16种mask_400条\2026-09-21-21-33-r3-C4D4-16t\400\1001\1111\1111.csv,41641,e8dfad29a77004cd27c73113cf8feffeda66ab69365367ca4242fed135cd69ed
02,Device5,C4D4,3,1010,02_五器件_全部16种mask_400条\2026-09-21-21-33-r3-C4D4-16t\400\1010\1111\1111.csv,41424,4de7334b6e0eb23764e7fed14a2c82a6ffa2e932f60fa0edfb05a72f8a00bbf9
02,Device5,C4D4,3,1011,02_五器件_全部16种mask_400条\2026-09-21-21-33-r3-C4D4-16t\400\1011\1111\1111.csv,41599,1fa731affc377f70dfd7164a84be2367d6a8dd3e72443493a0439567ab790c77
02,Device5,C4D4,3,1100,02_五器件_全部16种mask_400条\2026-09-21-21-33-r3-C4D4-16t\400\1100\1111\1111.csv,41451,c05a1c4405c8661e6eed696f4dddfa24df592a5122ffad2cab998a3a5855e1a1
02,Device5,C4D4,3,1101,02_五器件_全部16种mask_400条\2026-09-21-21-33-r3-C4D4-16t\400\1101\1111\1111.csv,41592,38ae6eb02598fb915d9509561a8049bddd7604db5dde7c1dd07feea88929588a
02,Device5,C4D4,3,1110,02_五器件_全部16种mask_400条\2026-09-21-21-33-r3-C4D4-16t\400\1110\1111\1111.csv,41336,f98a6662edf515e44afec91a4eab334886439ce006384a36554dabd964441644
02,Device5,C4D4,3,1111,02_五器件_全部16种mask_400条\2026-09-21-21-33-r3-C4D4-16t\400\1111\1111\1111.csv,41600,be1062205be7c02b6ce83a6363580499ee21b5d161c8cc38b1b4f9b162c86a65
02,Device5,C4D4,4,0000,02_五器件_全部16种mask_400条\2026-09-21-21-46-r4-C4D4-16t\400\0000\1111\1111.csv,41471,68ad5b92f2c190fc8576383ce20dbcc2f00b6bfd27a21cd2450586b04eef77ac
02,Device5,C4D4,4,0001,02_五器件_全部16种mask_400条\2026-09-21-21-46-r4-C4D4-16t\400\0001\1111\1111.csv,41724,81ebf2ee0e1a03abbf08b5efee8901585858b9ba7681f0d452a70c9efd7cb9f6
02,Device5,C4D4,4,0010,02_五器件_全部16种mask_400条\2026-09-21-21-46-r4-C4D4-16t\400\0010\1111\1111.csv,41436,8bcfc5ecc4d2b1ca6581f2b4b280a5927b886295007f97b6b387b22986509655
02,Device5,C4D4,4,0011,02_五器件_全部16种mask_400条\2026-09-21-21-46-r4-C4D4-16t\400\0011\1111\1111.csv,41611,28db4efb2cbff98865db0e0eaa3cbeccec7932a42fd836e38da14ec9b41a9108
02,Device5,C4D4,4,0100,02_五器件_全部16种mask_400条\2026-09-21-21-46-r4-C4D4-16t\400\0100\1111\1111.csv,41468,2fdd6f17aa4027242a98295220f707cf2241dbed703d9cb5601d18f00f20700d
02,Device5,C4D4,4,0101,02_五器件_全部16种mask_400条\2026-09-21-21-46-r4-C4D4-16t\400\0101\1111\1111.csv,41620,7e100a28060e5abbe8d20d7b85051c8613fa5261a71eeab4b1533eb9b1361780
02,Device5,C4D4,4,0110,02_五器件_全部16种mask_400条\2026-09-21-21-46-r4-C4D4-16t\400\0110\1111\1111.csv,41376,49a56f276f6f7909c092937ab459f5e5e00453e1dbadb11e11d4459a90d45943
02,Device5,C4D4,4,0111,02_五器件_全部16种mask_400条\2026-09-21-21-46-r4-C4D4-16t\400\0111\1111\1111.csv,41585,51ea74f23ef3e004f7a18a733079fc0717acbc666e6d81420bdf2399c6dd2158
02,Device5,C4D4,4,1000,02_五器件_全部16种mask_400条\2026-09-21-21-46-r4-C4D4-16t\400\1000\1111\1111.csv,41501,5a1056e51431d7552792f54af4a999b1d76a525121d7ba1b076cef3417e0a829
02,Device5,C4D4,4,1001,02_五器件_全部16种mask_400条\2026-09-21-21-46-r4-C4D4-16t\400\1001\1111\1111.csv,41642,338851916746325e8f97cfed19b98f912656f923193175334acb3cb307b48178
02,Device5,C4D4,4,1010,02_五器件_全部16种mask_400条\2026-09-21-21-46-r4-C4D4-16t\400\1010\1111\1111.csv,41416,36c7e982a88642cdbdbf453dcdfa826c6cf1faf1bff043d35a08b9a3198c068b
02,Device5,C4D4,4,1011,02_五器件_全部16种mask_400条\2026-09-21-21-46-r4-C4D4-16t\400\1011\1111\1111.csv,41598,a34f453854ebff9300b31da7dd77b138dfbc2418645ddf4e3163725635debb9c
02,Device5,C4D4,4,1100,02_五器件_全部16种mask_400条\2026-09-21-21-46-r4-C4D4-16t\400\1100\1111\1111.csv,41446,9f25396b87f3e9e369e1870b61db919df46bc0567df4cfb0f2b605cbfaf0ba9c
02,Device5,C4D4,4,1101,02_五器件_全部16种mask_400条\2026-09-21-21-46-r4-C4D4-16t\400\1101\1111\1111.csv,41592,c22e63e82bcb412a2eccc35e8b5abd3061480fade9b4071a4d739d0a7c98cb6f
02,Device5,C4D4,4,1110,02_五器件_全部16种mask_400条\2026-09-21-21-46-r4-C4D4-16t\400\1110\1111\1111.csv,41332,3bfd7ee3dc6db62d94a1bbab9114919cac79898877a0299573bab0d45aaf5207
02,Device5,C4D4,4,1111,02_五器件_全部16种mask_400条\2026-09-21-21-46-r4-C4D4-16t\400\1111\1111\1111.csv,41600,4768d4a642a60b31a1321d748f63c181d98c3a982bf45c5b42727c38c59cf985
02,Device5,C4D4,5,0000,02_五器件_全部16种mask_400条\2026-09-21-21-59-r5-C4D4-16t\400\0000\1111\1111.csv,41466,ff168e9b9fd454860bf1d18ae71fbce53d7afc919403e3cb906941851d0ce01c
02,Device5,C4D4,5,0001,02_五器件_全部16种mask_400条\2026-09-21-21-59-r5-C4D4-16t\400\0001\1111\1111.csv,41726,ba065cb604c038508337e50f74708845886eca250c737f30b7ec9af5d609cb75
02,Device5,C4D4,5,0010,02_五器件_全部16种mask_400条\2026-09-21-21-59-r5-C4D4-16t\400\0010\1111\1111.csv,41445,be98642702de35bd3be5322ee359a5c6f13b14cfb9139cb7eb088d3d6caa88af
02,Device5,C4D4,5,0011,02_五器件_全部16种mask_400条\2026-09-21-21-59-r5-C4D4-16t\400\0011\1111\1111.csv,41616,2b5ba638ffc0604d7e837ec8706b40546ca0a030391ec1e9945b337204958955
02,Device5,C4D4,5,0100,02_五器件_全部16种mask_400条\2026-09-21-21-59-r5-C4D4-16t\400\0100\1111\1111.csv,41480,25844f0fbe05a0c51b3d09c5e7368a59c3f547ae779a057592bc392731437547
02,Device5,C4D4,5,0101,02_五器件_全部16种mask_400条\2026-09-21-21-59-r5-C4D4-16t\400\0101\1111\1111.csv,41620,8a25c6887466802ee85a2611815317e36834333cb9962a0b18ca0253031427d4
02,Device5,C4D4,5,0110,02_五器件_全部16种mask_400条\2026-09-21-21-59-r5-C4D4-16t\400\0110\1111\1111.csv,41377,7e3f5ba19a8551e08087c32e7031a275e2fb7295ad7e55de4817795fc8505fa9
02,Device5,C4D4,5,0111,02_五器件_全部16种mask_400条\2026-09-21-21-59-r5-C4D4-16t\400\0111\1111\1111.csv,41585,c97e7ee30aa68574cd96c11c9952914bc56f527c93bb472530fb352b53485d26
02,Device5,C4D4,5,1000,02_五器件_全部16种mask_400条\2026-09-21-21-59-r5-C4D4-16t\400\1000\1111\1111.csv,41499,f6b2100e8a7283f7e95c662fc7fcf420f0e66957ca83527c32bf0502f6abac73
02,Device5,C4D4,5,1001,02_五器件_全部16种mask_400条\2026-09-21-21-59-r5-C4D4-16t\400\1001\1111\1111.csv,41630,2603e5c00f8b56cf735ab84f6ec821a7b665a3579700ca3426c7bfcc9d264933
02,Device5,C4D4,5,1010,02_五器件_全部16种mask_400条\2026-09-21-21-59-r5-C4D4-16t\400\1010\1111\1111.csv,41422,70974dd5df40dc82f0e034fad7d8523c7bd779f619363315a97405aa325d4e91
02,Device5,C4D4,5,1011,02_五器件_全部16种mask_400条\2026-09-21-21-59-r5-C4D4-16t\400\1011\1111\1111.csv,41598,ab0d6e67481d5aa4478d5f478fb177ea949d7f57cf7e20f56293761e8d45d943
02,Device5,C4D4,5,1100,02_五器件_全部16种mask_400条\2026-09-21-21-59-r5-C4D4-16t\400\1100\1111\1111.csv,41446,4d6473ad4ddc2623167bd50b33e26270cb253dcd7762688dccd50277029760c9
02,Device5,C4D4,5,1101,02_五器件_全部16种mask_400条\2026-09-21-21-59-r5-C4D4-16t\400\1101\1111\1111.csv,41589,fc2bd2b10b3233179028313d32ddcae0139731fd2f1f3fc6c8ce8f4847ddf38b
02,Device5,C4D4,5,1110,02_五器件_全部16种mask_400条\2026-09-21-21-59-r5-C4D4-16t\400\1110\1111\1111.csv,41339,428086d0639ca4356cb518747787b72a97546379322da86da58988bf25340015
02,Device5,C4D4,5,1111,02_五器件_全部16种mask_400条\2026-09-21-21-59-r5-C4D4-16t\400\1111\1111\1111.csv,41600,b2fb699ed1b3538c84366e8b6792a70683ada482cec4dd99d5184f4459d1dfaf
