device,cycle,mask,estimated_knee_s,wider_window_knee_s,fit_improvement,fit_rms_mV,slope_jump_V_per_s,edge_unclear,reason,proposed_off_index,proposed_off_s,proposed_shift_ms,applied_off_index,applied_shift_ms,status
C2D1,1,0000,36.43,36.43,0.9737636072339036,0.2163350805071699,0.1312658407570865,False,,911,36.44,40,911,40,candidate for visual review
C2D1,1,0001,36.445,36.445,0.9921507004104207,0.2464839249224535,-0.2867032894746968,False,,911,36.44,40,911,40,candidate for visual review
C2D1,1,0010,36.41,36.41,0.9965903653122508,0.1885566970877493,0.304180694373267,False,,910,36.4,0,910,0,candidate for visual review
C2D1,1,0011,36.425,36.425,0.992071588886006,0.2462322277162285,-0.2526705308145939,False,,911,36.44,40,911,40,candidate for visual review
C2D1,1,0100,36.435,36.435,0.991573192369826,0.2606200666265159,0.28120245377361,False,,911,36.44,40,911,40,candidate for visual review
C2D1,1,0101,36.445,36.445,0.9938827666916232,0.2143190302680312,-0.2819915322941556,False,,911,36.44,40,911,40,candidate for visual review
C2D1,1,0110,36.405,36.405,0.9976214411400336,0.155318712405733,0.3067715158253095,False,,910,36.4,0,910,0,candidate for visual review
C2D1,1,0111,36.425,36.425,0.9871278920725984,0.2992515153433333,-0.2401870356243112,False,,911,36.44,40,911,40,candidate for visual review
C2D1,1,1000,36.43,36.43,0.994455176293357,0.2004168051949826,0.2644573885770271,False,,911,36.44,40,911,40,candidate for visual review
C2D1,1,1001,36.435,36.435,0.994682963281092,0.2111995824868976,-0.2978438882679697,False,,911,36.44,40,911,40,candidate for visual review
C2D1,1,1010,36.41,36.41,0.9965979165364404,0.1808596329100509,0.2896766366469053,False,,910,36.4,0,910,0,candidate for visual review
C2D1,1,1011,36.455,36.455,0.992586078481356,0.2226754862476274,-0.2555023898282805,False,,911,36.44,40,911,40,candidate for visual review
C2D1,1,1100,36.435,36.435,0.992457056145772,0.2542953611635252,0.2947394105150422,False,,911,36.44,40,911,40,candidate for visual review
C2D1,1,1101,36.41,36.405,0.9935838074713036,0.2372675961225277,-0.2722003349317433,False,,910,36.4,0,910,0,candidate for visual review
C2D1,1,1110,36.435,36.435,0.9946673900482506,0.2293530350199879,0.3203806808388697,False,,911,36.44,40,911,40,candidate for visual review
C2D1,1,1111,36.43,36.43,0.9666006214238606,0.2267728717923232,-0.1191801030782412,False,,911,36.44,40,911,40,candidate for visual review
C2D1,2,0000,36.45,36.45,0.9739069645662678,0.2066850025465402,0.1286395974928505,False,,911,36.44,40,911,40,candidate for visual review
C2D1,2,0001,36.425,36.415,0.9938873760846052,0.2610030976976989,-0.2944540617873287,False,,911,36.44,40,911,40,candidate for visual review
C2D1,2,0010,36.45,36.45,0.9963855705734392,0.1727535097260988,0.2895551225988362,False,,911,36.44,40,911,40,candidate for visual review
C2D1,2,0011,36.465,36.465,0.9954009376777988,0.1801987977768593,-0.2597712375563642,False,,912,36.48,80,912,80,candidate for visual review
C2D1,2,0100,36.415,36.415,0.9952290838971892,0.2193567830835102,0.3002526037929445,False,,910,36.4,0,910,0,candidate for visual review
C2D1,2,0101,36.415,36.415,0.993815294237624,0.2297994530804321,-0.2739366149144185,False,,910,36.4,0,910,0,candidate for visual review
C2D1,2,0110,36.41,36.41,0.9897318579565376,0.3279693506476365,0.3048891300086145,False,,910,36.4,0,910,0,candidate for visual review
C2D1,2,0111,36.4,36.4,0.9921194917847568,0.2568934748138446,-0.2489139182170359,False,,910,36.4,0,910,0,candidate for visual review
C2D1,2,1000,36.405,36.405,0.9934758842149158,0.2536745666218373,0.2852783569118206,False,,910,36.4,0,910,0,candidate for visual review
C2D1,2,1001,36.415,36.415,0.9953652415407004,0.2099335750721775,-0.292410049793816,False,,910,36.4,0,910,0,candidate for visual review
C2D1,2,1010,36.435,36.43,0.9942567346810536,0.2287555147219467,0.3053360874599541,False,,911,36.44,40,911,40,candidate for visual review
C2D1,2,1011,36.435,36.435,0.9966845803187742,0.1527653200262532,-0.2705645890147965,False,,911,36.44,40,911,40,candidate for visual review
C2D1,2,1100,36.435,36.435,0.9977647920273768,0.1459339714511879,0.3112015441849366,False,,911,36.44,40,911,40,candidate for visual review
C2D1,2,1101,36.41,36.41,0.9976874706045102,0.1464352007227399,-0.2852075416380902,False,,910,36.4,0,910,0,candidate for visual review
C2D1,2,1110,36.425,36.425,0.994132248057328,0.2590494259357773,0.3224762794590105,False,,911,36.44,40,911,40,candidate for visual review
C2D1,2,1111,36.425,36.425,0.9774059197928984,0.1712005963609957,-0.1005921708260872,False,,911,36.44,40,911,40,candidate for visual review
C2D1,3,0000,36.405,36.4,0.9357310578472378,0.3917439834301661,0.1250569471610611,False,,910,36.4,0,910,0,candidate for visual review
C2D1,3,0001,36.435,36.435,0.9912519463479728,0.2722930607362799,-0.2988442553357129,False,,911,36.44,40,911,40,candidate for visual review
C2D1,3,0010,36.435,36.435,0.9932737727364056,0.2295145458766927,0.2842748349560295,False,,911,36.44,40,911,40,candidate for visual review
C2D1,3,0011,36.425,36.425,0.9950603313979872,0.2187788791984473,-0.2863050553369208,False,,911,36.44,40,911,40,candidate for visual review
C2D1,3,0100,36.41,36.41,0.9975539246505052,0.1575137705053138,0.2967269497718814,False,,910,36.4,0,910,0,candidate for visual review
C2D1,3,0101,36.435,36.435,0.9913524659379316,0.2609735674550335,-0.2880305847345591,False,,911,36.44,40,911,40,candidate for visual review
C2D1,3,0110,36.465,36.465,0.9841544832042798,0.3760498683333119,0.2943852400786986,False,,912,36.48,80,912,80,candidate for visual review
C2D1,3,0111,36.395,36.395,0.9961549974712354,0.1961071914259003,-0.2772385362840003,False,,910,36.4,0,910,0,candidate for visual review
C2D1,3,1000,36.4,36.4,0.9877552702600046,0.3591004872591734,0.295498044757414,False,,910,36.4,0,910,0,candidate for visual review
C2D1,3,1001,36.43,36.43,0.9966689407826942,0.1733577740495859,-0.3021305203224309,False,,911,36.44,40,911,40,candidate for visual review
C2D1,3,1010,36.45,36.45,0.997769322887312,0.1449800821938953,0.3113798488568503,False,,911,36.44,40,911,40,candidate for visual review
C2D1,3,1011,36.415,36.415,0.9938055051522504,0.2333232742111662,-0.2768435311943862,False,,910,36.4,0,910,0,candidate for visual review
C2D1,3,1100,36.415,36.415,0.9960302597218806,0.2125963498798987,0.3122849750851255,False,,910,36.4,0,910,0,candidate for visual review
C2D1,3,1101,36.45,36.45,0.9972825816941424,0.1520928858086567,-0.2907164738973756,False,,911,36.44,40,911,40,candidate for visual review
C2D1,3,1110,36.405,36.405,0.997331261768464,0.1861891154778188,0.3361467421919496,False,,910,36.4,0,910,0,candidate for visual review
C2D1,3,1111,36.425,36.43,0.8960060481981142,0.3417562385793977,-0.0975007939035468,False,,911,36.44,40,911,40,candidate for visual review
C2D1,4,0000,36.455,36.455,0.9826960057051796,0.1625214115275419,0.1214296319871322,False,,911,36.44,40,911,40,candidate for visual review
C2D1,4,0001,36.41,36.41,0.9980702368544913,0.1399583957603744,-0.3024843579824539,False,,910,36.4,0,910,0,candidate for visual review
C2D1,4,0010,36.45,36.45,0.99196151780233,0.2532313249140165,0.2834496340711643,False,,911,36.44,40,911,40,candidate for visual review
C2D1,4,0011,36.445,36.445,0.993585130381816,0.2266242011683529,-0.2919426786889095,False,,911,36.44,40,911,40,candidate for visual review
C2D1,4,0100,36.41,36.41,0.9968499733798558,0.1812673977990571,0.300544416975736,False,,910,36.4,0,910,0,candidate for visual review
C2D1,4,0101,36.405,36.405,0.990201981613767,0.2975858547445983,-0.2776082571906156,False,,910,36.4,0,910,0,candidate for visual review
C2D1,4,0110,36.425,36.425,0.9956513585993568,0.2132348503145359,0.3045986546766365,False,,911,36.44,40,911,40,candidate for visual review
C2D1,4,0111,36.405,36.405,0.9988098859829552,0.1088221074099788,-0.2593441890868171,False,,910,36.4,0,910,0,candidate for visual review
C2D1,4,1000,36.415,36.415,0.9901130258798688,0.3119946249047055,0.2879205860327696,False,,910,36.4,0,910,0,candidate for visual review
C2D1,4,1001,36.415,36.41,0.9951132629778352,0.2274346091025965,-0.2850569076010869,False,,910,36.4,0,910,0,candidate for visual review
C2D1,4,1010,36.455,36.455,0.9937093784839512,0.271605351925698,0.3245338683848837,False,,911,36.44,40,911,40,candidate for visual review
C2D1,4,1011,36.415,36.415,0.9966772504520468,0.1885716595442681,-0.278811416652663,False,,910,36.4,0,910,0,candidate for visual review
C2D1,4,1100,36.415,36.415,0.9957949224969196,0.2176402165524747,0.3096470668055738,False,,910,36.4,0,910,0,candidate for visual review
C2D1,4,1101,36.43,36.43,0.998018276684521,0.1341567079856243,-0.2980703457478392,False,,911,36.44,40,911,40,candidate for visual review
C2D1,4,1110,36.44,36.44,0.9978843459835112,0.1540582864367796,0.3482331716666756,False,,911,36.44,40,911,40,candidate for visual review
C2D1,4,1111,36.425,36.425,0.9835483214463,0.1452301977366039,-0.1088452572613173,False,,911,36.44,40,911,40,candidate for visual review
C2D1,5,0000,36.43,36.43,0.9825338999325468,0.1891427460826542,0.1340546739054945,False,,911,36.44,40,911,40,candidate for visual review
C2D1,5,0001,36.415,36.415,0.9902606688303623,0.2908606283055537,-0.2803962947820383,False,,910,36.4,0,910,0,candidate for visual review
C2D1,5,0010,36.405,36.405,0.9950957610822052,0.2181837730692077,0.2961461871732212,False,,910,36.4,0,910,0,candidate for visual review
C2D1,5,0011,36.435,36.435,0.9948643296450892,0.1902386145638066,-0.2726930447313079,False,,911,36.44,40,911,40,candidate for visual review
C2D1,5,0100,36.4,36.4,0.9900123858317168,0.3413543343927139,0.3027101242873062,False,,910,36.4,0,910,0,candidate for visual review
C2D1,5,0101,36.425,36.425,0.9953615044703008,0.203098039216535,-0.2783230899583141,False,,911,36.44,40,911,40,candidate for visual review
C2D1,5,0110,36.455,36.45,0.9934562079964586,0.2564977713097935,0.3081231336729034,False,,911,36.44,40,911,40,candidate for visual review
C2D1,5,0111,36.395,36.395,0.993735930044326,0.2470771535000884,-0.2696195173686342,False,,910,36.4,0,910,0,candidate for visual review
C2D1,5,1000,36.41,36.41,0.9963903838151948,0.1902719448242849,0.2919649231798239,False,,910,36.4,0,910,0,candidate for visual review
C2D1,5,1001,36.405,36.405,0.9931569932542051,0.2569283673282487,-0.2828997601126755,False,,910,36.4,0,910,0,candidate for visual review
C2D1,5,1010,36.415,36.415,0.992391295534873,0.2744407202024796,0.3037964491028126,False,,910,36.4,0,910,0,candidate for visual review
C2D1,5,1011,36.415,36.415,0.988597250464667,0.3322842873643474,-0.2806380375919159,False,,910,36.4,0,910,0,candidate for visual review
C2D1,5,1100,36.435,36.43,0.9916070398387856,0.2745341954192142,0.2942070005740603,False,,911,36.44,40,911,40,candidate for visual review
C2D1,5,1101,36.41,36.41,0.9974978264403788,0.1477819494521273,-0.2866250346927971,False,,910,36.4,0,910,0,candidate for visual review
C2D1,5,1110,36.425,36.425,0.9887528630726492,0.3349928970250432,0.3045980843627626,False,,911,36.44,40,911,40,candidate for visual review
C2D1,5,1111,36.415,36.42,0.9744347703101708,0.2026717719651908,-0.121847639878314,False,,910,36.4,0,910,0,candidate for visual review
C2D3,1,0000,36.44,36.44,0.960310174269208,0.2174756819229448,0.1113401033928582,False,,911,36.44,40,911,40,candidate for visual review
C2D3,1,0001,36.435,36.43,0.9963818995556412,0.4806890462595348,-0.7730417248233392,False,,911,36.44,40,911,40,candidate for visual review
C2D3,1,0010,36.405,36.405,0.998154583946526,0.36903327021931,0.3376259696475198,False,,910,36.4,0,910,0,candidate for visual review
C2D3,1,0011,36.425,36.425,0.9986425913756172,0.169059195455778,-0.2814931843098308,False,,911,36.44,40,911,40,candidate for visual review
C2D3,1,0100,36.425,36.435,0.97569353248313,0.1967404129283232,0.0951084223475442,False,,911,36.44,40,911,40,candidate for visual review
C2D3,1,0101,36.405,36.405,0.9989642898034006,0.2648788073506601,-0.6898216861297943,False,,910,36.4,0,910,0,candidate for visual review
C2D3,1,0110,36.43,36.425,0.9963017181368532,0.6066100279526502,0.9408245195922372,False,,911,36.44,40,911,40,candidate for visual review
C2D3,1,0111,36.4,36.4,0.963867890702396,0.1052905358753152,-0.0394442425570489,False,,910,36.4,0,910,0,candidate for visual review
C2D3,1,1000,36.42,36.415,0.977510978592865,0.1452186567955534,0.0714459084548522,False,,911,36.44,40,911,40,candidate for visual review
C2D3,1,1001,36.435,36.435,0.998871352781212,0.2545105658217164,-0.7383503183253664,False,,911,36.44,40,911,40,candidate for visual review
C2D3,1,1010,36.435,36.43,0.9904362013123944,0.8094262006988924,0.6414915202349195,False,,911,36.44,40,911,40,candidate for visual review
C2D3,1,1011,36.445,36.45,0.986970718614918,0.2091110283362308,-0.0868769122958943,False,,911,36.44,40,911,40,candidate for visual review
C2D3,1,1100,36.465,36.51,0.962869129736026,0.5079812241192183,0.0778133775778039,True,window-sensitive,912,36.48,80,910,0,unclear: nominal time retained
C2D3,1,1101,36.435,36.435,0.9985700116295064,0.2145112831409037,-0.4595371179124933,False,,911,36.44,40,911,40,candidate for visual review
C2D3,1,1110,36.405,36.405,0.9988675240928132,0.3911158602623108,1.0250420110995786,False,,910,36.4,0,910,0,candidate for visual review
C2D3,1,1111,36.43,36.43,0.92428918825552,0.1370109517270227,-0.0484321065536481,False,,911,36.44,40,911,40,candidate for visual review
C2D3,2,0000,36.435,36.43,0.9730893968209432,0.1545902092971536,0.087344919202908,False,,911,36.44,40,911,40,candidate for visual review
C2D3,2,0001,36.45,36.45,0.9983347056994484,0.2935180357751345,-0.710245706766407,False,,911,36.44,40,911,40,candidate for visual review
C2D3,2,0010,36.435,36.435,0.9942125887742254,0.6010301890875179,0.3895020017654095,False,,911,36.44,40,911,40,candidate for visual review
C2D3,2,0011,36.415,36.42,0.9954921239521428,0.2716625336379656,-0.2044247434780648,False,,910,36.4,0,910,0,candidate for visual review
C2D3,2,0100,36.43,36.44,0.9709137865403312,0.2208774518108171,0.0877690399840186,False,,911,36.44,40,911,40,candidate for visual review
C2D3,2,0101,36.395,36.395,0.9997810570527196,0.1429170347249892,-0.6797757605917479,False,,910,36.4,0,910,0,candidate for visual review
C2D3,2,0110,36.41,36.41,0.998759732834234,0.4022689192515713,0.9927840024355288,False,,910,36.4,0,910,0,candidate for visual review
C2D3,2,0111,36.42,36.425,0.9402908865995852,0.1380135059354012,-0.0525000652048129,False,,911,36.44,40,911,40,candidate for visual review
C2D3,2,1000,36.415,36.415,0.9654117475775568,0.2468577819218299,0.1193483982622885,False,,910,36.4,0,910,0,candidate for visual review
C2D3,2,1001,36.41,36.41,0.9991617346329976,0.2815375485232874,-0.7462559920953391,False,,910,36.4,0,910,0,candidate for visual review
C2D3,2,1010,36.41,36.41,0.9925398269334784,0.8215386718510811,0.7297101931199431,False,,910,36.4,0,910,0,candidate for visual review
C2D3,2,1011,36.425,36.44,0.9248325008519912,0.3757805607848837,-0.054980891745902,False,,911,36.44,40,911,40,candidate for visual review
C2D3,2,1100,36.435,36.455,0.9791201396972922,0.5199080438074403,0.0661733395104393,False,,911,36.44,40,911,40,candidate for visual review
C2D3,2,1101,36.455,36.455,0.994752317907304,0.378275305455227,-0.4010975106005368,False,,911,36.44,40,911,40,candidate for visual review
C2D3,2,1110,36.4,36.4,0.999670137011126,0.2220578439628787,1.069332192207423,False,,910,36.4,0,910,0,candidate for visual review
C2D3,2,1111,36.38,36.39,0.7062337319148573,0.2104410738808929,-0.0298077539251305,False,,910,36.4,0,910,0,candidate for visual review
C2D3,3,0000,36.43,36.43,0.9628858608944634,0.197320624929517,0.1014859933843773,False,,911,36.44,40,911,40,candidate for visual review
C2D3,3,0001,36.405,36.405,0.9985993463256811,0.3941637931502986,-0.8204181398864382,False,,910,36.4,0,910,0,candidate for visual review
C2D3,3,0010,36.43,36.43,0.993220936426814,0.7324830962044953,0.5344196058136074,False,,911,36.44,40,911,40,candidate for visual review
C2D3,3,0011,36.425,36.425,0.9870861129539772,0.4548038864050545,-0.1426872542434915,False,,911,36.44,40,911,40,candidate for visual review
C2D3,3,0100,36.46,36.46,0.9093862989732152,0.3674946476824403,0.0857754720811545,False,,912,36.48,80,912,80,candidate for visual review
C2D3,3,0101,36.465,36.465,0.997930671617056,0.2848562857674648,-0.5193418387726751,False,,912,36.48,80,912,80,candidate for visual review
C2D3,3,0110,36.435,36.435,0.9984636311418306,0.4066484604558613,1.0304223675965802,False,,911,36.44,40,911,40,candidate for visual review
C2D3,3,0111,36.42,36.41,0.8723180701306322,0.4211796621767028,-0.0791629114519118,False,,911,36.44,40,911,40,candidate for visual review
C2D3,3,1000,36.435,36.435,0.972252580517415,0.168490663164096,0.1003021849746356,False,,911,36.44,40,911,40,candidate for visual review
C2D3,3,1001,36.43,36.425,0.9932023807274024,0.8182796121840133,-0.708906926085831,False,,911,36.44,40,911,40,candidate for visual review
C2D3,3,1010,36.43,36.43,0.992319178161666,0.8145137463523651,0.8026827039226077,False,,911,36.44,40,911,40,candidate for visual review
C2D3,3,1011,36.41,36.405,0.994910985485398,0.1553426916695464,-0.0952019037536538,False,,910,36.4,0,910,0,candidate for visual review
C2D3,3,1100,36.42,36.43,0.9820524883955184,0.4282138001684602,0.0904253671066064,False,,911,36.44,40,911,40,candidate for visual review
C2D3,3,1101,36.435,36.44,0.9928510606284314,0.5210959712575864,-0.3869559431576345,False,,911,36.44,40,911,40,candidate for visual review
C2D3,3,1110,36.4,36.4,0.9993770902995192,0.3019552329929474,1.0724794001618498,False,,910,36.4,0,910,0,candidate for visual review
C2D3,3,1111,36.445,36.45,0.873121627159616,0.2506927869528684,-0.0673775364783067,False,,911,36.44,40,911,40,candidate for visual review
C2D3,4,0000,36.415,36.425,0.9788973984078216,0.1714065916417501,0.1118352124929939,False,,910,36.4,0,910,0,candidate for visual review
C2D3,4,0001,36.405,36.405,0.99881698386348,0.3777029639116207,-0.7418232640177362,False,,910,36.4,0,910,0,candidate for visual review
C2D3,4,0010,36.395,36.395,0.99653289090751,0.6709139395589986,0.7231444500759558,False,,910,36.4,0,910,0,candidate for visual review
C2D3,4,0011,36.455,36.465,0.996722755439852,0.180543038923272,-0.0028718302001196,False,,911,36.44,40,911,40,candidate for visual review
C2D3,4,0100,36.435,36.435,0.9853517881885056,0.1939266233927682,0.0903287506696579,False,,911,36.44,40,911,40,candidate for visual review
C2D3,4,0101,36.415,36.415,0.9992247230821586,0.2493502430372095,-0.5101045297702957,False,,910,36.4,0,910,0,candidate for visual review
C2D3,4,0110,36.435,36.435,0.998426117386726,0.4199892113535466,1.0511460079477577,False,,911,36.44,40,911,40,candidate for visual review
C2D3,4,0111,36.42,36.42,0.9646310288766088,0.1714752393222277,-0.0675108084079817,False,,911,36.44,40,911,40,candidate for visual review
C2D3,4,1000,36.43,36.43,0.9735232861710712,0.1973958781013514,0.1177612510809678,False,,911,36.44,40,911,40,candidate for visual review
C2D3,4,1001,36.44,36.435,0.9985489170389754,0.3314993875457679,-0.6487557419045324,False,,911,36.44,40,911,40,candidate for visual review
C2D3,4,1010,36.43,36.43,0.992500157169162,0.8273062242511021,0.8391049040220067,False,,911,36.44,40,911,40,candidate for visual review
C2D3,4,1011,36.52,36.435,0.9077955637577556,0.5321145885776657,0.0727740878950797,True,search boundary;window-sensitive,913,36.52,120,910,0,unclear: nominal time retained
C2D3,4,1100,36.43,36.435,0.9875592865181404,0.3517340491337379,0.0978742891589577,False,,911,36.44,40,911,40,candidate for visual review
C2D3,4,1101,36.475,36.475,0.9923594659457096,0.478078956078787,-0.2433578409200808,False,,912,36.48,80,912,80,candidate for visual review
C2D3,4,1110,36.425,36.425,0.9949702581862394,0.794633297254103,1.0058727381226755,False,,911,36.44,40,911,40,candidate for visual review
C2D3,4,1111,36.445,36.43,0.8635513624388251,0.3756067444120591,-0.0239089558212392,False,,911,36.44,40,911,40,candidate for visual review
C2D3,5,0000,36.44,36.44,0.9711292472755776,0.2047696526629984,0.1152925804166574,False,,911,36.44,40,911,40,candidate for visual review
C2D3,5,0001,36.445,36.445,0.9978550028137774,0.3929949429853297,-0.6386660788345764,False,,911,36.44,40,911,40,candidate for visual review
C2D3,5,0010,36.405,36.405,0.9990758448976234,0.3391812202701897,0.8170403698476085,False,,910,36.4,0,910,0,candidate for visual review
C2D3,5,0011,36.43,36.43,0.9897075106017508,0.314793967254985,-0.0879017600594776,False,,911,36.44,40,911,40,candidate for visual review
C2D3,5,0100,36.44,36.445,0.9898038781921892,0.1805461436325343,0.0928724156547135,False,,911,36.44,40,911,40,candidate for visual review
C2D3,5,0101,36.435,36.435,0.99941700831671,0.2180443919247214,-0.4677012198146308,False,,911,36.44,40,911,40,candidate for visual review
C2D3,5,0110,36.4,36.4,0.9997460756043668,0.1923638132951305,1.0448507569526435,False,,910,36.4,0,910,0,candidate for visual review
C2D3,5,0111,36.39,36.385,0.9837445532679838,0.1961496515572139,-0.068812712551215,False,,910,36.4,0,910,0,candidate for visual review
C2D3,5,1000,36.435,36.435,0.9601852656668296,0.236518351657967,0.1154354904721256,False,,911,36.44,40,911,40,candidate for visual review
C2D3,5,1001,36.43,36.43,0.9969004098384642,0.5390679493020957,-0.675189920341332,False,,911,36.44,40,911,40,candidate for visual review
C2D3,5,1010,36.45,36.445,0.99285717902475,0.7250543300399702,0.8499227175122981,False,,911,36.44,40,911,40,candidate for visual review
C2D3,5,1011,36.41,36.425,0.984920854752882,0.2378713763398541,-0.1339942429336375,False,,910,36.4,0,910,0,candidate for visual review
C2D3,5,1100,36.45,36.46,0.9752608937239766,0.5051550719972605,0.0820229731427769,False,,911,36.44,40,911,40,candidate for visual review
C2D3,5,1101,36.41,36.41,0.9986496354959832,0.2921985992042368,-0.3593624462245359,False,,910,36.4,0,910,0,candidate for visual review
C2D3,5,1110,36.435,36.435,0.999688240723481,0.1841321017691171,1.0407608036119114,False,,911,36.44,40,911,40,candidate for visual review
C2D3,5,1111,36.43,36.43,0.951340456121606,0.1979492915545335,-0.0869886522679633,False,,911,36.44,40,911,40,candidate for visual review
C2D4,1,0000,36.425,36.425,0.9471320227378672,0.2550759331936949,0.0997789182362769,False,,911,36.44,40,911,40,candidate for visual review
C2D4,1,0001,36.41,36.41,0.9985336948808594,0.2989597808885693,-0.7003913204222711,False,,910,36.4,0,910,0,candidate for visual review
C2D4,1,0010,36.445,36.445,0.996232777021912,0.3030507151596579,0.3318783531063352,False,,911,36.44,40,911,40,candidate for visual review
C2D4,1,0011,36.41,36.41,0.997796125924716,0.2291874193754061,-0.386297601758432,False,,910,36.4,0,910,0,candidate for visual review
C2D4,1,0100,36.43,36.43,0.9941387518001276,0.1470493405341221,0.1603772976419554,False,,911,36.44,40,911,40,candidate for visual review
C2D4,1,0101,36.405,36.405,0.9987745866187104,0.2459328257134507,-0.6024122213742791,False,,910,36.4,0,910,0,candidate for visual review
C2D4,1,0110,36.415,36.415,0.9954966163349828,0.5991313176594237,0.7769211626632186,False,,910,36.4,0,910,0,candidate for visual review
C2D4,1,0111,36.41,36.41,0.8050215392911599,1.1340875081716786,-0.180140267745552,False,,910,36.4,0,910,0,candidate for visual review
C2D4,1,1000,36.415,36.41,0.9783729748212026,0.236198300006366,0.1095255088837378,False,,910,36.4,0,910,0,candidate for visual review
C2D4,1,1001,36.44,36.44,0.9790197559416212,1.0222959228607968,-0.6837005709522949,False,,911,36.44,40,911,40,candidate for visual review
C2D4,1,1010,36.405,36.405,0.9989844238645808,0.255636776547154,0.5729766087025538,False,,910,36.4,0,910,0,candidate for visual review
C2D4,1,1011,36.41,36.41,0.9871127363154676,0.3530389918603701,-0.2570473730313627,False,,910,36.4,0,910,0,candidate for visual review
C2D4,1,1100,36.405,36.4,0.998201602994832,0.1948259541867102,0.2719525467445453,False,,910,36.4,0,910,0,candidate for visual review
C2D4,1,1101,36.4,36.4,0.9967322233600888,0.285421457570335,-0.3657129371897176,False,,910,36.4,0,910,0,candidate for visual review
C2D4,1,1110,36.45,36.45,0.9964816931478389,0.5063797482107776,0.8659148182263625,False,,911,36.44,40,911,40,candidate for visual review
C2D4,1,1111,36.42,36.42,0.9840906209545146,0.182368722892441,-0.1179684419039197,False,,911,36.44,40,911,40,candidate for visual review
C2D4,2,0000,36.43,36.425,0.9795415437881366,0.1697222893741268,0.10425467672865,False,,911,36.44,40,911,40,candidate for visual review
C2D4,2,0001,36.445,36.445,0.9966990726268976,0.3734116905768904,-0.661485790449565,False,,911,36.44,40,911,40,candidate for visual review
C2D4,2,0010,36.425,36.425,0.9977586987869268,0.2532062988117206,0.3193511241921745,False,,911,36.44,40,911,40,candidate for visual review
C2D4,2,0011,36.41,36.41,0.9876822111880578,0.4876433710853504,-0.3748909017152556,False,,910,36.4,0,910,0,candidate for visual review
C2D4,2,0100,36.435,36.44,0.98058419538048,0.2728998280772693,0.1569897467381241,False,,911,36.44,40,911,40,candidate for visual review
C2D4,2,0101,36.405,36.405,0.9995713289546369,0.1459261859466645,-0.5736749756814855,False,,910,36.4,0,910,0,candidate for visual review
C2D4,2,0110,36.4,36.4,0.999405621364034,0.235229305245054,0.7961718687461967,False,,910,36.4,0,910,0,candidate for visual review
C2D4,2,0111,36.455,36.465,0.9856092058548964,0.153798506727679,-0.1225140805198959,False,,911,36.44,40,911,40,candidate for visual review
C2D4,2,1000,36.405,36.41,0.9866012598611912,0.1746490703805349,0.1354592557765179,False,,910,36.4,0,910,0,candidate for visual review
C2D4,2,1001,36.455,36.455,0.9943430293298914,0.4592739412600999,-0.6039828685305849,False,,911,36.44,40,911,40,candidate for visual review
C2D4,2,1010,36.415,36.415,0.9971695618122962,0.4203992453011656,0.5577839522292696,False,,910,36.4,0,910,0,candidate for visual review
C2D4,2,1011,36.43,36.43,0.9966941885094156,0.151637848789083,-0.2163928285740912,False,,911,36.44,40,911,40,candidate for visual review
C2D4,2,1100,36.455,36.455,0.9960325229304692,0.192802681542751,0.2437442130155566,False,,911,36.44,40,911,40,candidate for visual review
C2D4,2,1101,36.435,36.435,0.9970040771817844,0.232103145083613,-0.3681695090439263,False,,911,36.44,40,911,40,candidate for visual review
C2D4,2,1110,36.395,36.395,0.9994615022890456,0.2533261079988364,0.904009870276306,False,,910,36.4,0,910,0,candidate for visual review
C2D4,2,1111,36.34,36.34,0.1589007012037303,1.377736015852381,-0.0704179670038866,True,weak change point,909,36.36,-40,910,0,unclear: nominal time retained
C2D4,3,0000,36.445,36.445,0.9782105799430448,0.173591897512958,0.1199301903474723,False,,911,36.44,40,911,40,candidate for visual review
C2D4,3,0001,36.44,36.44,0.9958063942932228,0.4683527003011199,-0.7034187300594517,False,,911,36.44,40,911,40,candidate for visual review
C2D4,3,0010,36.405,36.405,0.9996151354644812,0.1302941331433999,0.3968128148300343,False,,910,36.4,0,910,0,candidate for visual review
C2D4,3,0011,36.44,36.44,0.9940052382719649,0.3157199465429127,-0.3834774976785005,False,,911,36.44,40,911,40,candidate for visual review
C2D4,3,0100,36.44,36.44,0.9965288240559416,0.1153447809470103,0.1281448692856611,False,,911,36.44,40,911,40,candidate for visual review
C2D4,3,0101,36.425,36.425,0.997608053859737,0.3225486378272639,-0.5397874124132364,False,,911,36.44,40,911,40,candidate for visual review
C2D4,3,0110,36.45,36.45,0.9988259689899182,0.2546189034313826,0.7514462327205826,False,,911,36.44,40,911,40,candidate for visual review
C2D4,3,0111,36.425,36.425,0.9834488399342376,0.1814439822050822,-0.1199303178234826,False,,911,36.44,40,911,40,candidate for visual review
C2D4,3,1000,36.405,36.405,0.9923879438303618,0.1378131810903644,0.1251167326839833,False,,910,36.4,0,910,0,candidate for visual review
C2D4,3,1001,36.435,36.435,0.998243626115063,0.2711200384443844,-0.6172298768431979,False,,911,36.44,40,911,40,candidate for visual review
C2D4,3,1010,36.4,36.395,0.9992353407888296,0.25526618218256,0.6284523508287115,False,,910,36.4,0,910,0,candidate for visual review
C2D4,3,1011,36.44,36.44,0.9966993909651124,0.1289341590233867,-0.1705530152380444,False,,911,36.44,40,911,40,candidate for visual review
C2D4,3,1100,36.45,36.45,0.9972521607969153,0.1658604516022123,0.2352764361400938,False,,911,36.44,40,911,40,candidate for visual review
C2D4,3,1101,36.43,36.43,0.996543352380861,0.269728453974619,-0.3796901550461856,False,,911,36.44,40,911,40,candidate for visual review
C2D4,3,1110,36.43,36.43,0.9988705815138952,0.2971698794252119,0.8383753976538638,False,,911,36.44,40,911,40,candidate for visual review
C2D4,3,1111,36.43,36.435,0.70063197658586,0.2837260756773453,-0.0433378860753136,False,,911,36.44,40,911,40,candidate for visual review
C2D4,4,0000,36.42,36.42,0.9810858765555116,0.1841147746848541,0.1146619865601105,False,,911,36.44,40,911,40,candidate for visual review
C2D4,4,0001,36.415,36.41,0.9674642717463626,1.538916325967846,-0.6576953088448076,False,,910,36.4,0,910,0,candidate for visual review
C2D4,4,0010,36.405,36.41,0.9979520007587156,0.3018415884481838,0.4077350110918789,False,,910,36.4,0,910,0,candidate for visual review
C2D4,4,0011,36.415,36.425,0.9951591342526434,0.2992710115832624,-0.3508078859115378,False,,910,36.4,0,910,0,candidate for visual review
C2D4,4,0100,36.425,36.43,0.9950699335123484,0.1583319470219502,0.1672660752635351,False,,911,36.44,40,911,40,candidate for visual review
C2D4,4,0101,36.425,36.415,0.9874730360876728,0.7108853341588455,-0.4589593948247321,False,,911,36.44,40,911,40,candidate for visual review
C2D4,4,0110,36.415,36.415,0.9965212673929678,0.545935838495099,0.8093800762092165,False,,910,36.4,0,910,0,candidate for visual review
C2D4,4,0111,36.415,36.415,0.9705927573436338,0.2007850787141095,-0.0819878124224205,False,,910,36.4,0,910,0,candidate for visual review
C2D4,4,1000,36.4,36.4,0.9890660680897232,0.1707637467010812,0.1289600620781738,False,,910,36.4,0,910,0,candidate for visual review
C2D4,4,1001,36.43,36.43,0.9935551476674556,0.5694302679014848,-0.625222274416259,False,,911,36.44,40,911,40,candidate for visual review
C2D4,4,1010,36.41,36.41,0.9975150336620564,0.4060602143278672,0.6192190094100012,False,,910,36.4,0,910,0,candidate for visual review
C2D4,4,1011,36.43,36.43,0.7948834984308186,1.103865462928765,-0.1757460450624492,False,,911,36.44,40,911,40,candidate for visual review
C2D4,4,1100,36.415,36.425,0.9952659168675134,0.3064779141437708,0.2689739451076015,False,,910,36.4,0,910,0,candidate for visual review
C2D4,4,1101,36.435,36.435,0.9946646841955624,0.3073635706499722,-0.3469272866199641,False,,911,36.44,40,911,40,candidate for visual review
C2D4,4,1110,36.415,36.415,0.9959312691650016,0.5941463718118744,0.8506172092885691,False,,910,36.4,0,910,0,candidate for visual review
C2D4,4,1111,36.42,36.42,0.7884191784824441,0.4711769360269132,-0.0659460819774004,False,,911,36.44,40,911,40,candidate for visual review
C2D4,5,0000,36.435,36.435,0.9903918253420838,0.1180843536915216,0.1193329826383466,False,,911,36.44,40,911,40,candidate for visual review
C2D4,5,0001,36.425,36.415,0.9939065704960602,0.6408239213780139,-0.6652754782285712,False,,911,36.44,40,911,40,candidate for visual review
C2D4,5,0010,36.43,36.43,0.9987826410907932,0.202825326100245,0.3679760548553623,False,,911,36.44,40,911,40,candidate for visual review
C2D4,5,0011,36.44,36.44,0.9959848070570904,0.2307758559681186,-0.3304416246428151,False,,911,36.44,40,911,40,candidate for visual review
C2D4,5,0100,36.425,36.425,0.9964156944268076,0.1440697770870072,0.160575809189328,False,,911,36.44,40,911,40,candidate for visual review
C2D4,5,0101,36.435,36.435,0.9990512004898782,0.1801918896820807,-0.5254745543208346,False,,911,36.44,40,911,40,candidate for visual review
C2D4,5,0110,36.415,36.415,0.99425600974983,0.6914699451245849,0.7973225419079679,False,,910,36.4,0,910,0,candidate for visual review
C2D4,5,0111,36.41,36.41,0.9681275775811804,0.2239498083326141,-0.1034857493257425,False,,910,36.4,0,910,0,candidate for visual review
C2D4,5,1000,36.41,36.41,0.9270117102515976,0.443403067845302,0.1525477062371861,False,,910,36.4,0,910,0,candidate for visual review
C2D4,5,1001,36.425,36.415,0.99730247666517,0.4168499639389576,-0.6170664581435947,False,,911,36.44,40,911,40,candidate for visual review
C2D4,5,1010,36.43,36.43,0.9961792895672288,0.4852314947085336,0.6428238697982491,False,,911,36.44,40,911,40,candidate for visual review
C2D4,5,1011,36.445,36.44,0.9860963924001488,0.2797704522056655,-0.1468728370492713,False,,911,36.44,40,911,40,candidate for visual review
C2D4,5,1100,36.45,36.45,0.9949408986217892,0.2706309489550995,0.3054260543829042,False,,911,36.44,40,911,40,candidate for visual review
C2D4,5,1101,36.42,36.425,0.9965524550697484,0.3242888816122268,-0.3984004181579865,False,,911,36.44,40,911,40,candidate for visual review
C2D4,5,1110,36.45,36.45,0.9987057691856124,0.3043839561357104,0.8611631837376588,False,,911,36.44,40,911,40,candidate for visual review
C2D4,5,1111,36.415,36.415,0.9214975895241206,0.29090673793235,-0.0978975264586952,False,,910,36.4,0,910,0,candidate for visual review
C4D1,1,0000,36.41,36.41,0.9887986265155416,0.1453984741476771,0.1291536511374816,False,,910,36.4,0,910,0,candidate for visual review
C4D1,1,0001,36.415,36.415,0.9958575969649393,0.3241890754472967,-0.47767463397133,False,,910,36.4,0,910,0,candidate for visual review
C4D1,1,0010,36.425,36.425,0.995653308193128,0.2854715146893911,0.4100756178601668,False,,911,36.44,40,911,40,candidate for visual review
C4D1,1,0011,36.435,36.435,0.9989033801490504,0.1508263494287274,-0.463609106078368,False,,911,36.44,40,911,40,candidate for visual review
C4D1,1,0100,36.41,36.41,0.9968622171470486,0.2414185954670787,0.3900659196175396,False,,910,36.4,0,910,0,candidate for visual review
C4D1,1,0101,36.4,36.4,0.9980581759995972,0.222065527872682,-0.4688738934128724,False,,910,36.4,0,910,0,candidate for visual review
C4D1,1,0110,36.45,36.45,0.998252466457334,0.1870087719534838,0.4527561954278066,False,,911,36.44,40,911,40,candidate for visual review
C4D1,1,0111,36.435,36.435,0.9916212294080836,0.256494561374159,-0.2333453813363324,False,,911,36.44,40,911,40,candidate for visual review
C4D1,1,1000,36.4,36.4,0.9896661866869512,0.2820695445510484,0.1945683408756005,False,,910,36.4,0,910,0,candidate for visual review
C4D1,1,1001,36.435,36.435,0.9945379539124808,0.3324085071302085,-0.459254897821259,False,,911,36.44,40,911,40,candidate for visual review
C4D1,1,1010,36.4,36.4,0.9977318872164764,0.2425002642154853,0.4662631465284599,False,,910,36.4,0,910,0,candidate for visual review
C4D1,1,1011,36.44,36.44,0.9979881509115957,0.1953031466885723,-0.4517392433333537,False,,911,36.44,40,911,40,candidate for visual review
C4D1,1,1100,36.43,36.43,0.997727099035726,0.2329773240490125,0.4836211787804917,False,,911,36.44,40,911,40,candidate for visual review
C4D1,1,1101,36.43,36.425,0.9958315004975444,0.2790602469457539,-0.4180632881653714,False,,911,36.44,40,911,40,candidate for visual review
C4D1,1,1110,36.405,36.405,0.9974644390990952,0.2394762906506679,0.4491454185343148,False,,910,36.4,0,910,0,candidate for visual review
C4D1,1,1111,36.455,36.455,0.9861860529115118,0.133962208785216,-0.1118376157094935,False,,911,36.44,40,911,40,candidate for visual review
C4D1,2,0000,36.41,36.415,0.9865867185351094,0.1556532036706953,0.1336885023812967,False,,910,36.4,0,910,0,candidate for visual review
C4D1,2,0001,36.415,36.415,0.9971564579525798,0.2560817361485532,-0.4500100287273578,False,,910,36.4,0,910,0,candidate for visual review
C4D1,2,0010,36.43,36.43,0.9978862310467104,0.1986601255103708,0.4194620724888621,False,,911,36.44,40,911,40,candidate for visual review
C4D1,2,0011,36.395,36.395,0.998550658540551,0.2041699253735567,-0.476251959434926,False,,910,36.4,0,910,0,candidate for visual review
C4D1,2,0100,36.41,36.41,0.9946243638635937,0.3098372463405005,0.3783899992645803,False,,910,36.4,0,910,0,candidate for visual review
C4D1,2,0101,36.43,36.43,0.9949529849289868,0.3194751026941287,-0.4399107996803084,False,,911,36.44,40,911,40,candidate for visual review
C4D1,2,0110,36.405,36.405,0.9989249172866572,0.1625647703945332,0.4613787949961813,False,,910,36.4,0,910,0,candidate for visual review
C4D1,2,0111,36.425,36.425,0.9961566806246904,0.282339133038595,-0.4288712744275036,False,,911,36.44,40,911,40,candidate for visual review
C4D1,2,1000,36.425,36.425,0.9900606092503742,0.2472523178109925,0.1884759490153028,False,,911,36.44,40,911,40,candidate for visual review
C4D1,2,1001,36.4,36.4,0.9972177239806558,0.2796494900969876,-0.4811754141918494,False,,910,36.4,0,910,0,candidate for visual review
C4D1,2,1010,36.415,36.415,0.9908434447090316,0.4616236993100751,0.4381240278172992,False,,910,36.4,0,910,0,candidate for visual review
C4D1,2,1011,36.43,36.43,0.9952455519218746,0.2872701279065289,-0.4090324322604695,False,,911,36.44,40,911,40,candidate for visual review
C4D1,2,1100,36.41,36.415,0.997682374911048,0.228999130010783,0.4658762707140351,False,,910,36.4,0,910,0,candidate for visual review
C4D1,2,1101,36.435,36.435,0.9979913832817212,0.2082494849641576,-0.4757953464145514,False,,911,36.44,40,911,40,candidate for visual review
C4D1,2,1110,36.4,36.4,0.9987067033349558,0.189998544138685,0.4965887922527005,False,,910,36.4,0,910,0,candidate for visual review
C4D1,2,1111,36.395,36.395,0.9976317028939078,0.0707697575002733,-0.1173160760216399,False,,910,36.4,0,910,0,candidate for visual review
C4D1,3,0000,36.41,36.41,0.9830058824400952,0.1790218492871807,0.132933161549044,False,,910,36.4,0,910,0,candidate for visual review
C4D1,3,0001,36.45,36.45,0.9978945767944964,0.2259675539919521,-0.4983032171406617,False,,911,36.44,40,911,40,candidate for visual review
C4D1,3,0010,36.425,36.425,0.9942276679097154,0.3405420329074322,0.4159534313756977,False,,911,36.44,40,911,40,candidate for visual review
C4D1,3,0011,36.41,36.41,0.9978406564602396,0.2261726239353306,-0.4647913733796259,False,,910,36.4,0,910,0,candidate for visual review
C4D1,3,0100,36.43,36.425,0.993857067390844,0.3256127744657139,0.376733273119556,False,,911,36.44,40,911,40,candidate for visual review
C4D1,3,0101,36.41,36.41,0.9974332575590308,0.2518062387989512,-0.4819443254964785,False,,910,36.4,0,910,0,candidate for visual review
C4D1,3,0110,36.405,36.405,0.996706537451948,0.2885525687374495,0.4720388970443008,False,,910,36.4,0,910,0,candidate for visual review
C4D1,3,0111,36.415,36.415,0.9973167461368888,0.2424680729606416,-0.4127025209395867,False,,910,36.4,0,910,0,candidate for visual review
C4D1,3,1000,36.405,36.405,0.9921387628694844,0.2006849699453337,0.1656986136448949,False,,910,36.4,0,910,0,candidate for visual review
C4D1,3,1001,36.445,36.445,0.9986183691794878,0.1805354112355418,-0.5021829625963783,False,,911,36.44,40,911,40,candidate for visual review
C4D1,3,1010,36.405,36.4,0.9958432762633068,0.3350643411883928,0.4648789050937564,False,,910,36.4,0,910,0,candidate for visual review
C4D1,3,1011,36.415,36.415,0.9977626234063508,0.2268870372232616,-0.4272400810343684,False,,910,36.4,0,910,0,candidate for visual review
C4D1,3,1100,36.43,36.43,0.9942388768508228,0.3481118946396924,0.4601414685583966,False,,911,36.44,40,911,40,candidate for visual review
C4D1,3,1101,36.415,36.415,0.996967586530424,0.2783563032444048,-0.4678810121907291,False,,910,36.4,0,910,0,candidate for visual review
C4D1,3,1110,36.43,36.43,0.996382610802851,0.295771757459726,0.48171276032012,False,,911,36.44,40,911,40,candidate for visual review
C4D1,3,1111,36.41,36.415,0.9743574213708112,0.1954475041120689,-0.1193496319943589,False,,910,36.4,0,910,0,candidate for visual review
C4D1,4,0000,36.43,36.43,0.9905297119309092,0.1166951427562444,0.1163943554670643,False,,911,36.44,40,911,40,candidate for visual review
C4D1,4,0001,36.45,36.455,0.991833593037978,0.4128235363783497,-0.4574625041049287,False,,911,36.44,40,911,40,candidate for visual review
C4D1,4,0010,36.405,36.405,0.9981273470802312,0.2142884281392428,0.4408276370466814,False,,910,36.4,0,910,0,candidate for visual review
C4D1,4,0011,36.4,36.4,0.998402355571648,0.2059657818115877,-0.4474928397801661,False,,910,36.4,0,910,0,candidate for visual review
C4D1,4,0100,36.395,36.395,0.9985447333862816,0.1739077148583958,0.3669539474482476,False,,910,36.4,0,910,0,candidate for visual review
C4D1,4,0101,36.415,36.415,0.996737889787426,0.2815361937787986,-0.4663696318786052,False,,910,36.4,0,910,0,candidate for visual review
C4D1,4,0110,36.395,36.395,0.9953996800781548,0.366989760414254,0.4626299777457091,False,,910,36.4,0,910,0,candidate for visual review
C4D1,4,0111,36.45,36.445,0.9950172455510544,0.2042266840592949,-0.2720227822239316,False,,911,36.44,40,911,40,candidate for visual review
C4D1,4,1000,36.425,36.425,0.9927854618523126,0.1727990736961131,0.1605714869599618,False,,911,36.44,40,911,40,candidate for visual review
C4D1,4,1001,36.44,36.44,0.9983814983341556,0.1944929512427029,-0.5008198023213982,False,,911,36.44,40,911,40,candidate for visual review
C4D1,4,1010,36.43,36.43,0.9974306600694588,0.2465198035611859,0.4876755643697025,False,,911,36.44,40,911,40,candidate for visual review
C4D1,4,1011,36.43,36.43,0.99804997790829,0.1967700535292944,-0.4389519857798597,False,,911,36.44,40,911,40,candidate for visual review
C4D1,4,1100,36.415,36.415,0.9931334843321716,0.402100302766803,0.4439190391422793,False,,910,36.4,0,910,0,candidate for visual review
C4D1,4,1101,36.435,36.435,0.9986807955773714,0.16340324798395,-0.4642322437047624,False,,911,36.44,40,911,40,candidate for visual review
C4D1,4,1110,36.41,36.41,0.9993595628628928,0.1310187745134668,0.4931637147522889,False,,910,36.4,0,910,0,candidate for visual review
C4D1,4,1111,36.425,36.415,0.9763258766245498,0.1990449277364508,-0.1014811356094387,False,,911,36.44,40,911,40,candidate for visual review
C4D1,5,0000,36.425,36.425,0.9719165868902488,0.2061297064337008,0.1146764347305474,False,,911,36.44,40,911,40,candidate for visual review
C4D1,5,0001,36.425,36.425,0.997878619259446,0.2356562555579114,-0.4842247526383322,False,,911,36.44,40,911,40,candidate for visual review
C4D1,5,0010,36.435,36.435,0.9988742913164406,0.1532015436465489,0.468375682696395,False,,911,36.44,40,911,40,candidate for visual review
C4D1,5,0011,36.41,36.41,0.997773848859096,0.2431819053157794,-0.4778551691400239,False,,910,36.4,0,910,0,candidate for visual review
C4D1,5,0100,36.425,36.425,0.9926050957727158,0.3512191032518792,0.3395341118196368,False,,911,36.44,40,911,40,candidate for visual review
C4D1,5,0101,36.405,36.405,0.9984580400942432,0.2085485786343071,-0.500525238925233,False,,910,36.4,0,910,0,candidate for visual review
C4D1,5,0110,36.435,36.435,0.9943512770644496,0.3514882963459689,0.4792078645137043,False,,911,36.44,40,911,40,candidate for visual review
C4D1,5,0111,36.455,36.455,0.9966702032281812,0.1497324284603054,-0.2510105008969926,False,,911,36.44,40,911,40,candidate for visual review
C4D1,5,1000,36.435,36.435,0.9877061011461707,0.241970580812949,0.1840205687968165,False,,911,36.44,40,911,40,candidate for visual review
C4D1,5,1001,36.395,36.395,0.9990177032474666,0.1680908501671389,-0.4740574820553883,False,,910,36.4,0,910,0,candidate for visual review
C4D1,5,1010,36.425,36.425,0.9888098621548024,0.4904808638851299,0.4422176872610663,False,,911,36.44,40,911,40,candidate for visual review
C4D1,5,1011,36.425,36.415,0.9944006585848956,0.330435206795959,-0.3801007835614655,False,,911,36.44,40,911,40,candidate for visual review
C4D1,5,1100,36.445,36.445,0.9980803798799668,0.212598998961073,0.4971375854876796,False,,911,36.44,40,911,40,candidate for visual review
C4D1,5,1101,36.415,36.415,0.9952390559961376,0.3518425147762767,-0.4868778255002082,False,,910,36.4,0,910,0,candidate for visual review
C4D1,5,1110,36.435,36.435,0.9969842234409346,0.2791770414413608,0.5247976235000532,False,,911,36.44,40,911,40,candidate for visual review
C4D1,5,1111,36.41,36.41,0.9649413469623144,0.2773412591951052,-0.1307582093183469,False,,910,36.4,0,910,0,candidate for visual review
C4D3,1,0000,36.41,36.415,0.9798377180395867,0.2518331979716247,0.1464931306377826,False,,910,36.4,0,910,0,candidate for visual review
C4D3,1,0001,36.415,36.415,0.9955039073865868,0.2216160580724468,-0.3135082430796439,False,,910,36.4,0,910,0,candidate for visual review
C4D3,1,0010,36.44,36.445,0.9750374479047054,0.3625539738590604,0.2306753777380947,False,,911,36.44,40,911,40,candidate for visual review
C4D3,1,0011,36.4,36.4,0.9976516469982144,0.1639231408721069,-0.2878191977901619,False,,910,36.4,0,910,0,candidate for visual review
C4D3,1,0100,36.41,36.41,0.9925387520538388,0.2097285297105639,0.1791089116146548,False,,910,36.4,0,910,0,candidate for visual review
C4D3,1,0101,36.395,36.395,0.9976361552606636,0.1605185720890725,-0.3058687060493037,False,,910,36.4,0,910,0,candidate for visual review
C4D3,1,0110,36.435,36.435,0.9965793747183624,0.1519982577001538,0.2589519508492412,False,,911,36.44,40,911,40,candidate for visual review
C4D3,1,0111,36.44,36.44,0.993846324819592,0.1133707040861123,-0.1140282109523485,False,,911,36.44,40,911,40,candidate for visual review
C4D3,1,1000,36.435,36.435,0.96324987477323,0.33277356242892,0.157312659558777,False,,911,36.44,40,911,40,candidate for visual review
C4D3,1,1001,36.415,36.415,0.9942331569583752,0.2557216138743073,-0.3053572525349328,False,,910,36.4,0,910,0,candidate for visual review
C4D3,1,1010,36.415,36.415,0.995968018252631,0.1839610520080757,0.263710629687807,False,,910,36.4,0,910,0,candidate for visual review
C4D3,1,1011,36.41,36.41,0.9954777399766492,0.1829028292423407,-0.2266959196277933,False,,910,36.4,0,910,0,candidate for visual review
C4D3,1,1100,36.4,36.4,0.9987826402410316,0.1058385989149668,0.2637909025886248,False,,910,36.4,0,910,0,candidate for visual review
C4D3,1,1101,36.43,36.43,0.9984037201585528,0.1151149980296836,-0.2802049600885974,False,,911,36.44,40,911,40,candidate for visual review
C4D3,1,1110,36.415,36.415,0.9948458348670456,0.2013687562940511,0.2613507260563686,False,,910,36.4,0,910,0,candidate for visual review
C4D3,1,1111,36.425,36.43,0.9452060693394388,0.2484963124530355,-0.0869899594615282,False,,911,36.44,40,911,40,candidate for visual review
C4D3,2,0000,36.445,36.44,0.9841941757106666,0.1833921501024307,0.1345975683803082,False,,911,36.44,40,911,40,candidate for visual review
C4D3,2,0001,36.405,36.405,0.9977048060115536,0.1636376702028061,-0.3033259710195868,False,,910,36.4,0,910,0,candidate for visual review
C4D3,2,0010,36.43,36.43,0.9960820726978852,0.161387830479022,0.243945998552431,False,,911,36.44,40,911,40,candidate for visual review
C4D3,2,0011,36.415,36.42,0.9838846894219496,0.4096889034799724,-0.3030741564340111,False,,910,36.4,0,910,0,candidate for visual review
C4D3,2,0100,36.445,36.445,0.9948504046303164,0.1500367999083098,0.174252730501866,False,,911,36.44,40,911,40,candidate for visual review
C4D3,2,0101,36.44,36.445,0.9919123501250842,0.2798097367836668,-0.3172434185119459,False,,911,36.44,40,911,40,candidate for visual review
C4D3,2,0110,36.415,36.415,0.9938535876237532,0.2353518028027237,0.2770895278242408,False,,910,36.4,0,910,0,candidate for visual review
C4D3,2,0111,36.44,36.44,0.9914644465456534,0.1373739187102286,-0.1318990823214026,False,,911,36.44,40,911,40,candidate for visual review
C4D3,2,1000,36.45,36.45,0.9949549495606124,0.1190230210048942,0.1555510262340844,False,,911,36.44,40,911,40,candidate for visual review
C4D3,2,1001,36.43,36.43,0.9944738450420004,0.2316555198251218,-0.3022682375348303,False,,911,36.44,40,911,40,candidate for visual review
C4D3,2,1010,36.45,36.45,0.99847140030733,0.1012365702519104,0.2630173847995017,False,,911,36.44,40,911,40,candidate for visual review
C4D3,2,1011,36.405,36.405,0.9895053431556778,0.2906333831016695,-0.2372206376027814,False,,910,36.4,0,910,0,candidate for visual review
C4D3,2,1100,36.435,36.435,0.9958328752504528,0.1655424824848001,0.2473414459783879,False,,911,36.44,40,911,40,candidate for visual review
C4D3,2,1101,36.435,36.435,0.996436665308007,0.1604255639955352,-0.2760977573246751,False,,911,36.44,40,911,40,candidate for visual review
C4D3,2,1110,36.445,36.445,0.9973336147337504,0.1456591461768606,0.2916260539731274,False,,911,36.44,40,911,40,candidate for visual review
C4D3,2,1111,36.425,36.425,0.9794849699512604,0.1584603398984308,-0.0935737111125004,False,,911,36.44,40,911,40,candidate for visual review
C4D3,3,0000,36.42,36.415,0.987536503645559,0.1877086286781826,0.1299711453009908,False,,911,36.44,40,911,40,candidate for visual review
C4D3,3,0001,36.43,36.435,0.997357761448322,0.160099109291008,-0.312567376106511,False,,911,36.44,40,911,40,candidate for visual review
C4D3,3,0010,36.415,36.41,0.9941413914262712,0.2212975868404286,0.243832827538905,False,,910,36.4,0,910,0,candidate for visual review
C4D3,3,0011,36.41,36.41,0.9973881977906716,0.1592346538943559,-0.2876787106802482,False,,910,36.4,0,910,0,candidate for visual review
C4D3,3,0100,36.41,36.41,0.9983199449950898,0.1068080886070482,0.1813675854440628,False,,910,36.4,0,910,0,candidate for visual review
C4D3,3,0101,36.435,36.435,0.9972011442279836,0.1573719031422349,-0.3019925633494877,False,,911,36.44,40,911,40,candidate for visual review
C4D3,3,0110,36.41,36.41,0.9905404334855442,0.2823344376856327,0.2702144950983424,False,,910,36.4,0,910,0,candidate for visual review
C4D3,3,0111,36.43,36.43,0.9954848278615612,0.104601497761179,-0.1157217235298185,False,,911,36.44,40,911,40,candidate for visual review
C4D3,3,1000,36.4,36.4,0.994909433641982,0.1404609998133557,0.1436972098368309,False,,910,36.4,0,910,0,candidate for visual review
C4D3,3,1001,36.445,36.45,0.9980423949900604,0.132609015670722,-0.3078800662340549,False,,911,36.44,40,911,40,candidate for visual review
C4D3,3,1010,36.405,36.405,0.9950726269207556,0.2147839512724381,0.2629106117018004,False,,910,36.4,0,910,0,candidate for visual review
C4D3,3,1011,36.41,36.41,0.9963832290620478,0.1582528103299684,-0.2274001600928519,False,,910,36.4,0,910,0,candidate for visual review
C4D3,3,1100,36.445,36.445,0.98423917427431,0.2821882633313329,0.2301377867507445,False,,911,36.44,40,911,40,candidate for visual review
C4D3,3,1101,36.435,36.435,0.995929531277287,0.1825929759552145,-0.2857003817619977,False,,911,36.44,40,911,40,candidate for visual review
C4D3,3,1110,36.4,36.4,0.99819641462034,0.1297595703556685,0.2748474176660782,False,,910,36.4,0,910,0,candidate for visual review
C4D3,3,1111,36.41,36.41,0.9969762753821806,0.0622946995056404,-0.0990642312897956,False,,910,36.4,0,910,0,candidate for visual review
C4D3,4,0000,36.435,36.435,0.9826441693635096,0.2224005066516876,0.1543299483849611,False,,911,36.44,40,911,40,candidate for visual review
C4D3,4,0001,36.415,36.415,0.9971796033005548,0.1736161459925048,-0.3007381594914418,False,,910,36.4,0,910,0,candidate for visual review
C4D3,4,0010,36.41,36.41,0.9988570847679594,0.0955826912656315,0.2509474853303677,False,,910,36.4,0,910,0,candidate for visual review
C4D3,4,0011,36.425,36.425,0.9944587551306164,0.2222939517396933,-0.2728062221232129,False,,911,36.44,40,911,40,candidate for visual review
C4D3,4,0100,36.45,36.45,0.9938941793899152,0.1496004879715942,0.1700486065227731,False,,911,36.44,40,911,40,candidate for visual review
C4D3,4,0101,36.405,36.405,0.9986112652183952,0.1244139703532082,-0.3045763525804185,False,,910,36.4,0,910,0,candidate for visual review
C4D3,4,0110,36.415,36.415,0.996802615850124,0.1633067182195814,0.268313007718774,False,,910,36.4,0,910,0,candidate for visual review
C4D3,4,0111,36.41,36.415,0.9944865605908764,0.1229812008265964,-0.1375158479545614,False,,910,36.4,0,910,0,candidate for visual review
C4D3,4,1000,36.415,36.415,0.9917066895157658,0.1618190915505627,0.1248789545613887,False,,910,36.4,0,910,0,candidate for visual review
C4D3,4,1001,36.41,36.41,0.9965823735224998,0.1775142029388953,-0.2855081144052906,False,,910,36.4,0,910,0,candidate for visual review
C4D3,4,1010,36.45,36.45,0.9967432609025282,0.1426297913360199,0.2537357694696175,False,,911,36.44,40,911,40,candidate for visual review
C4D3,4,1011,36.405,36.405,0.9965291318422071,0.1526320266119127,-0.2152329623467758,False,,910,36.4,0,910,0,candidate for visual review
C4D3,4,1100,36.43,36.425,0.9929467412739078,0.2204731160186792,0.2369883521755132,False,,911,36.44,40,911,40,candidate for visual review
C4D3,4,1101,36.415,36.415,0.997366683775796,0.1505761464459253,-0.2687736478831265,False,,910,36.4,0,910,0,candidate for visual review
C4D3,4,1110,36.415,36.415,0.994699737528166,0.2105508400035082,0.260619459055283,False,,910,36.4,0,910,0,candidate for visual review
C4D3,4,1111,36.4,36.4,0.9824494464605618,0.1595195319371836,-0.1085272309839245,False,,910,36.4,0,910,0,candidate for visual review
C4D3,5,0000,36.41,36.415,0.9895981439345412,0.1771211989158224,0.1612473415736414,False,,910,36.4,0,910,0,candidate for visual review
C4D3,5,0001,36.41,36.41,0.9956927949150286,0.222631541330385,-0.3125567903078107,False,,910,36.4,0,910,0,candidate for visual review
C4D3,5,0010,36.435,36.435,0.995315588110186,0.1668789872283827,0.2294258800505544,False,,911,36.44,40,911,40,candidate for visual review
C4D3,5,0011,36.43,36.43,0.9829532909387448,0.3761108765918385,-0.2835412646688667,False,,911,36.44,40,911,40,candidate for visual review
C4D3,5,0100,36.415,36.415,0.996084936378458,0.1639316102996501,0.1897826262494348,False,,910,36.4,0,910,0,candidate for visual review
C4D3,5,0101,36.455,36.455,0.9842170814853464,0.3445666479011112,-0.2669997689805545,False,,911,36.44,40,911,40,candidate for visual review
C4D3,5,0110,36.43,36.43,0.9944327023675394,0.1982232388825048,0.2625629642879844,False,,911,36.44,40,911,40,candidate for visual review
C4D3,5,0111,36.405,36.405,0.901336675205544,0.6637969383485188,-0.1699346391632234,False,,910,36.4,0,910,0,candidate for visual review
C4D3,5,1000,36.41,36.41,0.9892437766658077,0.1760426091256741,0.1474523556556935,False,,910,36.4,0,910,0,candidate for visual review
C4D3,5,1001,36.41,36.41,0.9914023380883116,0.2931210441149252,-0.3038207574845939,False,,910,36.4,0,910,0,candidate for visual review
C4D3,5,1010,36.41,36.41,0.9921103656454878,0.241385317078311,0.2618034923649083,False,,910,36.4,0,910,0,candidate for visual review
C4D3,5,1011,36.435,36.435,0.9874865419061556,0.249350645999475,-0.2085336690601569,False,,911,36.44,40,911,40,candidate for visual review
C4D3,5,1100,36.425,36.425,0.9946042650660908,0.2018370259313106,0.247578516965985,False,,911,36.44,40,911,40,candidate for visual review
C4D3,5,1101,36.41,36.41,0.9953180710110598,0.2095690260618937,-0.2627095972022444,False,,910,36.4,0,910,0,candidate for visual review
C4D3,5,1110,36.435,36.435,0.9971487939525228,0.1394958782414638,0.2693953957440669,False,,911,36.44,40,911,40,candidate for visual review
C4D3,5,1111,36.43,36.43,0.9859251356045702,0.1146906982902229,-0.0784690989823658,False,,911,36.44,40,911,40,candidate for visual review
