device,cycle,mask,estimated_knee_s,wider_window_knee_s,fit_improvement,fit_rms_mV,slope_jump_V_per_s,edge_unclear,reason,proposed_off_index,proposed_off_s,proposed_shift_ms
C2D1,1,0000,36.43,36.43,0.9737636072339035,0.21633508050716999,0.13126584075708658,False,,911,36.44,40
C2D1,1,0001,36.445,36.445,0.9921507004104207,0.2464839249224535,-0.28670328947469687,False,,911,36.44,40
C2D1,1,0010,36.41,36.41,0.9965903653122509,0.1885566970877493,0.30418069437326706,False,,910,36.4,0
C2D1,1,0011,36.425,36.425,0.992071588886006,0.24623222771622855,-0.2526705308145939,False,,911,36.44,40
C2D1,1,0100,36.435,36.435,0.9915731923698261,0.26062006662651593,0.28120245377361003,False,,911,36.44,40
C2D1,1,0101,36.445,36.445,0.9938827666916231,0.21431903026803126,-0.28199153229415563,False,,911,36.44,40
C2D1,1,0110,36.405,36.405,0.9976214411400337,0.155318712405733,0.30677151582530954,False,,910,36.4,0
C2D1,1,0111,36.425,36.425,0.9871278920725985,0.29925151534333333,-0.2401870356243112,False,,911,36.44,40
C2D1,1,1000,36.43,36.43,0.994455176293357,0.2004168051949826,0.2644573885770271,False,,911,36.44,40
C2D1,1,1001,36.435,36.435,0.9946829632810921,0.2111995824868976,-0.29784388826796976,False,,911,36.44,40
C2D1,1,1010,36.41,36.41,0.9965979165364405,0.18085963291005097,0.28967663664690535,False,,910,36.4,0
C2D1,1,1011,36.455,36.455,0.992586078481356,0.22267548624762748,-0.2555023898282805,False,,911,36.44,40
C2D1,1,1100,36.435,36.435,0.9924570561457721,0.2542953611635252,0.29473941051504227,False,,911,36.44,40
C2D1,1,1101,36.41,36.405,0.9935838074713035,0.23726759612252776,-0.2722003349317433,False,,910,36.4,0
C2D1,1,1110,36.435,36.435,0.9946673900482506,0.2293530350199879,0.3203806808388697,False,,911,36.44,40
C2D1,1,1111,36.43,36.43,0.9666006214238606,0.22677287179232322,-0.11918010307824128,False,,911,36.44,40
C2D1,2,0000,36.45,36.45,0.9739069645662678,0.20668500254654026,0.12863959749285053,False,,911,36.44,40
C2D1,2,0001,36.425,36.415,0.9938873760846052,0.2610030976976989,-0.2944540617873287,False,,911,36.44,40
C2D1,2,0010,36.45,36.45,0.9963855705734391,0.17275350972609888,0.28955512259883626,False,,911,36.44,40
C2D1,2,0011,36.465,36.465,0.9954009376777987,0.18019879777685938,-0.2597712375563642,False,,912,36.480000000000004,80
C2D1,2,0100,36.415,36.415,0.9952290838971891,0.21935678308351028,0.30025260379294455,False,,910,36.4,0
C2D1,2,0101,36.415,36.415,0.993815294237624,0.2297994530804321,-0.27393661491441856,False,,910,36.4,0
C2D1,2,0110,36.41,36.41,0.9897318579565377,0.3279693506476365,0.30488913000861456,False,,910,36.4,0
C2D1,2,0111,36.4,36.4,0.9921194917847568,0.2568934748138446,-0.24891391821703596,False,,910,36.4,0
C2D1,2,1000,36.405,36.405,0.9934758842149158,0.25367456662183735,0.28527835691182063,False,,910,36.4,0
C2D1,2,1001,36.415,36.415,0.9953652415407005,0.2099335750721775,-0.292410049793816,False,,910,36.4,0
C2D1,2,1010,36.435,36.43,0.9942567346810535,0.22875551472194672,0.30533608745995416,False,,911,36.44,40
C2D1,2,1011,36.435,36.435,0.9966845803187742,0.1527653200262532,-0.2705645890147965,False,,911,36.44,40
C2D1,2,1100,36.435,36.435,0.9977647920273768,0.14593397145118797,0.3112015441849366,False,,911,36.44,40
C2D1,2,1101,36.41,36.41,0.9976874706045102,0.1464352007227399,-0.2852075416380902,False,,910,36.4,0
C2D1,2,1110,36.425,36.425,0.9941322480573281,0.25904942593577734,0.3224762794590105,False,,911,36.44,40
C2D1,2,1111,36.425,36.425,0.9774059197928984,0.1712005963609957,-0.10059217082608721,False,,911,36.44,40
C2D1,3,0000,36.405,36.4,0.9357310578472378,0.39174398343016614,0.12505694716106117,False,,910,36.4,0
C2D1,3,0001,36.435,36.435,0.9912519463479728,0.2722930607362799,-0.29884425533571296,False,,911,36.44,40
C2D1,3,0010,36.435,36.435,0.9932737727364057,0.22951454587669273,0.28427483495602957,False,,911,36.44,40
C2D1,3,0011,36.425,36.425,0.9950603313979873,0.21877887919844732,-0.28630505533692086,False,,911,36.44,40
C2D1,3,0100,36.41,36.41,0.9975539246505051,0.15751377050531384,0.2967269497718814,False,,910,36.4,0
C2D1,3,0101,36.435,36.435,0.9913524659379317,0.2609735674550335,-0.2880305847345591,False,,911,36.44,40
C2D1,3,0110,36.465,36.465,0.9841544832042798,0.3760498683333119,0.2943852400786986,False,,912,36.480000000000004,80
C2D1,3,0111,36.395,36.395,0.9961549974712354,0.19610719142590033,-0.2772385362840003,False,,910,36.4,0
C2D1,3,1000,36.4,36.4,0.9877552702600046,0.35910048725917343,0.29549804475741404,False,,910,36.4,0
C2D1,3,1001,36.43,36.43,0.9966689407826942,0.17335777404958594,-0.30213052032243093,False,,911,36.44,40
C2D1,3,1010,36.45,36.45,0.997769322887312,0.14498008219389533,0.3113798488568503,False,,911,36.44,40
C2D1,3,1011,36.415,36.415,0.9938055051522504,0.23332327421116622,-0.2768435311943862,False,,910,36.4,0
C2D1,3,1100,36.415,36.415,0.9960302597218806,0.2125963498798987,0.31228497508512554,False,,910,36.4,0
C2D1,3,1101,36.45,36.45,0.9972825816941425,0.1520928858086567,-0.2907164738973756,False,,911,36.44,40
C2D1,3,1110,36.405,36.405,0.997331261768464,0.18618911547781883,0.3361467421919496,False,,910,36.4,0
C2D1,3,1111,36.425,36.43,0.8960060481981142,0.3417562385793977,-0.09750079390354686,False,,911,36.44,40
C2D1,4,0000,36.455,36.455,0.9826960057051797,0.16252141152754193,0.12142963198713225,False,,911,36.44,40
C2D1,4,0001,36.41,36.41,0.9980702368544913,0.13995839576037447,-0.3024843579824539,False,,910,36.4,0
C2D1,4,0010,36.45,36.45,0.9919615178023299,0.2532313249140165,0.28344963407116436,False,,911,36.44,40
C2D1,4,0011,36.445,36.445,0.993585130381816,0.22662420116835294,-0.29194267868890955,False,,911,36.44,40
C2D1,4,0100,36.41,36.41,0.9968499733798558,0.18126739779905712,0.300544416975736,False,,910,36.4,0
C2D1,4,0101,36.405,36.405,0.990201981613767,0.29758585474459837,-0.2776082571906156,False,,910,36.4,0
C2D1,4,0110,36.425,36.425,0.9956513585993569,0.21323485031453596,0.30459865467663655,False,,911,36.44,40
C2D1,4,0111,36.405,36.405,0.9988098859829551,0.10882210740997882,-0.25934418908681717,False,,910,36.4,0
C2D1,4,1000,36.415,36.415,0.9901130258798688,0.31199462490470553,0.28792058603276965,False,,910,36.4,0
C2D1,4,1001,36.415,36.41,0.9951132629778352,0.22743460910259652,-0.28505690760108693,False,,910,36.4,0
C2D1,4,1010,36.455,36.455,0.9937093784839512,0.27160535192569807,0.3245338683848837,False,,911,36.44,40
C2D1,4,1011,36.415,36.415,0.9966772504520469,0.1885716595442681,-0.278811416652663,False,,910,36.4,0
C2D1,4,1100,36.415,36.415,0.9957949224969197,0.21764021655247473,0.30964706680557386,False,,910,36.4,0
C2D1,4,1101,36.43,36.43,0.998018276684521,0.13415670798562435,-0.2980703457478392,False,,911,36.44,40
C2D1,4,1110,36.44,36.44,0.9978843459835112,0.15405828643677968,0.3482331716666756,False,,911,36.44,40
C2D1,4,1111,36.425,36.425,0.9835483214463001,0.14523019773660395,-0.1088452572613173,False,,911,36.44,40
C2D1,5,0000,36.43,36.43,0.9825338999325469,0.18914274608265422,0.13405467390549458,False,,911,36.44,40
C2D1,5,0001,36.415,36.415,0.9902606688303625,0.2908606283055537,-0.2803962947820383,False,,910,36.4,0
C2D1,5,0010,36.405,36.405,0.9950957610822053,0.21818377306920772,0.2961461871732212,False,,910,36.4,0
C2D1,5,0011,36.435,36.435,0.9948643296450891,0.19023861456380667,-0.27269304473130795,False,,911,36.44,40
C2D1,5,0100,36.4,36.4,0.9900123858317167,0.3413543343927139,0.3027101242873062,False,,910,36.4,0
C2D1,5,0101,36.425,36.425,0.9953615044703008,0.203098039216535,-0.2783230899583141,False,,911,36.44,40
C2D1,5,0110,36.455,36.45,0.9934562079964586,0.25649777130979357,0.30812313367290345,False,,911,36.44,40
C2D1,5,0111,36.395,36.395,0.993735930044326,0.24707715350008846,-0.2696195173686342,False,,910,36.4,0
C2D1,5,1000,36.41,36.41,0.9963903838151948,0.19027194482428497,0.2919649231798239,False,,910,36.4,0
C2D1,5,1001,36.405,36.405,0.9931569932542053,0.2569283673282487,-0.2828997601126755,False,,910,36.4,0
C2D1,5,1010,36.415,36.415,0.992391295534873,0.27444072020247967,0.3037964491028126,False,,910,36.4,0
C2D1,5,1011,36.415,36.415,0.988597250464667,0.3322842873643474,-0.2806380375919159,False,,910,36.4,0
C2D1,5,1100,36.435,36.43,0.9916070398387855,0.2745341954192142,0.2942070005740603,False,,911,36.44,40
C2D1,5,1101,36.41,36.41,0.9974978264403789,0.14778194945212733,-0.2866250346927971,False,,910,36.4,0
C2D1,5,1110,36.425,36.425,0.9887528630726491,0.33499289702504326,0.3045980843627626,False,,911,36.44,40
C2D1,5,1111,36.415,36.42,0.9744347703101708,0.20267177196519087,-0.12184763987831401,False,,910,36.4,0
C2D3,1,0000,36.44,36.44,0.960310174269208,0.21747568192294484,0.11134010339285824,False,,911,36.44,40
C2D3,1,0001,36.435,36.43,0.9963818995556413,0.4806890462595348,-0.7730417248233392,False,,911,36.44,40
C2D3,1,0010,36.405,36.405,0.9981545839465259,0.36903327021931004,0.3376259696475198,False,,910,36.4,0
C2D3,1,0011,36.425,36.425,0.9986425913756173,0.16905919545577808,-0.2814931843098308,False,,911,36.44,40
C2D3,1,0100,36.425,36.435,0.97569353248313,0.19674041292832323,0.09510842234754427,False,,911,36.44,40
C2D3,1,0101,36.405,36.405,0.9989642898034006,0.26487880735066016,-0.6898216861297943,False,,910,36.4,0
C2D3,1,0110,36.43,36.425,0.9963017181368532,0.6066100279526502,0.9408245195922372,False,,911,36.44,40
C2D3,1,0111,36.4,36.4,0.9638678907023959,0.10529053587531526,-0.03944424255704897,False,,910,36.4,0
C2D3,1,1000,36.42,36.415,0.977510978592865,0.14521865679555343,0.07144590845485224,False,,911,36.44,40
C2D3,1,1001,36.435,36.435,0.998871352781212,0.2545105658217164,-0.7383503183253664,False,,911,36.44,40
C2D3,1,1010,36.435,36.43,0.9904362013123944,0.8094262006988924,0.6414915202349195,False,,911,36.44,40
C2D3,1,1011,36.445,36.45,0.9869707186149181,0.2091110283362308,-0.08687691229589437,False,,911,36.44,40
C2D3,1,1100,36.465,36.51,0.9628691297360261,0.5079812241192183,0.07781337757780397,True,window-sensitive,912,36.480000000000004,80
C2D3,1,1101,36.435,36.435,0.9985700116295063,0.21451128314090373,-0.4595371179124933,False,,911,36.44,40
C2D3,1,1110,36.405,36.405,0.9988675240928131,0.3911158602623108,1.0250420110995786,False,,910,36.4,0
C2D3,1,1111,36.43,36.43,0.9242891882555199,0.1370109517270227,-0.048432106553648185,False,,911,36.44,40
C2D3,2,0000,36.435,36.43,0.9730893968209433,0.15459020929715367,0.08734491920290807,False,,911,36.44,40
C2D3,2,0001,36.45,36.45,0.9983347056994483,0.2935180357751345,-0.710245706766407,False,,911,36.44,40
C2D3,2,0010,36.435,36.435,0.9942125887742254,0.6010301890875179,0.3895020017654095,False,,911,36.44,40
C2D3,2,0011,36.415,36.42,0.9954921239521427,0.27166253363796566,-0.20442474347806483,False,,910,36.4,0
C2D3,2,0100,36.43,36.44,0.9709137865403311,0.22087745181081714,0.08776903998401868,False,,911,36.44,40
C2D3,2,0101,36.395,36.395,0.9997810570527197,0.14291703472498923,-0.6797757605917479,False,,910,36.4,0
C2D3,2,0110,36.41,36.41,0.9987597328342339,0.4022689192515713,0.9927840024355288,False,,910,36.4,0
C2D3,2,0111,36.42,36.425,0.9402908865995853,0.1380135059354012,-0.05250006520481294,False,,911,36.44,40
C2D3,2,1000,36.415,36.415,0.9654117475775569,0.24685778192182992,0.11934839826228855,False,,910,36.4,0
C2D3,2,1001,36.41,36.41,0.9991617346329976,0.2815375485232874,-0.7462559920953391,False,,910,36.4,0
C2D3,2,1010,36.41,36.41,0.9925398269334783,0.8215386718510811,0.7297101931199431,False,,910,36.4,0
C2D3,2,1011,36.425,36.44,0.9248325008519912,0.37578056078488375,-0.054980891745902045,False,,911,36.44,40
C2D3,2,1100,36.435,36.455,0.9791201396972922,0.5199080438074403,0.0661733395104393,False,,911,36.44,40
C2D3,2,1101,36.455,36.455,0.994752317907304,0.378275305455227,-0.40109751060053683,False,,911,36.44,40
C2D3,2,1110,36.4,36.4,0.9996701370111261,0.22205784396287873,1.069332192207423,False,,910,36.4,0
C2D3,2,1111,36.38,36.39,0.7062337319148573,0.2104410738808929,-0.029807753925130527,False,,910,36.4,0
C2D3,3,0000,36.43,36.43,0.9628858608944634,0.197320624929517,0.1014859933843773,False,,911,36.44,40
C2D3,3,0001,36.405,36.405,0.9985993463256811,0.3941637931502986,-0.8204181398864382,False,,910,36.4,0
C2D3,3,0010,36.43,36.43,0.9932209364268141,0.7324830962044953,0.5344196058136074,False,,911,36.44,40
C2D3,3,0011,36.425,36.425,0.9870861129539771,0.4548038864050545,-0.14268725424349157,False,,911,36.44,40
C2D3,3,0100,36.46,36.46,0.9093862989732151,0.36749464768244033,0.08577547208115457,False,,912,36.480000000000004,80
C2D3,3,0101,36.465,36.465,0.997930671617056,0.2848562857674648,-0.5193418387726751,False,,912,36.480000000000004,80
C2D3,3,0110,36.435,36.435,0.9984636311418306,0.40664846045586134,1.0304223675965802,False,,911,36.44,40
C2D3,3,0111,36.42,36.41,0.8723180701306322,0.42117966217670283,-0.07916291145191189,False,,911,36.44,40
C2D3,3,1000,36.435,36.435,0.972252580517415,0.168490663164096,0.10030218497463567,False,,911,36.44,40
C2D3,3,1001,36.43,36.425,0.9932023807274025,0.8182796121840133,-0.708906926085831,False,,911,36.44,40
C2D3,3,1010,36.43,36.43,0.9923191781616659,0.8145137463523651,0.8026827039226077,False,,911,36.44,40
C2D3,3,1011,36.41,36.405,0.9949109854853981,0.15534269166954642,-0.09520190375365384,False,,910,36.4,0
C2D3,3,1100,36.42,36.43,0.9820524883955184,0.4282138001684602,0.09042536710660644,False,,911,36.44,40
C2D3,3,1101,36.435,36.44,0.9928510606284314,0.5210959712575864,-0.3869559431576345,False,,911,36.44,40
C2D3,3,1110,36.4,36.4,0.9993770902995193,0.30195523299294746,1.0724794001618498,False,,910,36.4,0
C2D3,3,1111,36.445,36.45,0.873121627159616,0.25069278695286845,-0.0673775364783067,False,,911,36.44,40
C2D3,4,0000,36.415,36.425,0.9788973984078216,0.17140659164175012,0.11183521249299391,False,,910,36.4,0
C2D3,4,0001,36.405,36.405,0.9988169838634801,0.3777029639116207,-0.7418232640177362,False,,910,36.4,0
C2D3,4,0010,36.395,36.395,0.99653289090751,0.6709139395589986,0.7231444500759558,False,,910,36.4,0
C2D3,4,0011,36.455,36.465,0.9967227554398521,0.18054303892327203,-0.002871830200119656,False,,911,36.44,40
C2D3,4,0100,36.435,36.435,0.9853517881885056,0.19392662339276823,0.09032875066965791,False,,911,36.44,40
C2D3,4,0101,36.415,36.415,0.9992247230821586,0.24935024303720957,-0.5101045297702957,False,,910,36.4,0
C2D3,4,0110,36.435,36.435,0.998426117386726,0.4199892113535466,1.0511460079477577,False,,911,36.44,40
C2D3,4,0111,36.42,36.42,0.9646310288766088,0.17147523932222777,-0.06751080840798179,False,,911,36.44,40
C2D3,4,1000,36.43,36.43,0.9735232861710713,0.1973958781013514,0.11776125108096787,False,,911,36.44,40
C2D3,4,1001,36.44,36.435,0.9985489170389754,0.33149938754576797,-0.6487557419045324,False,,911,36.44,40
C2D3,4,1010,36.43,36.43,0.992500157169162,0.8273062242511021,0.8391049040220067,False,,911,36.44,40
C2D3,4,1011,36.52,36.435,0.9077955637577555,0.5321145885776657,0.07277408789507978,True,search boundary;window-sensitive,913,36.52,120
C2D3,4,1100,36.43,36.435,0.9875592865181404,0.35173404913373796,0.09787428915895771,False,,911,36.44,40
C2D3,4,1101,36.475,36.475,0.9923594659457097,0.47807895607878703,-0.2433578409200808,False,,912,36.480000000000004,80
C2D3,4,1110,36.425,36.425,0.9949702581862394,0.794633297254103,1.0058727381226757,False,,911,36.44,40
C2D3,4,1111,36.445,36.43,0.8635513624388251,0.37560674441205916,-0.023908955821239267,False,,911,36.44,40
C2D3,5,0000,36.44,36.44,0.9711292472755777,0.20476965266299846,0.11529258041665742,False,,911,36.44,40
C2D3,5,0001,36.445,36.445,0.9978550028137774,0.3929949429853297,-0.6386660788345764,False,,911,36.44,40
C2D3,5,0010,36.405,36.405,0.9990758448976234,0.33918122027018976,0.8170403698476085,False,,910,36.4,0
C2D3,5,0011,36.43,36.43,0.9897075106017508,0.31479396725498504,-0.08790176005947764,False,,911,36.44,40
C2D3,5,0100,36.44,36.445,0.9898038781921892,0.18054614363253432,0.09287241565471357,False,,911,36.44,40
C2D3,5,0101,36.435,36.435,0.9994170083167099,0.2180443919247214,-0.4677012198146308,False,,911,36.44,40
C2D3,5,0110,36.4,36.4,0.9997460756043668,0.1923638132951305,1.0448507569526435,False,,910,36.4,0
C2D3,5,0111,36.39,36.385,0.9837445532679838,0.19614965155721395,-0.06881271255121504,False,,910,36.4,0
C2D3,5,1000,36.435,36.435,0.9601852656668296,0.236518351657967,0.11543549047212565,False,,911,36.44,40
C2D3,5,1001,36.43,36.43,0.9969004098384642,0.5390679493020957,-0.675189920341332,False,,911,36.44,40
C2D3,5,1010,36.45,36.445,0.9928571790247501,0.7250543300399702,0.8499227175122981,False,,911,36.44,40
C2D3,5,1011,36.41,36.425,0.984920854752882,0.23787137633985414,-0.13399424293363754,False,,910,36.4,0
C2D3,5,1100,36.45,36.46,0.9752608937239766,0.5051550719972605,0.08202297314277693,False,,911,36.44,40
C2D3,5,1101,36.41,36.41,0.9986496354959831,0.29219859920423685,-0.35936244622453595,False,,910,36.4,0
C2D3,5,1110,36.435,36.435,0.999688240723481,0.18413210176911712,1.0407608036119114,False,,911,36.44,40
C2D3,5,1111,36.43,36.43,0.9513404561216061,0.19794929155453353,-0.08698865226796335,False,,911,36.44,40
C2D4,1,0000,36.425,36.425,0.9471320227378671,0.2550759331936949,0.09977891823627699,False,,911,36.44,40
C2D4,1,0001,36.41,36.41,0.9985336948808594,0.29895978088856934,-0.7003913204222711,False,,910,36.4,0
C2D4,1,0010,36.445,36.445,0.996232777021912,0.3030507151596579,0.3318783531063352,False,,911,36.44,40
C2D4,1,0011,36.41,36.41,0.9977961259247161,0.22918741937540613,-0.386297601758432,False,,910,36.4,0
C2D4,1,0100,36.43,36.43,0.9941387518001276,0.14704934053412214,0.16037729764195546,False,,911,36.44,40
C2D4,1,0101,36.405,36.405,0.9987745866187104,0.2459328257134507,-0.6024122213742791,False,,910,36.4,0
C2D4,1,0110,36.415,36.415,0.9954966163349829,0.5991313176594237,0.7769211626632186,False,,910,36.4,0
C2D4,1,0111,36.41,36.41,0.8050215392911599,1.1340875081716786,-0.18014026774555206,False,,910,36.4,0
C2D4,1,1000,36.415,36.41,0.9783729748212026,0.23619830000636602,0.10952550888373785,False,,910,36.4,0
C2D4,1,1001,36.44,36.44,0.9790197559416212,1.0222959228607968,-0.6837005709522949,False,,911,36.44,40
C2D4,1,1010,36.405,36.405,0.9989844238645808,0.25563677654715405,0.5729766087025538,False,,910,36.4,0
C2D4,1,1011,36.41,36.41,0.9871127363154677,0.3530389918603701,-0.2570473730313627,False,,910,36.4,0
C2D4,1,1100,36.405,36.4,0.998201602994832,0.19482595418671023,0.27195254674454533,False,,910,36.4,0
C2D4,1,1101,36.4,36.4,0.9967322233600888,0.285421457570335,-0.3657129371897176,False,,910,36.4,0
C2D4,1,1110,36.45,36.45,0.9964816931478387,0.5063797482107776,0.8659148182263625,False,,911,36.44,40
C2D4,1,1111,36.42,36.42,0.9840906209545146,0.18236872289244102,-0.11796844190391972,False,,911,36.44,40
C2D4,2,0000,36.43,36.425,0.9795415437881366,0.1697222893741268,0.10425467672865002,False,,911,36.44,40
C2D4,2,0001,36.445,36.445,0.9966990726268975,0.37341169057689044,-0.661485790449565,False,,911,36.44,40
C2D4,2,0010,36.425,36.425,0.9977586987869267,0.25320629881172063,0.3193511241921745,False,,911,36.44,40
C2D4,2,0011,36.41,36.41,0.9876822111880578,0.48764337108535044,-0.3748909017152556,False,,910,36.4,0
C2D4,2,0100,36.435,36.44,0.9805841953804799,0.27289982807726937,0.1569897467381241,False,,911,36.44,40
C2D4,2,0101,36.405,36.405,0.9995713289546369,0.14592618594666457,-0.5736749756814855,False,,910,36.4,0
C2D4,2,0110,36.4,36.4,0.999405621364034,0.235229305245054,0.7961718687461967,False,,910,36.4,0
C2D4,2,0111,36.455,36.465,0.9856092058548965,0.15379850672767903,-0.12251408051989598,False,,911,36.44,40
C2D4,2,1000,36.405,36.41,0.9866012598611912,0.17464907038053495,0.13545925577651796,False,,910,36.4,0
C2D4,2,1001,36.455,36.455,0.9943430293298914,0.45927394126009996,-0.6039828685305849,False,,911,36.44,40
C2D4,2,1010,36.415,36.415,0.9971695618122962,0.4203992453011656,0.5577839522292696,False,,910,36.4,0
C2D4,2,1011,36.43,36.43,0.9966941885094155,0.15163784878908307,-0.2163928285740912,False,,911,36.44,40
C2D4,2,1100,36.455,36.455,0.9960325229304692,0.19280268154275101,0.2437442130155566,False,,911,36.44,40
C2D4,2,1101,36.435,36.435,0.9970040771817843,0.23210314508361304,-0.3681695090439263,False,,911,36.44,40
C2D4,2,1110,36.395,36.395,0.9994615022890455,0.2533261079988364,0.904009870276306,False,,910,36.4,0
C2D4,2,1111,36.34,36.34,0.15890070120373034,1.377736015852381,-0.07041796700388664,True,weak change point,909,36.36,-40
C2D4,3,0000,36.445,36.445,0.9782105799430449,0.173591897512958,0.11993019034747236,False,,911,36.44,40
C2D4,3,0001,36.44,36.44,0.9958063942932227,0.4683527003011199,-0.7034187300594517,False,,911,36.44,40
C2D4,3,0010,36.405,36.405,0.9996151354644812,0.1302941331433999,0.3968128148300343,False,,910,36.4,0
C2D4,3,0011,36.44,36.44,0.9940052382719647,0.31571994654291274,-0.3834774976785005,False,,911,36.44,40
C2D4,3,0100,36.44,36.44,0.9965288240559416,0.11534478094701034,0.1281448692856611,False,,911,36.44,40
C2D4,3,0101,36.425,36.425,0.997608053859737,0.32254863782726395,-0.5397874124132364,False,,911,36.44,40
C2D4,3,0110,36.45,36.45,0.9988259689899182,0.25461890343138266,0.7514462327205826,False,,911,36.44,40
C2D4,3,0111,36.425,36.425,0.9834488399342376,0.18144398220508223,-0.11993031782348268,False,,911,36.44,40
C2D4,3,1000,36.405,36.405,0.9923879438303618,0.13781318109036442,0.1251167326839833,False,,910,36.4,0
C2D4,3,1001,36.435,36.435,0.998243626115063,0.2711200384443844,-0.6172298768431979,False,,911,36.44,40
C2D4,3,1010,36.4,36.395,0.9992353407888297,0.25526618218256003,0.6284523508287115,False,,910,36.4,0
C2D4,3,1011,36.44,36.44,0.9966993909651124,0.12893415902338673,-0.17055301523804445,False,,911,36.44,40
C2D4,3,1100,36.45,36.45,0.9972521607969151,0.16586045160221233,0.23527643614009386,False,,911,36.44,40
C2D4,3,1101,36.43,36.43,0.996543352380861,0.26972845397461903,-0.3796901550461856,False,,911,36.44,40
C2D4,3,1110,36.43,36.43,0.9988705815138953,0.29716987942521195,0.8383753976538638,False,,911,36.44,40
C2D4,3,1111,36.43,36.435,0.70063197658586,0.28372607567734537,-0.04333788607531361,False,,911,36.44,40
C2D4,4,0000,36.42,36.42,0.9810858765555115,0.1841147746848541,0.11466198656011059,False,,911,36.44,40
C2D4,4,0001,36.415,36.41,0.9674642717463626,1.538916325967846,-0.6576953088448076,False,,910,36.4,0
C2D4,4,0010,36.405,36.41,0.9979520007587155,0.3018415884481838,0.4077350110918789,False,,910,36.4,0
C2D4,4,0011,36.415,36.425,0.9951591342526434,0.2992710115832624,-0.35080788591153783,False,,910,36.4,0
C2D4,4,0100,36.425,36.43,0.9950699335123485,0.15833194702195022,0.1672660752635351,False,,911,36.44,40
C2D4,4,0101,36.425,36.415,0.9874730360876728,0.7108853341588455,-0.4589593948247321,False,,911,36.44,40
C2D4,4,0110,36.415,36.415,0.9965212673929678,0.545935838495099,0.8093800762092165,False,,910,36.4,0
C2D4,4,0111,36.415,36.415,0.9705927573436338,0.2007850787141095,-0.0819878124224205,False,,910,36.4,0
C2D4,4,1000,36.4,36.4,0.9890660680897231,0.1707637467010812,0.12896006207817384,False,,910,36.4,0
C2D4,4,1001,36.43,36.43,0.9935551476674556,0.5694302679014848,-0.625222274416259,False,,911,36.44,40
C2D4,4,1010,36.41,36.41,0.9975150336620564,0.4060602143278672,0.6192190094100012,False,,910,36.4,0
C2D4,4,1011,36.43,36.43,0.7948834984308186,1.103865462928765,-0.17574604506244923,False,,911,36.44,40
C2D4,4,1100,36.415,36.425,0.9952659168675134,0.30647791414377085,0.2689739451076015,False,,910,36.4,0
C2D4,4,1101,36.435,36.435,0.9946646841955625,0.3073635706499722,-0.3469272866199641,False,,911,36.44,40
C2D4,4,1110,36.415,36.415,0.9959312691650017,0.5941463718118744,0.8506172092885691,False,,910,36.4,0
C2D4,4,1111,36.42,36.42,0.7884191784824441,0.47117693602691324,-0.06594608197740044,False,,911,36.44,40
C2D4,5,0000,36.435,36.435,0.9903918253420838,0.11808435369152169,0.11933298263834666,False,,911,36.44,40
C2D4,5,0001,36.425,36.415,0.9939065704960602,0.6408239213780139,-0.6652754782285712,False,,911,36.44,40
C2D4,5,0010,36.43,36.43,0.9987826410907931,0.20282532610024503,0.3679760548553623,False,,911,36.44,40
C2D4,5,0011,36.44,36.44,0.9959848070570904,0.23077585596811862,-0.3304416246428151,False,,911,36.44,40
C2D4,5,0100,36.425,36.425,0.9964156944268077,0.1440697770870072,0.160575809189328,False,,911,36.44,40
C2D4,5,0101,36.435,36.435,0.9990512004898782,0.18019188968208077,-0.5254745543208346,False,,911,36.44,40
C2D4,5,0110,36.415,36.415,0.99425600974983,0.6914699451245849,0.7973225419079679,False,,910,36.4,0
C2D4,5,0111,36.41,36.41,0.9681275775811803,0.2239498083326141,-0.1034857493257425,False,,910,36.4,0
C2D4,5,1000,36.41,36.41,0.9270117102515977,0.44340306784530203,0.15254770623718616,False,,910,36.4,0
C2D4,5,1001,36.425,36.415,0.9973024766651699,0.4168499639389576,-0.6170664581435947,False,,911,36.44,40
C2D4,5,1010,36.43,36.43,0.9961792895672287,0.4852314947085336,0.6428238697982491,False,,911,36.44,40
C2D4,5,1011,36.445,36.44,0.9860963924001487,0.27977045220566554,-0.1468728370492713,False,,911,36.44,40
C2D4,5,1100,36.45,36.45,0.9949408986217891,0.27063094895509954,0.30542605438290427,False,,911,36.44,40
C2D4,5,1101,36.42,36.425,0.9965524550697484,0.32428888161222685,-0.39840041815798655,False,,911,36.44,40
C2D4,5,1110,36.45,36.45,0.9987057691856123,0.30438395613571045,0.8611631837376588,False,,911,36.44,40
C2D4,5,1111,36.415,36.415,0.9214975895241206,0.29090673793235,-0.09789752645869525,False,,910,36.4,0
C4D1,1,0000,36.41,36.41,0.9887986265155416,0.14539847414767715,0.12915365113748165,False,,910,36.4,0
C4D1,1,0001,36.415,36.415,0.9958575969649393,0.32418907544729675,-0.47767463397133,False,,910,36.4,0
C4D1,1,0010,36.425,36.425,0.9956533081931281,0.2854715146893911,0.4100756178601668,False,,911,36.44,40
C4D1,1,0011,36.435,36.435,0.9989033801490503,0.1508263494287274,-0.463609106078368,False,,911,36.44,40
C4D1,1,0100,36.41,36.41,0.9968622171470486,0.24141859546707875,0.39006591961753967,False,,910,36.4,0
C4D1,1,0101,36.4,36.4,0.9980581759995973,0.22206552787268208,-0.46887389341287244,False,,910,36.4,0
C4D1,1,0110,36.45,36.45,0.9982524664573341,0.18700877195348384,0.45275619542780665,False,,911,36.44,40
C4D1,1,0111,36.435,36.435,0.9916212294080835,0.25649456137415905,-0.23334538133633242,False,,911,36.44,40
C4D1,1,1000,36.4,36.4,0.9896661866869513,0.28206954455104843,0.19456834087560054,False,,910,36.4,0
C4D1,1,1001,36.435,36.435,0.9945379539124807,0.3324085071302085,-0.45925489782125906,False,,911,36.44,40
C4D1,1,1010,36.4,36.4,0.9977318872164765,0.2425002642154853,0.4662631465284599,False,,910,36.4,0
C4D1,1,1011,36.44,36.44,0.9979881509115957,0.1953031466885723,-0.45173924333335375,False,,911,36.44,40
C4D1,1,1100,36.43,36.43,0.997727099035726,0.23297732404901256,0.48362117878049177,False,,911,36.44,40
C4D1,1,1101,36.43,36.425,0.9958315004975444,0.2790602469457539,-0.41806328816537147,False,,911,36.44,40
C4D1,1,1110,36.405,36.405,0.9974644390990952,0.23947629065066794,0.4491454185343148,False,,910,36.4,0
C4D1,1,1111,36.455,36.455,0.9861860529115118,0.13396220878521603,-0.11183761570949358,False,,911,36.44,40
C4D1,2,0000,36.41,36.415,0.9865867185351094,0.1556532036706953,0.1336885023812967,False,,910,36.4,0
C4D1,2,0001,36.415,36.415,0.9971564579525798,0.25608173614855323,-0.45001002872735785,False,,910,36.4,0
C4D1,2,0010,36.43,36.43,0.9978862310467103,0.1986601255103708,0.41946207248886214,False,,911,36.44,40
C4D1,2,0011,36.395,36.395,0.998550658540551,0.20416992537355672,-0.476251959434926,False,,910,36.4,0
C4D1,2,0100,36.41,36.41,0.9946243638635935,0.3098372463405005,0.3783899992645803,False,,910,36.4,0
C4D1,2,0101,36.43,36.43,0.9949529849289869,0.31947510269412877,-0.4399107996803084,False,,911,36.44,40
C4D1,2,0110,36.405,36.405,0.9989249172866573,0.1625647703945332,0.46137879499618134,False,,910,36.4,0
C4D1,2,0111,36.425,36.425,0.9961566806246903,0.282339133038595,-0.4288712744275036,False,,911,36.44,40
C4D1,2,1000,36.425,36.425,0.9900606092503742,0.24725231781099258,0.18847594901530285,False,,911,36.44,40
C4D1,2,1001,36.4,36.4,0.9972177239806558,0.27964949009698764,-0.4811754141918494,False,,910,36.4,0
C4D1,2,1010,36.415,36.415,0.9908434447090316,0.4616236993100751,0.4381240278172992,False,,910,36.4,0
C4D1,2,1011,36.43,36.43,0.9952455519218746,0.28727012790652895,-0.40903243226046954,False,,911,36.44,40
C4D1,2,1100,36.41,36.415,0.997682374911048,0.22899913001078306,0.46587627071403515,False,,910,36.4,0
C4D1,2,1101,36.435,36.435,0.9979913832817212,0.20824948496415763,-0.47579534641455146,False,,911,36.44,40
C4D1,2,1110,36.4,36.4,0.9987067033349558,0.18999854413868503,0.4965887922527005,False,,910,36.4,0
C4D1,2,1111,36.395,36.395,0.9976317028939078,0.07076975750027337,-0.11731607602163995,False,,910,36.4,0
C4D1,3,0000,36.41,36.41,0.9830058824400953,0.1790218492871807,0.132933161549044,False,,910,36.4,0
C4D1,3,0001,36.45,36.45,0.9978945767944963,0.22596755399195212,-0.4983032171406617,False,,911,36.44,40
C4D1,3,0010,36.425,36.425,0.9942276679097154,0.34054203290743223,0.4159534313756977,False,,911,36.44,40
C4D1,3,0011,36.41,36.41,0.9978406564602395,0.22617262393533064,-0.46479137337962595,False,,910,36.4,0
C4D1,3,0100,36.43,36.425,0.993857067390844,0.32561277446571396,0.37673327311955607,False,,911,36.44,40
C4D1,3,0101,36.41,36.41,0.9974332575590308,0.2518062387989512,-0.4819443254964785,False,,910,36.4,0
C4D1,3,0110,36.405,36.405,0.9967065374519479,0.28855256873744956,0.4720388970443008,False,,910,36.4,0
C4D1,3,0111,36.415,36.415,0.9973167461368889,0.2424680729606416,-0.4127025209395867,False,,910,36.4,0
C4D1,3,1000,36.405,36.405,0.9921387628694843,0.20068496994533375,0.16569861364489497,False,,910,36.4,0
C4D1,3,1001,36.445,36.445,0.9986183691794878,0.18053541123554182,-0.5021829625963783,False,,911,36.44,40
C4D1,3,1010,36.405,36.4,0.9958432762633069,0.3350643411883928,0.46487890509375646,False,,910,36.4,0
C4D1,3,1011,36.415,36.415,0.9977626234063507,0.22688703722326162,-0.4272400810343684,False,,910,36.4,0
C4D1,3,1100,36.43,36.43,0.9942388768508227,0.3481118946396924,0.46014146855839666,False,,911,36.44,40
C4D1,3,1101,36.415,36.415,0.9969675865304239,0.27835630324440486,-0.4678810121907291,False,,910,36.4,0
C4D1,3,1110,36.43,36.43,0.996382610802851,0.29577175745972606,0.48171276032012,False,,911,36.44,40
C4D1,3,1111,36.41,36.415,0.9743574213708113,0.19544750411206893,-0.11934963199435894,False,,910,36.4,0
C4D1,4,0000,36.43,36.43,0.9905297119309093,0.11669514275624442,0.11639435546706438,False,,911,36.44,40
C4D1,4,0001,36.45,36.455,0.9918335930379781,0.4128235363783497,-0.4574625041049287,False,,911,36.44,40
C4D1,4,0010,36.405,36.405,0.9981273470802311,0.21428842813924281,0.4408276370466814,False,,910,36.4,0
C4D1,4,0011,36.4,36.4,0.9984023555716479,0.2059657818115877,-0.44749283978016613,False,,910,36.4,0
C4D1,4,0100,36.395,36.395,0.9985447333862816,0.17390771485839585,0.36695394744824766,False,,910,36.4,0
C4D1,4,0101,36.415,36.415,0.996737889787426,0.2815361937787986,-0.46636963187860525,False,,910,36.4,0
C4D1,4,0110,36.395,36.395,0.9953996800781548,0.366989760414254,0.4626299777457091,False,,910,36.4,0
C4D1,4,0111,36.45,36.445,0.9950172455510545,0.20422668405929498,-0.27202278222393167,False,,911,36.44,40
C4D1,4,1000,36.425,36.425,0.9927854618523126,0.1727990736961131,0.1605714869599618,False,,911,36.44,40
C4D1,4,1001,36.44,36.44,0.9983814983341555,0.19449295124270294,-0.5008198023213982,False,,911,36.44,40
C4D1,4,1010,36.43,36.43,0.9974306600694589,0.2465198035611859,0.4876755643697025,False,,911,36.44,40
C4D1,4,1011,36.43,36.43,0.9980499779082899,0.19677005352929444,-0.4389519857798597,False,,911,36.44,40
C4D1,4,1100,36.415,36.415,0.9931334843321715,0.402100302766803,0.44391903914227937,False,,910,36.4,0
C4D1,4,1101,36.435,36.435,0.9986807955773714,0.16340324798395003,-0.4642322437047624,False,,911,36.44,40
C4D1,4,1110,36.41,36.41,0.9993595628628928,0.13101877451346686,0.4931637147522889,False,,910,36.4,0
C4D1,4,1111,36.425,36.415,0.9763258766245498,0.19904492773645083,-0.10148113560943872,False,,911,36.44,40
C4D1,5,0000,36.425,36.425,0.9719165868902487,0.20612970643370085,0.11467643473054749,False,,911,36.44,40
C4D1,5,0001,36.425,36.425,0.997878619259446,0.23565625555791145,-0.4842247526383322,False,,911,36.44,40
C4D1,5,0010,36.435,36.435,0.9988742913164406,0.15320154364654898,0.468375682696395,False,,911,36.44,40
C4D1,5,0011,36.41,36.41,0.9977738488590961,0.2431819053157794,-0.4778551691400239,False,,910,36.4,0
C4D1,5,0100,36.425,36.425,0.9926050957727158,0.35121910325187927,0.3395341118196368,False,,911,36.44,40
C4D1,5,0101,36.405,36.405,0.9984580400942432,0.2085485786343071,-0.500525238925233,False,,910,36.4,0
C4D1,5,0110,36.435,36.435,0.9943512770644496,0.35148829634596895,0.4792078645137043,False,,911,36.44,40
C4D1,5,0111,36.455,36.455,0.9966702032281813,0.14973242846030543,-0.25101050089699267,False,,911,36.44,40
C4D1,5,1000,36.435,36.435,0.9877061011461707,0.24197058081294906,0.18402056879681658,False,,911,36.44,40
C4D1,5,1001,36.395,36.395,0.9990177032474666,0.16809085016713893,-0.47405748205538834,False,,910,36.4,0
C4D1,5,1010,36.425,36.425,0.9888098621548023,0.49048086388512996,0.4422176872610663,False,,911,36.44,40
C4D1,5,1011,36.425,36.415,0.9944006585848957,0.33043520679595906,-0.3801007835614655,False,,911,36.44,40
C4D1,5,1100,36.445,36.445,0.9980803798799667,0.212598998961073,0.4971375854876796,False,,911,36.44,40
C4D1,5,1101,36.415,36.415,0.9952390559961375,0.35184251477627676,-0.48687782550020825,False,,910,36.4,0
C4D1,5,1110,36.435,36.435,0.9969842234409346,0.27917704144136085,0.5247976235000532,False,,911,36.44,40
C4D1,5,1111,36.41,36.41,0.9649413469623145,0.2773412591951052,-0.13075820931834695,False,,910,36.4,0
C4D3,1,0000,36.41,36.415,0.9798377180395867,0.2518331979716247,0.14649313063778266,False,,910,36.4,0
C4D3,1,0001,36.415,36.415,0.9955039073865867,0.22161605807244686,-0.3135082430796439,False,,910,36.4,0
C4D3,1,0010,36.44,36.445,0.9750374479047054,0.3625539738590604,0.2306753777380947,False,,911,36.44,40
C4D3,1,0011,36.4,36.4,0.9976516469982144,0.1639231408721069,-0.2878191977901619,False,,910,36.4,0
C4D3,1,0100,36.41,36.41,0.9925387520538388,0.2097285297105639,0.1791089116146548,False,,910,36.4,0
C4D3,1,0101,36.395,36.395,0.9976361552606636,0.1605185720890725,-0.3058687060493037,False,,910,36.4,0
C4D3,1,0110,36.435,36.435,0.9965793747183624,0.15199825770015382,0.2589519508492412,False,,911,36.44,40
C4D3,1,0111,36.44,36.44,0.9938463248195921,0.11337070408611233,-0.11402821095234852,False,,911,36.44,40
C4D3,1,1000,36.435,36.435,0.9632498747732299,0.33277356242892,0.15731265955877707,False,,911,36.44,40
C4D3,1,1001,36.415,36.415,0.9942331569583751,0.25572161387430736,-0.30535725253493284,False,,910,36.4,0
C4D3,1,1010,36.415,36.415,0.995968018252631,0.18396105200807575,0.26371062968780706,False,,910,36.4,0
C4D3,1,1011,36.41,36.41,0.9954777399766493,0.18290282924234078,-0.2266959196277933,False,,910,36.4,0
C4D3,1,1100,36.4,36.4,0.9987826402410317,0.10583859891496683,0.26379090258862486,False,,910,36.4,0
C4D3,1,1101,36.43,36.43,0.9984037201585528,0.11511499802968361,-0.28020496008859747,False,,911,36.44,40
C4D3,1,1110,36.415,36.415,0.9948458348670456,0.20136875629405113,0.26135072605636867,False,,910,36.4,0
C4D3,1,1111,36.425,36.43,0.9452060693394387,0.24849631245303552,-0.08698995946152824,False,,911,36.44,40
C4D3,2,0000,36.445,36.44,0.9841941757106666,0.18339215010243076,0.13459756838030823,False,,911,36.44,40
C4D3,2,0001,36.405,36.405,0.9977048060115536,0.16363767020280612,-0.30332597101958686,False,,910,36.4,0
C4D3,2,0010,36.43,36.43,0.9960820726978851,0.16138783047902203,0.24394599855243107,False,,911,36.44,40
C4D3,2,0011,36.415,36.42,0.9838846894219495,0.40968890347997244,-0.3030741564340111,False,,910,36.4,0
C4D3,2,0100,36.445,36.445,0.9948504046303163,0.15003679990830984,0.174252730501866,False,,911,36.44,40
C4D3,2,0101,36.44,36.445,0.9919123501250842,0.2798097367836668,-0.3172434185119459,False,,911,36.44,40
C4D3,2,0110,36.415,36.415,0.9938535876237532,0.23535180280272378,0.27708952782424084,False,,910,36.4,0
C4D3,2,0111,36.44,36.44,0.9914644465456534,0.13737391871022864,-0.1318990823214026,False,,911,36.44,40
C4D3,2,1000,36.45,36.45,0.9949549495606123,0.1190230210048942,0.15555102623408446,False,,911,36.44,40
C4D3,2,1001,36.43,36.43,0.9944738450420004,0.2316555198251218,-0.3022682375348303,False,,911,36.44,40
C4D3,2,1010,36.45,36.45,0.99847140030733,0.10123657025191046,0.26301738479950176,False,,911,36.44,40
C4D3,2,1011,36.405,36.405,0.9895053431556778,0.29063338310166953,-0.23722063760278145,False,,910,36.4,0
C4D3,2,1100,36.435,36.435,0.9958328752504527,0.16554248248480014,0.24734144597838792,False,,911,36.44,40
C4D3,2,1101,36.435,36.435,0.996436665308007,0.16042556399553523,-0.2760977573246751,False,,911,36.44,40
C4D3,2,1110,36.445,36.445,0.9973336147337505,0.14565914617686068,0.2916260539731274,False,,911,36.44,40
C4D3,2,1111,36.425,36.425,0.9794849699512603,0.15846033989843084,-0.09357371111250044,False,,911,36.44,40
C4D3,3,0000,36.42,36.415,0.987536503645559,0.18770862867818267,0.1299711453009908,False,,911,36.44,40
C4D3,3,0001,36.43,36.435,0.997357761448322,0.16009910929100807,-0.312567376106511,False,,911,36.44,40
C4D3,3,0010,36.415,36.41,0.9941413914262713,0.22129758684042863,0.24383282753890506,False,,910,36.4,0
C4D3,3,0011,36.41,36.41,0.9973881977906716,0.15923465389435595,-0.28767871068024825,False,,910,36.4,0
C4D3,3,0100,36.41,36.41,0.9983199449950898,0.10680808860704825,0.1813675854440628,False,,910,36.4,0
C4D3,3,0101,36.435,36.435,0.9972011442279837,0.1573719031422349,-0.30199256334948776,False,,911,36.44,40
C4D3,3,0110,36.41,36.41,0.9905404334855442,0.28233443768563277,0.2702144950983424,False,,910,36.4,0
C4D3,3,0111,36.43,36.43,0.9954848278615611,0.10460149776117908,-0.11572172352981858,False,,911,36.44,40
C4D3,3,1000,36.4,36.4,0.9949094336419819,0.14046099981335572,0.14369720983683096,False,,910,36.4,0
C4D3,3,1001,36.445,36.45,0.9980423949900605,0.13260901567072206,-0.3078800662340549,False,,911,36.44,40
C4D3,3,1010,36.405,36.405,0.9950726269207556,0.2147839512724381,0.26291061170180047,False,,910,36.4,0
C4D3,3,1011,36.41,36.41,0.9963832290620478,0.1582528103299684,-0.2274001600928519,False,,910,36.4,0
C4D3,3,1100,36.445,36.445,0.98423917427431,0.2821882633313329,0.23013778675074453,False,,911,36.44,40
C4D3,3,1101,36.435,36.435,0.995929531277287,0.1825929759552145,-0.28570038176199775,False,,911,36.44,40
C4D3,3,1110,36.4,36.4,0.9981964146203399,0.1297595703556685,0.27484741766607823,False,,910,36.4,0
C4D3,3,1111,36.41,36.41,0.9969762753821806,0.06229469950564045,-0.09906423128979569,False,,910,36.4,0
C4D3,4,0000,36.435,36.435,0.9826441693635097,0.22240050665168767,0.15432994838496114,False,,911,36.44,40
C4D3,4,0001,36.415,36.415,0.9971796033005549,0.17361614599250488,-0.30073815949144184,False,,910,36.4,0
C4D3,4,0010,36.41,36.41,0.9988570847679594,0.09558269126563158,0.2509474853303677,False,,910,36.4,0
C4D3,4,0011,36.425,36.425,0.9944587551306163,0.22229395173969332,-0.2728062221232129,False,,911,36.44,40
C4D3,4,0100,36.45,36.45,0.9938941793899153,0.1496004879715942,0.1700486065227731,False,,911,36.44,40
C4D3,4,0101,36.405,36.405,0.9986112652183952,0.12441397035320821,-0.3045763525804185,False,,910,36.4,0
C4D3,4,0110,36.415,36.415,0.9968026158501241,0.16330671821958148,0.268313007718774,False,,910,36.4,0
C4D3,4,0111,36.41,36.415,0.9944865605908765,0.1229812008265964,-0.13751584795456145,False,,910,36.4,0
C4D3,4,1000,36.415,36.415,0.9917066895157658,0.16181909155056273,0.12487895456138876,False,,910,36.4,0
C4D3,4,1001,36.41,36.41,0.9965823735224998,0.17751420293889533,-0.2855081144052906,False,,910,36.4,0
C4D3,4,1010,36.45,36.45,0.9967432609025282,0.14262979133601997,0.25373576946961757,False,,911,36.44,40
C4D3,4,1011,36.405,36.405,0.9965291318422071,0.15263202661191275,-0.21523296234677586,False,,910,36.4,0
C4D3,4,1100,36.43,36.425,0.9929467412739078,0.2204731160186792,0.2369883521755132,False,,911,36.44,40
C4D3,4,1101,36.415,36.415,0.997366683775796,0.15057614644592537,-0.2687736478831265,False,,910,36.4,0
C4D3,4,1110,36.415,36.415,0.9946997375281661,0.21055084000350824,0.26061945905528305,False,,910,36.4,0
C4D3,4,1111,36.4,36.4,0.9824494464605618,0.1595195319371836,-0.10852723098392458,False,,910,36.4,0
C4D3,5,0000,36.41,36.415,0.9895981439345413,0.1771211989158224,0.16124734157364146,False,,910,36.4,0
C4D3,5,0001,36.41,36.41,0.9956927949150286,0.222631541330385,-0.31255679030781075,False,,910,36.4,0
C4D3,5,0010,36.435,36.435,0.9953155881101861,0.16687898722838276,0.22942588005055442,False,,911,36.44,40
C4D3,5,0011,36.43,36.43,0.9829532909387448,0.3761108765918385,-0.28354126466886675,False,,911,36.44,40
C4D3,5,0100,36.415,36.415,0.9960849363784579,0.16393161029965017,0.18978262624943487,False,,910,36.4,0
C4D3,5,0101,36.455,36.455,0.9842170814853464,0.3445666479011112,-0.2669997689805545,False,,911,36.44,40
C4D3,5,0110,36.43,36.43,0.9944327023675394,0.19822323888250484,0.2625629642879844,False,,911,36.44,40
C4D3,5,0111,36.405,36.405,0.9013366752055441,0.6637969383485188,-0.16993463916322346,False,,910,36.4,0
C4D3,5,1000,36.41,36.41,0.9892437766658077,0.17604260912567418,0.14745235565569356,False,,910,36.4,0
C4D3,5,1001,36.41,36.41,0.9914023380883117,0.2931210441149252,-0.3038207574845939,False,,910,36.4,0
C4D3,5,1010,36.41,36.41,0.9921103656454878,0.241385317078311,0.26180349236490835,False,,910,36.4,0
C4D3,5,1011,36.435,36.435,0.9874865419061555,0.249350645999475,-0.2085336690601569,False,,911,36.44,40
C4D3,5,1100,36.425,36.425,0.9946042650660907,0.20183702593131062,0.24757851696598504,False,,911,36.44,40
C4D3,5,1101,36.41,36.41,0.9953180710110598,0.20956902606189373,-0.26270959720224446,False,,910,36.4,0
C4D3,5,1110,36.435,36.435,0.9971487939525229,0.1394958782414638,0.26939539574406696,False,,911,36.44,40
C4D3,5,1111,36.43,36.43,0.9859251356045702,0.11469069829022292,-0.07846909898236584,False,,911,36.44,40
