configuration,sigma,mean_SER,sd,ci95_low,ci95_high,n_realizations,fac,jj
masked,0.001,0.061975,0.001118,0.061452,0.062498,20,4.000,0.200
masked,0.002,0.062650,0.001479,0.061958,0.063342,20,6.500,2.200
masked,0.003,0.063000,0.002134,0.062001,0.063999,20,7.500,2.100
masked,0.004,0.064400,0.001392,0.063749,0.065051,20,8.800,2.500
masked,0.005,0.065575,0.001575,0.064838,0.066312,20,2.800,0.300
masked,0.006,0.066525,0.002029,0.065575,0.067475,20,7.100,2.200
masked,0.007,0.066550,0.001898,0.065662,0.067438,20,2.700,-2.000
masked,0.008,0.068650,0.002153,0.067643,0.069657,20,7.000,2.000
masked,0.009,0.069375,0.001375,0.068731,0.070019,20,7.500,2.100
masked,0.01,0.070100,0.001675,0.069316,0.070884,20,9.000,2.800
fixedgate,0.001,0.113725,0.005658,0.111077,0.116373,20,0.200,-10.600
fixedgate,0.002,0.132625,0.006253,0.129698,0.135552,20,0.200,-1.400
fixedgate,0.003,0.148725,0.005399,0.146198,0.151252,20,-0.200,1.000
fixedgate,0.004,0.157225,0.004607,0.155069,0.159381,20,0.300,-1.000
fixedgate,0.005,0.163800,0.004854,0.161528,0.166072,20,0.200,-10.900
fixedgate,0.006,0.168700,0.005105,0.166311,0.171089,20,-0.400,0.400
fixedgate,0.007,0.174975,0.005732,0.172292,0.177658,20,0.200,-10.100
fixedgate,0.008,0.179850,0.006323,0.176891,0.182809,20,0.200,-1.300
fixedgate,0.009,0.185050,0.005880,0.182298,0.187802,20,0.200,-1.200
fixedgate,0.01,0.187900,0.005111,0.185508,0.190292,20,0.200,-3.100
