configuration,sigma,mean_NRMSE,sd,ci95_low,ci95_high,n_realizations,fac,jj
masked,0.001,0.026273,0.000870,0.025866,0.026680,20,14.600,10.300
masked,0.002,0.040522,0.001598,0.039774,0.041270,20,15.800,10.900
masked,0.003,0.055156,0.003496,0.053520,0.056793,20,15.200,10.500
masked,0.004,0.072771,0.004012,0.070894,0.074649,20,22.000,-16.600
masked,0.005,0.091819,0.004362,0.089778,0.093860,20,14.100,9.900
masked,0.006,0.115489,0.005824,0.112763,0.118215,20,18.900,14.500
masked,0.007,0.138331,0.007812,0.134675,0.141987,20,15.500,10.800
masked,0.008,0.160897,0.004641,0.158725,0.163068,20,22.000,-16.600
masked,0.009,0.182712,0.006790,0.179534,0.185890,20,22.000,-16.500
masked,0.01,0.202353,0.007559,0.198816,0.205891,20,14.000,9.800
fixedgate,0.001,0.452402,0.003010,0.450993,0.453811,20,-0.100,-0.100
fixedgate,0.002,0.457461,0.001607,0.456709,0.458213,20,0.100,0.100
fixedgate,0.003,0.464639,0.003799,0.462861,0.466417,20,-0.100,-0.100
fixedgate,0.004,0.473086,0.004205,0.471118,0.475054,20,0.100,0.100
fixedgate,0.005,0.485412,0.004400,0.483353,0.487471,20,0.100,0.100
fixedgate,0.006,0.494425,0.005319,0.491936,0.496914,20,-0.100,-0.100
fixedgate,0.007,0.507424,0.004859,0.505150,0.509698,20,-0.100,-0.100
fixedgate,0.008,0.519655,0.010013,0.514969,0.524341,20,-0.100,-0.100
fixedgate,0.009,0.537922,0.008172,0.534098,0.541746,20,-0.100,-0.100
fixedgate,0.01,0.553188,0.010629,0.548214,0.558163,20,-0.100,-0.100
