configuration,realization,sigma,SER
masked,1,0.001,0.06200000
masked,1,0.002,0.06100000
masked,1,0.003,0.06250000
masked,1,0.004,0.06250000
masked,1,0.005,0.06600000
masked,1,0.006,0.06750000
masked,1,0.007,0.06500000
masked,1,0.008,0.06850000
masked,1,0.009,0.07050000
masked,1,0.01,0.06850000
masked,2,0.001,0.06250000
masked,2,0.002,0.06300000
masked,2,0.003,0.06400000
masked,2,0.004,0.06400000
masked,2,0.005,0.06850000
masked,2,0.006,0.06600000
masked,2,0.007,0.06800000
masked,2,0.008,0.06900000
masked,2,0.009,0.06800000
masked,2,0.01,0.07200000
masked,3,0.001,0.06100000
masked,3,0.002,0.06400000
masked,3,0.003,0.06250000
masked,3,0.004,0.06500000
masked,3,0.005,0.06800000
masked,3,0.006,0.06650000
masked,3,0.007,0.06350000
masked,3,0.008,0.06900000
masked,3,0.009,0.07250000
masked,3,0.01,0.07100000
masked,4,0.001,0.06100000
masked,4,0.002,0.06300000
masked,4,0.003,0.06200000
masked,4,0.004,0.06250000
masked,4,0.005,0.06500000
masked,4,0.006,0.06650000
masked,4,0.007,0.06500000
masked,4,0.008,0.06700000
masked,4,0.009,0.06800000
masked,4,0.01,0.07250000
masked,5,0.001,0.06150000
masked,5,0.002,0.06100000
masked,5,0.003,0.05800000
masked,5,0.004,0.06500000
masked,5,0.005,0.06550000
masked,5,0.006,0.06300000
masked,5,0.007,0.06850000
masked,5,0.008,0.07100000
masked,5,0.009,0.06800000
masked,5,0.01,0.07400000
masked,6,0.001,0.06250000
masked,6,0.002,0.06000000
masked,6,0.003,0.06300000
masked,6,0.004,0.06350000
masked,6,0.005,0.06350000
masked,6,0.006,0.06100000
masked,6,0.007,0.06850000
masked,6,0.008,0.07050000
masked,6,0.009,0.06900000
masked,6,0.01,0.07050000
masked,7,0.001,0.06450000
masked,7,0.002,0.06350000
masked,7,0.003,0.06200000
masked,7,0.004,0.06350000
masked,7,0.005,0.06800000
masked,7,0.006,0.06850000
masked,7,0.007,0.06750000
masked,7,0.008,0.07100000
masked,7,0.009,0.07000000
masked,7,0.01,0.07300000
masked,8,0.001,0.06100000
masked,8,0.002,0.06150000
masked,8,0.003,0.05950000
masked,8,0.004,0.06600000
masked,8,0.005,0.06450000
masked,8,0.006,0.06850000
masked,8,0.007,0.06750000
masked,8,0.008,0.06900000
masked,8,0.009,0.06950000
masked,8,0.01,0.06850000
masked,9,0.001,0.06150000
masked,9,0.002,0.06250000
masked,9,0.003,0.06250000
masked,9,0.004,0.06650000
masked,9,0.005,0.06500000
masked,9,0.006,0.06750000
masked,9,0.007,0.06700000
masked,9,0.008,0.07100000
masked,9,0.009,0.07100000
masked,9,0.01,0.07050000
masked,10,0.001,0.06300000
masked,10,0.002,0.06150000
masked,10,0.003,0.06650000
masked,10,0.004,0.06650000
masked,10,0.005,0.06750000
masked,10,0.006,0.06750000
masked,10,0.007,0.06600000
masked,10,0.008,0.06600000
masked,10,0.009,0.06950000
masked,10,0.01,0.06950000
masked,11,0.001,0.06150000
masked,11,0.002,0.06250000
masked,11,0.003,0.06350000
masked,11,0.004,0.06500000
masked,11,0.005,0.06400000
masked,11,0.006,0.06600000
masked,11,0.007,0.06400000
masked,11,0.008,0.07300000
masked,11,0.009,0.06750000
masked,11,0.01,0.07000000
masked,12,0.001,0.05950000
masked,12,0.002,0.06500000
masked,12,0.003,0.06600000
masked,12,0.004,0.06650000
masked,12,0.005,0.06500000
masked,12,0.006,0.06500000
masked,12,0.007,0.06800000
masked,12,0.008,0.06650000
masked,12,0.009,0.06950000
masked,12,0.01,0.06900000
masked,13,0.001,0.06300000
masked,13,0.002,0.06500000
masked,13,0.003,0.06600000
masked,13,0.004,0.06400000
masked,13,0.005,0.06550000
masked,13,0.006,0.06650000
masked,13,0.007,0.06850000
masked,13,0.008,0.06900000
masked,13,0.009,0.06850000
masked,13,0.01,0.06950000
masked,14,0.001,0.06250000
masked,14,0.002,0.06100000
masked,14,0.003,0.06350000
masked,14,0.004,0.06650000
masked,14,0.005,0.06550000
masked,14,0.006,0.06750000
masked,14,0.007,0.06600000
masked,14,0.008,0.06800000
masked,14,0.009,0.07000000
masked,14,0.01,0.06900000
masked,15,0.001,0.06200000
masked,15,0.002,0.06300000
masked,15,0.003,0.06350000
masked,15,0.004,0.06350000
masked,15,0.005,0.06350000
masked,15,0.006,0.07000000
masked,15,0.007,0.07000000
masked,15,0.008,0.06750000
masked,15,0.009,0.07000000
masked,15,0.01,0.06850000
masked,16,0.001,0.06100000
masked,16,0.002,0.06100000
masked,16,0.003,0.06000000
masked,16,0.004,0.06350000
masked,16,0.005,0.06550000
masked,16,0.006,0.06800000
masked,16,0.007,0.06500000
masked,16,0.008,0.06800000
masked,16,0.009,0.07000000
masked,16,0.01,0.06950000
masked,17,0.001,0.06300000
masked,17,0.002,0.06350000
masked,17,0.003,0.06350000
masked,17,0.004,0.06300000
masked,17,0.005,0.06700000
masked,17,0.006,0.06650000
masked,17,0.007,0.06800000
masked,17,0.008,0.06850000
masked,17,0.009,0.07100000
masked,17,0.01,0.07000000
masked,18,0.001,0.06350000
masked,18,0.002,0.06250000
masked,18,0.003,0.06250000
masked,18,0.004,0.06350000
masked,18,0.005,0.06400000
masked,18,0.006,0.06450000
masked,18,0.007,0.06700000
masked,18,0.008,0.06300000
masked,18,0.009,0.07000000
masked,18,0.01,0.06900000
masked,19,0.001,0.06150000
masked,19,0.002,0.06500000
masked,19,0.003,0.06400000
masked,19,0.004,0.06450000
masked,19,0.005,0.06650000
masked,19,0.006,0.06800000
masked,19,0.007,0.06400000
masked,19,0.008,0.06850000
masked,19,0.009,0.06700000
masked,19,0.01,0.06750000
masked,20,0.001,0.06150000
masked,20,0.002,0.06350000
masked,20,0.003,0.06500000
masked,20,0.004,0.06300000
masked,20,0.005,0.06350000
masked,20,0.006,0.06600000
masked,20,0.007,0.06400000
masked,20,0.008,0.06900000
masked,20,0.009,0.06800000
masked,20,0.01,0.07000000
fixedgate,1,0.001,0.11050000
fixedgate,1,0.002,0.13500000
fixedgate,1,0.003,0.15000000
fixedgate,1,0.004,0.16000000
fixedgate,1,0.005,0.15800000
fixedgate,1,0.006,0.17200000
fixedgate,1,0.007,0.17600000
fixedgate,1,0.008,0.17100000
fixedgate,1,0.009,0.18700000
fixedgate,1,0.01,0.18400000
fixedgate,2,0.001,0.11100000
fixedgate,2,0.002,0.12550000
fixedgate,2,0.003,0.14550000
fixedgate,2,0.004,0.15650000
fixedgate,2,0.005,0.17050000
fixedgate,2,0.006,0.16550000
fixedgate,2,0.007,0.17950000
fixedgate,2,0.008,0.19150000
fixedgate,2,0.009,0.19150000
fixedgate,2,0.01,0.18600000
fixedgate,3,0.001,0.11350000
fixedgate,3,0.002,0.14150000
fixedgate,3,0.003,0.14700000
fixedgate,3,0.004,0.15850000
fixedgate,3,0.005,0.16200000
fixedgate,3,0.006,0.16150000
fixedgate,3,0.007,0.16750000
fixedgate,3,0.008,0.18850000
fixedgate,3,0.009,0.18450000
fixedgate,3,0.01,0.18900000
fixedgate,4,0.001,0.11800000
fixedgate,4,0.002,0.14200000
fixedgate,4,0.003,0.14500000
fixedgate,4,0.004,0.15250000
fixedgate,4,0.005,0.15650000
fixedgate,4,0.006,0.16100000
fixedgate,4,0.007,0.17400000
fixedgate,4,0.008,0.17750000
fixedgate,4,0.009,0.18500000
fixedgate,4,0.01,0.19400000
fixedgate,5,0.001,0.11150000
fixedgate,5,0.002,0.12950000
fixedgate,5,0.003,0.13800000
fixedgate,5,0.004,0.15700000
fixedgate,5,0.005,0.17100000
fixedgate,5,0.006,0.17150000
fixedgate,5,0.007,0.16950000
fixedgate,5,0.008,0.17300000
fixedgate,5,0.009,0.18650000
fixedgate,5,0.01,0.19250000
fixedgate,6,0.001,0.11500000
fixedgate,6,0.002,0.12350000
fixedgate,6,0.003,0.14900000
fixedgate,6,0.004,0.17000000
fixedgate,6,0.005,0.16200000
fixedgate,6,0.006,0.17700000
fixedgate,6,0.007,0.17700000
fixedgate,6,0.008,0.18850000
fixedgate,6,0.009,0.19300000
fixedgate,6,0.01,0.18250000
fixedgate,7,0.001,0.11650000
fixedgate,7,0.002,0.12300000
fixedgate,7,0.003,0.14850000
fixedgate,7,0.004,0.16100000
fixedgate,7,0.005,0.15950000
fixedgate,7,0.006,0.17250000
fixedgate,7,0.007,0.18050000
fixedgate,7,0.008,0.17500000
fixedgate,7,0.009,0.18450000
fixedgate,7,0.01,0.19900000
fixedgate,8,0.001,0.10750000
fixedgate,8,0.002,0.12850000
fixedgate,8,0.003,0.15500000
fixedgate,8,0.004,0.14900000
fixedgate,8,0.005,0.17550000
fixedgate,8,0.006,0.17400000
fixedgate,8,0.007,0.18200000
fixedgate,8,0.008,0.18050000
fixedgate,8,0.009,0.19250000
fixedgate,8,0.01,0.19250000
fixedgate,9,0.001,0.12000000
fixedgate,9,0.002,0.13900000
fixedgate,9,0.003,0.14700000
fixedgate,9,0.004,0.15450000
fixedgate,9,0.005,0.16150000
fixedgate,9,0.006,0.16250000
fixedgate,9,0.007,0.18600000
fixedgate,9,0.008,0.17850000
fixedgate,9,0.009,0.17600000
fixedgate,9,0.01,0.18550000
fixedgate,10,0.001,0.11400000
fixedgate,10,0.002,0.14050000
fixedgate,10,0.003,0.15400000
fixedgate,10,0.004,0.15350000
fixedgate,10,0.005,0.16450000
fixedgate,10,0.006,0.16750000
fixedgate,10,0.007,0.17350000
fixedgate,10,0.008,0.17600000
fixedgate,10,0.009,0.19300000
fixedgate,10,0.01,0.18300000
fixedgate,11,0.001,0.11300000
fixedgate,11,0.002,0.13350000
fixedgate,11,0.003,0.15400000
fixedgate,11,0.004,0.15400000
fixedgate,11,0.005,0.16450000
fixedgate,11,0.006,0.16900000
fixedgate,11,0.007,0.16800000
fixedgate,11,0.008,0.18250000
fixedgate,11,0.009,0.18000000
fixedgate,11,0.01,0.18750000
fixedgate,12,0.001,0.11750000
fixedgate,12,0.002,0.12850000
fixedgate,12,0.003,0.14700000
fixedgate,12,0.004,0.15850000
fixedgate,12,0.005,0.16500000
fixedgate,12,0.006,0.16450000
fixedgate,12,0.007,0.16850000
fixedgate,12,0.008,0.17900000
fixedgate,12,0.009,0.17500000
fixedgate,12,0.01,0.18850000
fixedgate,13,0.001,0.12950000
fixedgate,13,0.002,0.13400000
fixedgate,13,0.003,0.15300000
fixedgate,13,0.004,0.16400000
fixedgate,13,0.005,0.16100000
fixedgate,13,0.006,0.17700000
fixedgate,13,0.007,0.17250000
fixedgate,13,0.008,0.18150000
fixedgate,13,0.009,0.19050000
fixedgate,13,0.01,0.18350000
fixedgate,14,0.001,0.11050000
fixedgate,14,0.002,0.13150000
fixedgate,14,0.003,0.15400000
fixedgate,14,0.004,0.15550000
fixedgate,14,0.005,0.16850000
fixedgate,14,0.006,0.16350000
fixedgate,14,0.007,0.18300000
fixedgate,14,0.008,0.18100000
fixedgate,14,0.009,0.18000000
fixedgate,14,0.01,0.17650000
fixedgate,15,0.001,0.11650000
fixedgate,15,0.002,0.13650000
fixedgate,15,0.003,0.15250000
fixedgate,15,0.004,0.15900000
fixedgate,15,0.005,0.16700000
fixedgate,15,0.006,0.16950000
fixedgate,15,0.007,0.18300000
fixedgate,15,0.008,0.19400000
fixedgate,15,0.009,0.17950000
fixedgate,15,0.01,0.18450000
fixedgate,16,0.001,0.11400000
fixedgate,16,0.002,0.12650000
fixedgate,16,0.003,0.14100000
fixedgate,16,0.004,0.16050000
fixedgate,16,0.005,0.15800000
fixedgate,16,0.006,0.16550000
fixedgate,16,0.007,0.17200000
fixedgate,16,0.008,0.17550000
fixedgate,16,0.009,0.18500000
fixedgate,16,0.01,0.18550000
fixedgate,17,0.001,0.11650000
fixedgate,17,0.002,0.14050000
fixedgate,17,0.003,0.15950000
fixedgate,17,0.004,0.15300000
fixedgate,17,0.005,0.16500000
fixedgate,17,0.006,0.17200000
fixedgate,17,0.007,0.17200000
fixedgate,17,0.008,0.17650000
fixedgate,17,0.009,0.18250000
fixedgate,17,0.01,0.19050000
fixedgate,18,0.001,0.10750000
fixedgate,18,0.002,0.12550000
fixedgate,18,0.003,0.14200000
fixedgate,18,0.004,0.15600000
fixedgate,18,0.005,0.15950000
fixedgate,18,0.006,0.16400000
fixedgate,18,0.007,0.16750000
fixedgate,18,0.008,0.17800000
fixedgate,18,0.009,0.19100000
fixedgate,18,0.01,0.19050000
fixedgate,19,0.001,0.11000000
fixedgate,19,0.002,0.13750000
fixedgate,19,0.003,0.14350000
fixedgate,19,0.004,0.15750000
fixedgate,19,0.005,0.16300000
fixedgate,19,0.006,0.17550000
fixedgate,19,0.007,0.17200000
fixedgate,19,0.008,0.17450000
fixedgate,19,0.009,0.18800000
fixedgate,19,0.01,0.19350000
fixedgate,20,0.001,0.10200000
fixedgate,20,0.002,0.13050000
fixedgate,20,0.003,0.14900000
fixedgate,20,0.004,0.15400000
fixedgate,20,0.005,0.16350000
fixedgate,20,0.006,0.16850000
fixedgate,20,0.007,0.17550000
fixedgate,20,0.008,0.17450000
fixedgate,20,0.009,0.17600000
fixedgate,20,0.01,0.18950000
