configuration,realization,sigma,NRMSE
masked,1,0.001,0.02638353
masked,1,0.002,0.04044973
masked,1,0.003,0.05461643
masked,1,0.004,0.07131825
masked,1,0.005,0.09353446
masked,1,0.006,0.11822849
masked,1,0.007,0.13674841
masked,1,0.008,0.16307684
masked,1,0.009,0.18475746
masked,1,0.01,0.19581043
masked,2,0.001,0.02622434
masked,2,0.002,0.03994255
masked,2,0.003,0.05386561
masked,2,0.004,0.08257543
masked,2,0.005,0.09056720
masked,2,0.006,0.11923273
masked,2,0.007,0.15262809
masked,2,0.008,0.15845246
masked,2,0.009,0.18593487
masked,2,0.01,0.21606875
masked,3,0.001,0.02671998
masked,3,0.002,0.03985843
masked,3,0.003,0.06090726
masked,3,0.004,0.07673963
masked,3,0.005,0.09183388
masked,3,0.006,0.10449652
masked,3,0.007,0.12588162
masked,3,0.008,0.16280327
masked,3,0.009,0.19073631
masked,3,0.01,0.20460944
masked,4,0.001,0.02632404
masked,4,0.002,0.04138854
masked,4,0.003,0.05406290
masked,4,0.004,0.07679648
masked,4,0.005,0.09314300
masked,4,0.006,0.11832520
masked,4,0.007,0.14321941
masked,4,0.008,0.15769933
masked,4,0.009,0.17403246
masked,4,0.01,0.19282064
masked,5,0.001,0.02659283
masked,5,0.002,0.03813500
masked,5,0.003,0.05671793
masked,5,0.004,0.07633752
masked,5,0.005,0.08414342
masked,5,0.006,0.11351633
masked,5,0.007,0.13977640
masked,5,0.008,0.15934768
masked,5,0.009,0.17836342
masked,5,0.01,0.20358222
masked,6,0.001,0.02602174
masked,6,0.002,0.03952843
masked,6,0.003,0.05639929
masked,6,0.004,0.06880405
masked,6,0.005,0.09390308
masked,6,0.006,0.11317614
masked,6,0.007,0.12962083
masked,6,0.008,0.16676433
masked,6,0.009,0.16915220
masked,6,0.01,0.19967126
masked,7,0.001,0.02668538
masked,7,0.002,0.03760289
masked,7,0.003,0.05337422
masked,7,0.004,0.07563958
masked,7,0.005,0.09090239
masked,7,0.006,0.11541628
masked,7,0.007,0.13766747
masked,7,0.008,0.15804475
masked,7,0.009,0.17192942
masked,7,0.01,0.21161338
masked,8,0.001,0.02621938
masked,8,0.002,0.04138413
masked,8,0.003,0.05790030
masked,8,0.004,0.07164397
masked,8,0.005,0.09590812
masked,8,0.006,0.12083678
masked,8,0.007,0.13671521
masked,8,0.008,0.16061245
masked,8,0.009,0.18118264
masked,8,0.01,0.20779100
masked,9,0.001,0.02600211
masked,9,0.002,0.04171642
masked,9,0.003,0.05728235
masked,9,0.004,0.07442996
masked,9,0.005,0.09080270
masked,9,0.006,0.10425706
masked,9,0.007,0.13853349
masked,9,0.008,0.16683656
masked,9,0.009,0.18538142
masked,9,0.01,0.20517074
masked,10,0.001,0.02740601
masked,10,0.002,0.04099902
masked,10,0.003,0.05255933
masked,10,0.004,0.07715846
masked,10,0.005,0.08302691
masked,10,0.006,0.11584862
masked,10,0.007,0.13353020
masked,10,0.008,0.16483170
masked,10,0.009,0.17985737
masked,10,0.01,0.19640484
masked,11,0.001,0.02543875
masked,11,0.002,0.03881932
masked,11,0.003,0.05313968
masked,11,0.004,0.07249544
masked,11,0.005,0.08530567
masked,11,0.006,0.11830131
masked,11,0.007,0.14465336
masked,11,0.008,0.16042834
masked,11,0.009,0.18819126
masked,11,0.01,0.21463881
masked,12,0.001,0.02627724
masked,12,0.002,0.04007608
masked,12,0.003,0.06255151
masked,12,0.004,0.07149947
masked,12,0.005,0.09236879
masked,12,0.006,0.11324787
masked,12,0.007,0.12561828
masked,12,0.008,0.15563145
masked,12,0.009,0.18624348
masked,12,0.01,0.19951568
masked,13,0.001,0.02728814
masked,13,0.002,0.04509401
masked,13,0.003,0.05403211
masked,13,0.004,0.07214440
masked,13,0.005,0.08804214
masked,13,0.006,0.11890029
masked,13,0.007,0.13497374
masked,13,0.008,0.15957472
masked,13,0.009,0.18236292
masked,13,0.01,0.19055139
masked,14,0.001,0.02670189
masked,14,0.002,0.03980151
masked,14,0.003,0.05151563
masked,14,0.004,0.07162525
masked,14,0.005,0.09208523
masked,14,0.006,0.11632358
masked,14,0.007,0.14644147
masked,14,0.008,0.15812700
masked,14,0.009,0.18267290
masked,14,0.01,0.20390250
masked,15,0.001,0.02630362
masked,15,0.002,0.04100937
masked,15,0.003,0.04722509
masked,15,0.004,0.07040054
masked,15,0.005,0.09345734
masked,15,0.006,0.11791987
masked,15,0.007,0.13984048
masked,15,0.008,0.16167613
masked,15,0.009,0.17556546
masked,15,0.01,0.20692165
masked,16,0.001,0.02699137
masked,16,0.002,0.04058805
masked,16,0.003,0.05682253
masked,16,0.004,0.07087384
masked,16,0.005,0.09604597
masked,16,0.006,0.11548548
masked,16,0.007,0.13279721
masked,16,0.008,0.15371239
masked,16,0.009,0.19384824
masked,16,0.01,0.20921562
masked,17,0.001,0.02414715
masked,17,0.002,0.04047162
masked,17,0.003,0.05799738
masked,17,0.004,0.06885214
masked,17,0.005,0.09332176
masked,17,0.006,0.11365999
masked,17,0.007,0.13396683
masked,17,0.008,0.15904385
masked,17,0.009,0.19078961
masked,17,0.01,0.18836422
masked,18,0.001,0.02501578
masked,18,0.002,0.03971438
masked,18,0.003,0.05145804
masked,18,0.004,0.06986088
masked,18,0.005,0.10187859
masked,18,0.006,0.11007330
masked,18,0.007,0.14482502
masked,18,0.008,0.15336677
masked,18,0.009,0.17661275
masked,18,0.01,0.19890798
masked,19,0.001,0.02495825
masked,19,0.002,0.04199225
masked,19,0.003,0.05750083
masked,19,0.004,0.07235715
masked,19,0.005,0.09061807
masked,19,0.006,0.11128030
masked,19,0.007,0.15504346
masked,19,0.008,0.16679798
masked,19,0.009,0.18937844
masked,19,0.01,0.19852008
masked,20,0.001,0.02776024
masked,20,0.002,0.04186306
masked,20,0.003,0.05319925
masked,20,0.004,0.06387603
masked,20,0.005,0.09549448
masked,20,0.006,0.13125010
masked,20,0.007,0.13413379
masked,20,0.008,0.17110545
masked,20,0.009,0.18724114
masked,20,0.01,0.20298736
fixedgate,1,0.001,0.45053067
fixedgate,1,0.002,0.45509860
fixedgate,1,0.003,0.46360768
fixedgate,1,0.004,0.47908929
fixedgate,1,0.005,0.49293273
fixedgate,1,0.006,0.49778173
fixedgate,1,0.007,0.50033204
fixedgate,1,0.008,0.50081309
fixedgate,1,0.009,0.53141191
fixedgate,1,0.01,0.54510708
fixedgate,2,0.001,0.45358699
fixedgate,2,0.002,0.45741881
fixedgate,2,0.003,0.46846996
fixedgate,2,0.004,0.46532739
fixedgate,2,0.005,0.48764294
fixedgate,2,0.006,0.49291712
fixedgate,2,0.007,0.50512449
fixedgate,2,0.008,0.52355082
fixedgate,2,0.009,0.54417204
fixedgate,2,0.01,0.55371484
fixedgate,3,0.001,0.45175263
fixedgate,3,0.002,0.45561348
fixedgate,3,0.003,0.46155289
fixedgate,3,0.004,0.47817285
fixedgate,3,0.005,0.48582958
fixedgate,3,0.006,0.49428085
fixedgate,3,0.007,0.50775138
fixedgate,3,0.008,0.51837412
fixedgate,3,0.009,0.52939593
fixedgate,3,0.01,0.56496141
fixedgate,4,0.001,0.45332239
fixedgate,4,0.002,0.45687194
fixedgate,4,0.003,0.46153916
fixedgate,4,0.004,0.47640802
fixedgate,4,0.005,0.48124584
fixedgate,4,0.006,0.48940118
fixedgate,4,0.007,0.50914660
fixedgate,4,0.008,0.51391425
fixedgate,4,0.009,0.53314505
fixedgate,4,0.01,0.55449889
fixedgate,5,0.001,0.45339749
fixedgate,5,0.002,0.45884078
fixedgate,5,0.003,0.47165279
fixedgate,5,0.004,0.47534625
fixedgate,5,0.005,0.48182872
fixedgate,5,0.006,0.48521536
fixedgate,5,0.007,0.51280945
fixedgate,5,0.008,0.53708785
fixedgate,5,0.009,0.55084962
fixedgate,5,0.01,0.55110168
fixedgate,6,0.001,0.45553463
fixedgate,6,0.002,0.45780978
fixedgate,6,0.003,0.46195936
fixedgate,6,0.004,0.47456144
fixedgate,6,0.005,0.47994125
fixedgate,6,0.006,0.49933500
fixedgate,6,0.007,0.50962367
fixedgate,6,0.008,0.52066018
fixedgate,6,0.009,0.52789427
fixedgate,6,0.01,0.55906805
fixedgate,7,0.001,0.44932732
fixedgate,7,0.002,0.45716113
fixedgate,7,0.003,0.45986574
fixedgate,7,0.004,0.47405650
fixedgate,7,0.005,0.49140762
fixedgate,7,0.006,0.48789514
fixedgate,7,0.007,0.50811748
fixedgate,7,0.008,0.52944097
fixedgate,7,0.009,0.53138659
fixedgate,7,0.01,0.53875548
fixedgate,8,0.001,0.45084966
fixedgate,8,0.002,0.45937063
fixedgate,8,0.003,0.46799638
fixedgate,8,0.004,0.46584298
fixedgate,8,0.005,0.48379726
fixedgate,8,0.006,0.49290758
fixedgate,8,0.007,0.51591918
fixedgate,8,0.008,0.53627360
fixedgate,8,0.009,0.55296996
fixedgate,8,0.01,0.54673088
fixedgate,9,0.001,0.45209160
fixedgate,9,0.002,0.45751353
fixedgate,9,0.003,0.46865183
fixedgate,9,0.004,0.46805238
fixedgate,9,0.005,0.48417336
fixedgate,9,0.006,0.50004489
fixedgate,9,0.007,0.50848392
fixedgate,9,0.008,0.52040228
fixedgate,9,0.009,0.53275725
fixedgate,9,0.01,0.56010717
fixedgate,10,0.001,0.45354731
fixedgate,10,0.002,0.45947501
fixedgate,10,0.003,0.46365872
fixedgate,10,0.004,0.47523759
fixedgate,10,0.005,0.48456226
fixedgate,10,0.006,0.48660243
fixedgate,10,0.007,0.50884683
fixedgate,10,0.008,0.52567592
fixedgate,10,0.009,0.53600237
fixedgate,10,0.01,0.53471890
fixedgate,11,0.001,0.45559708
fixedgate,11,0.002,0.45748245
fixedgate,11,0.003,0.46285405
fixedgate,11,0.004,0.47769961
fixedgate,11,0.005,0.48208452
fixedgate,11,0.006,0.50159873
fixedgate,11,0.007,0.50955513
fixedgate,11,0.008,0.52979811
fixedgate,11,0.009,0.52419008
fixedgate,11,0.01,0.54626717
fixedgate,12,0.001,0.45306667
fixedgate,12,0.002,0.45892988
fixedgate,12,0.003,0.46034901
fixedgate,12,0.004,0.47594193
fixedgate,12,0.005,0.48116708
fixedgate,12,0.006,0.49425246
fixedgate,12,0.007,0.51343207
fixedgate,12,0.008,0.50938377
fixedgate,12,0.009,0.54108711
fixedgate,12,0.01,0.55947290
fixedgate,13,0.001,0.45094954
fixedgate,13,0.002,0.46027512
fixedgate,13,0.003,0.46464096
fixedgate,13,0.004,0.47066604
fixedgate,13,0.005,0.48880528
fixedgate,13,0.006,0.49278153
fixedgate,13,0.007,0.49701961
fixedgate,13,0.008,0.52184390
fixedgate,13,0.009,0.54600495
fixedgate,13,0.01,0.56413240
fixedgate,14,0.001,0.45551712
fixedgate,14,0.002,0.45811638
fixedgate,14,0.003,0.46808013
fixedgate,14,0.004,0.47649039
fixedgate,14,0.005,0.49327647
fixedgate,14,0.006,0.49429403
fixedgate,14,0.007,0.50786282
fixedgate,14,0.008,0.51467371
fixedgate,14,0.009,0.53881259
fixedgate,14,0.01,0.56087411
fixedgate,15,0.001,0.44255338
fixedgate,15,0.002,0.45748687
fixedgate,15,0.003,0.46249537
fixedgate,15,0.004,0.46712425
fixedgate,15,0.005,0.48805910
fixedgate,15,0.006,0.49924731
fixedgate,15,0.007,0.49853321
fixedgate,15,0.008,0.50712090
fixedgate,15,0.009,0.53974167
fixedgate,15,0.01,0.53565171
fixedgate,16,0.001,0.45274751
fixedgate,16,0.002,0.45703942
fixedgate,16,0.003,0.46513819
fixedgate,16,0.004,0.47543162
fixedgate,16,0.005,0.48608528
fixedgate,16,0.006,0.50078060
fixedgate,16,0.007,0.51201887
fixedgate,16,0.008,0.52100945
fixedgate,16,0.009,0.53567064
fixedgate,16,0.01,0.55981635
fixedgate,17,0.001,0.45637269
fixedgate,17,0.002,0.45767224
fixedgate,17,0.003,0.46035192
fixedgate,17,0.004,0.46947911
fixedgate,17,0.005,0.48399240
fixedgate,17,0.006,0.50378562
fixedgate,17,0.007,0.50957418
fixedgate,17,0.008,0.51034203
fixedgate,17,0.009,0.54624618
fixedgate,17,0.01,0.56214973
fixedgate,18,0.001,0.45034930
fixedgate,18,0.002,0.45686556
fixedgate,18,0.003,0.46496027
fixedgate,18,0.004,0.47367495
fixedgate,18,0.005,0.49033892
fixedgate,18,0.006,0.49416065
fixedgate,18,0.007,0.50291512
fixedgate,18,0.008,0.52019747
fixedgate,18,0.009,0.52918830
fixedgate,18,0.01,0.55469859
fixedgate,19,0.001,0.45364582
fixedgate,19,0.002,0.45314479
fixedgate,19,0.003,0.46204255
fixedgate,19,0.004,0.46979260
fixedgate,19,0.005,0.48380280
fixedgate,19,0.006,0.48766355
fixedgate,19,0.007,0.50539112
fixedgate,19,0.008,0.52809533
fixedgate,19,0.009,0.54810493
fixedgate,19,0.01,0.53943599
fixedgate,20,0.001,0.45330127
fixedgate,20,0.002,0.45703312
fixedgate,20,0.003,0.47290938
fixedgate,20,0.004,0.47332371
fixedgate,20,0.005,0.47726529
fixedgate,20,0.006,0.49355273
fixedgate,20,0.007,0.50602131
fixedgate,20,0.008,0.50444396
fixedgate,20,0.009,0.53940569
fixedgate,20,0.01,0.57250475
