device,mask,cycle,A_fit_V,B_V,V0_fit_V,tau_fit_s,fit_RMSE_mV,fit_R2,fit_window_start_s,fit_window_end_s
Device 4,0000,1,-0.17504890913256865,0.26686672988037763,0.09181782074780898,0.4866869869817855,5.752038622947398,0.987679524809737,0.3000000000000007,6.18
Device 4,0000,2,-0.17581127292823331,0.2682701209133884,0.09245884798515511,0.49110191783108215,5.748806112337801,0.9878983287343053,0.3000000000000007,6.18
Device 4,0000,3,-0.17788429088735694,0.2668921824210393,0.08900789153368235,0.48601747596996825,6.14678300200168,0.985943878860928,0.3000000000000007,6.18
Device 4,0000,4,-0.1800508822328379,0.2674292126011866,0.08737833036834872,0.49596512394650877,6.202326185169311,0.9859529902453366,0.3000000000000007,6.18
Device 4,0000,5,-0.1786733300241569,0.2675889093500545,0.08891557932589764,0.4932349497712029,6.246850279937021,0.985714310888883,0.3000000000000007,6.18
Device 4,1111,1,0.2936455658637405,-0.22540011355004935,0.06824545231369117,0.4007427416383519,3.5316014087346446,0.9924519158725572,0.3000000000000007,6.18
Device 4,1111,2,0.2928061343040455,-0.2170987988605505,0.075707335443495,0.41310426232776654,4.0119879268031085,0.9897626024750357,0.3000000000000007,6.18
Device 4,1111,3,0.2955598950773722,-0.2178328023424182,0.07772709273495398,0.4218366824307204,3.6266642283011046,0.991802224391026,0.3000000000000007,6.18
Device 4,1111,4,0.2980367083202211,-0.22555966448547743,0.07247704383474368,0.4394493925376595,3.7746506590797377,0.9919631452266119,0.3000000000000007,6.18
Device 4,1111,5,0.2942483358644233,-0.21198036309124527,0.08226797277317802,0.41588485560927724,3.7141099466098173,0.9908334519977556,0.3000000000000007,6.18
