device,Device,mask,n,current_mA,plateau_mean_V,plateau_SD_mV,plateau_CV_pct,delta_mean_V,delta_SD_mV,baseline_SD_mV,max_abs_plateau_slope_mV_s,on_tau_mean_s,on_tau_SD_s,on_tau_CV_pct,on_target_mean_V,on_target_SD_mV,on_median_RMSE_mV,on_max_RMSE_mV,on_median_relres_pct,on_median_lag1,on_median_iid_tau_SE_s,on_median_window_tau_range_pct,on_max_window_tau_range_pct,off_tau_mean_s,off_tau_SD_s,off_tau_CV_pct,off_target_mean_V,off_target_SD_mV,off_median_RMSE_mV,off_max_RMSE_mV,off_median_relres_pct,off_median_lag1,off_median_iid_tau_SE_s,off_median_window_tau_range_pct,off_max_window_tau_range_pct
C2D1,1,0000,5,60.0,-0.4805511532392,2.934645576475453,0.6106832866166693,-0.5746623975381999,2.989677258141509,1.0107144154349497,1.874745338461568,1.364526375959184,0.08092088126730618,5.930327379008957,-0.5102185096230101,5.368074683224329,18.71392207469117,19.16463199581641,3.274825530199811,0.9957189454118869,0.03256821906045896,33.7576551648476,35.537136933909075,4.9804720947690955,0.03168569665862328,0.6361986585950803,0.06891592807856044,0.80900607176819,1.0200270574385575,1.093859924754374,0.21600144352361428,0.9332198544360698,0.008731742894479642,4.123600522382211,4.380051621848109
C2D1,1,1111,5,60.0,0.4633839044728,3.096844399081056,0.6683107395809077,0.3722862935288,11.023492158323508,11.336030066469874,2.1430213903846824,1.7004755001938971,0.05411938122754259,3.182602820291831,0.5147150411425334,3.1670912436067087,20.700334682803852,21.182533229146454,3.238492305898066,0.9960070296192447,0.042205971201881215,40.61654186725668,42.46667640750143,4.636929405400972,0.026226220179525358,0.5655945537790106,0.04494429853084198,7.435629656156532,1.0992777471619282,1.1156478835698174,0.29505589111105257,0.9339007585589484,0.01058474385535867,5.913651433634361,6.2893023325695685
C2D4,2,0000,5,60.0,-0.391991301196,3.8924339982279093,0.9929898919572323,-0.38469114940300003,6.032684336575748,2.3454603895574557,1.7792430923077396,0.32318133980775016,0.014781307489663179,4.5736884123495765,-0.3927917964011583,3.2782231965634363,3.8217330829353746,5.859431940177507,0.9815721636095956,0.783223639903765,0.0030925855599194473,47.62841269198636,54.233535040094836,4.327137373666034,0.024386289454349695,0.5635663337789797,-0.021708144803417838,4.22295495426073,1.5358705605956608,2.982328497953189,0.47495209536541194,0.960190177709014,0.015287513532172406,9.067916672694912,18.503717689698227
C2D4,2,1111,5,60.0,0.3128403099872,60.73586487370057,19.414334705200105,0.31979699299319997,61.442135360686684,2.83318521390135,42.270262369230835,0.4567499279278298,0.18480510633088418,40.46089447004464,0.3464295630781481,62.21433188889558,21.226427500044192,31.505561151648077,5.291718787848474,0.997127109491416,0.023212980751087832,63.501063078551155,54098.75895302967,2.5239166631805716,0.5127823126436178,20.316927263256918,0.0970800339297708,6.076706395155022,1.2019743699242902,3.0098229632882676,0.8361137762201544,0.6462548858976529,0.010741711629779434,12.071082985167598,12.491902986322415
C4D1,3,0000,5,40.0,-0.4196906849368,3.7284871126255266,0.8883892939360778,-0.5237102194777999,4.638422258554432,1.4092380399462245,5.009625221153805,0.6734888365623704,0.018380772503243367,2.729187405252732,-0.42711347315054987,3.3045323058904406,16.24537968242764,17.478586310275603,3.1434415409927596,0.9851532706390009,0.01494759991331372,49.582962697965236,50.27119529468141,4.851299561402335,0.0724002360297229,1.4923884850515108,0.0788585169937122,1.2832673310648701,0.814180154134136,0.8303842129855356,0.18797924479159822,0.8821572103993608,0.007335167561624896,3.4834918015146523,4.134340938824066
C4D1,3,1111,5,40.0,0.42191577229919996,5.92249510246061,1.4037150282831083,0.3219325872782,20.42202665787392,15.173637057279937,2.56523108076906,0.7342701837028833,0.012086962789831077,1.6461192430390135,0.4318174425972505,6.326229948697936,20.022960601612837,20.7744170574076,3.4378625096939133,0.9875686943884386,0.017540962066965,47.16927344350374,48.48797578943939,4.482060068130663,0.038504676660992596,0.8590843512958937,0.03875483432912986,9.55962107457533,1.281693584895039,1.6013649148985503,0.3777910974346634,0.9569636462562674,0.012872724499810523,7.518614876645813,10.526429149865596
C4D3,4,0000,5,35.0,-0.17516558399360002,2.258215421439471,1.2891889890436348,-0.25331045914360006,3.7626190387456777,1.6327624294827627,1.6560471961538668,0.5067853618253699,0.0036808254982493684,0.7263085668046034,-0.17770990255421557,2.0391873102186366,6.596222740919713,6.688232155481731,2.5664467415084884,0.9732264546813344,0.010258944782626955,60.41837965239952,61.93924866837407,3.9637391917556215,0.042792939323405575,1.0796103692294574,0.06425527953864064,1.63074631592467,1.8867184459238198,1.9501392964318962,0.9051342957680732,0.983335117964421,0.02663363879933494,17.714888813328564,19.013588992759907
C4D3,4,1111,5,35.0,0.29280282308079997,1.9685245675946472,0.6723038210090706,0.21557686137680002,3.7834396749557606,2.4300965410356548,1.728663226922987,0.43210916266580757,0.013112261920159659,3.034479028231266,0.29501030652479354,2.0385768502039987,4.163709220552919,4.365641391180691,1.9264627585696212,0.9618403179992691,0.007023995524043257,59.72296345940789,62.79973844267123,3.9544714067056725,0.05138146696817612,1.2993257931021474,0.09361380152906298,1.3424636007063082,1.6283592218565717,1.705528987229465,0.9224789136634188,0.9689463878741134,0.02698242460888184,18.04322681060624,19.179295760203743
C4D4,5,0000,5,35.0,-0.282843191744,2.077464550605024,0.7344933911244104,-0.361989312166,2.0152239907189813,1.5968220118517198,0.7966545019230484,0.6850536375283502,0.017135678839200013,2.501363090490979,-0.287775401157176,2.348438967141729,9.969436954327227,10.104953571392134,2.742917389744944,0.9852248764684519,0.013301847631844872,44.988803284212494,45.902650773361955,4.490154168975585,0.054776764735028315,1.2199306009024065,0.06713805802002895,1.5008156450652752,0.8532473996941542,0.9457714792125683,0.2804492263479263,0.948174701530643,0.009516790507241435,4.86835435800754,6.11024483829529
C4D4,5,1111,5,35.0,0.19656938127200002,3.352048578845486,1.7052750317238563,0.11880453035999998,4.443201578374622,1.493920241445689,1.3111721442307396,0.2889237802646157,0.009618640842576286,3.3291274376124016,0.19658366785480613,3.4412430771719054,0.8809055548743361,0.9081309828508212,0.6500073591773536,0.7582171518777219,0.0019001784887782067,45.12894211534527,46.281737480136,3.076038023176577,0.053476448741521854,1.7384846461129744,0.08047376593560551,1.1808789612026365,1.0186456214333763,1.2183188284139692,0.9763519266607253,0.9595069278338811,0.01974803477290845,15.596164305782667,18.629699746733433
