device,display,cycle,mask,current_mA,baseline_V,plateau_V,delta_V,plateau_slope_mV_s,plateau_SD_mV
C2D1,1,1,0000,60.0,0.09478605392,-0.4826847076279999,-0.5774707615479999,-0.6968712461537598,0.3986594668587426
C2D1,1,1,1111,60.0,0.111317764535,0.464672743788,0.35335497925299997,2.1430213903846824,0.6970370274811276
C2D1,1,2,0000,60.0,0.09516606219000001,-0.480536836988,-0.575702899178,-1.874745338461568,0.6632453835778925
C2D1,1,2,1111,60.0,0.087521199935,0.46276389363599996,0.37524269370099994,1.8193718750000156,0.6930946756824793
C2D1,1,3,0000,60.0,0.092530326195,-0.4827569003239999,-0.5752872265189999,1.0474828692309186,0.5651342489882157
C2D1,1,3,1111,60.0,0.085504502755,0.462617735536,0.377113232781,1.927399530769164,0.7065253547001581
C2D1,1,4,0000,60.0,0.09397441394000002,-0.475588816832,-0.569563230772,0.544595563461555,0.26870844509448133
C2D1,1,4,1111,60.0,0.08570620466,0.46765895070800007,0.38195274604800006,0.12960223269238624,0.45934263688879023
C2D1,1,5,0000,60.0,0.09409936525,-0.48118850442399996,-0.5752878696739999,1.4269481096154386,1.0133528930241822
C2D1,1,5,1111,60.0,0.085438382835,0.45920619869599993,0.37376781586099994,-1.1918972769230365,0.6277214332415099
C2D4,2,1,0000,60.0,-0.006095224505,-0.396845770376,-0.390750545871,0.3354481942308177,0.3627761682625897
C2D4,2,1,1111,60.0,-0.002869486585,0.24092918022400003,0.24379866680900003,-3.002601786538445,1.0288750221750147
C2D4,2,2,0000,60.0,-0.004304230649999999,-0.394404947672,-0.390100717022,1.7792430923077396,0.7439095343218014
C2D4,2,2,1111,60.0,-0.007765897955000001,0.385949808544,0.393715706499,-29.945493828846228,8.883380128104063
C2D4,2,3,0000,60.0,-0.00682459639,-0.39256785538800004,-0.38574325899800005,-1.6591357980768682,0.6699438331911722
C2D4,2,3,1111,60.0,-0.006015413645,0.36363515742800007,0.3696505710730001,-42.270262369230835,12.481325322080522
C2D4,2,4,0000,60.0,-0.010094870490000001,-0.38830430872800004,-0.378209438238,-1.1730386019232504,0.5406039734296422
C2D4,2,4,1111,60.0,-0.00749139198,0.299241443016,0.30673283499599996,-23.88949087884629,7.077680361605222
C2D4,2,5,0000,60.0,-0.00918183693,-0.387833623816,-0.378651786886,-0.5922807038461101,0.4038163195458652
C2D4,2,5,1111,60.0,-0.010641224865000002,0.274445960724,0.28508718558900004,-21.651356571153876,6.427314437833507
C4D1,3,1,0000,40.0,0.102418111765,-0.41868438910799993,-0.5211025008729999,1.417358376923215,0.48974718442097265
C4D1,3,1,1111,40.0,0.12695903492,0.412551827328,0.285592792408,0.5995947730769368,0.7470736076583389
C4D1,3,2,0000,40.0,0.10308140484999999,-0.416881346448,-0.519962751298,-0.277989032692263,0.41092786218943805
C4D1,3,2,1111,40.0,0.091894616655,0.42302235758799994,0.33112774093299996,0.34585837499995997,0.5481171073018417
C4D1,3,3,0000,40.0,0.10497359420499999,-0.41626998070400006,-0.5212435749090001,-5.009625221153805,1.596351149114511
C4D1,3,3,1111,40.0,0.091260397135,0.422277458364,0.331017061229,0.552233294230707,0.5752998546164051
C4D1,3,4,0000,40.0,0.10589210538,-0.4254086084,-0.53130071378,-0.643328900000056,0.37895184999672793
C4D1,3,4,1111,40.0,0.094688645775,0.422693897072,0.328005251297,1.3119104326922724,0.8411665516664084
C4D1,3,5,0000,40.0,0.10373245650499999,-0.421209100024,-0.524941556529,-1.3984015076922178,0.6768420220916831
C4D1,3,5,1111,40.0,0.09511323062,0.429033321144,0.333920090524,2.56523108076906,0.8122492936543438
C4D3,4,1,0000,35.0,0.07703596162000001,-0.17295239087599995,-0.24998835249599996,0.5436781826924051,0.41533889748591146
C4D3,4,1,1111,35.0,0.0807770509,0.291698227112,0.21092117621200002,0.31907819230767737,0.30527607534501305
C4D3,4,2,0000,35.0,0.07650317704000001,-0.17288583613600003,-0.24938901317600004,-1.3696651942307414,0.5513620082116284
C4D3,4,2,1111,35.0,0.075687027275,0.29136712668,0.215680099405,-0.6017293153845084,0.296605470342942
C4D3,4,3,0000,35.0,0.07793071432500001,-0.175121733876,-0.25305244820100004,1.6560471961538668,0.6289354793535745
C4D3,4,3,1111,35.0,0.07528273756500001,0.293045017964,0.217762280399,-1.728663226922987,1.0140150915653503
C4D3,4,4,0000,35.0,0.08069917275,-0.17736500872800004,-0.25806418147800003,-1.6253662480769342,0.7504921386428324
C4D3,4,4,1111,35.0,0.07563194078499999,0.29613358160000003,0.22050164081500004,0.17296703846148165,0.27034075250602296
C4D3,4,5,0000,35.0,0.078555350015,-0.177502950352,-0.256058300367,-0.5229557634615326,0.6596160621777588
C4D3,4,5,1111,35.0,0.078751051995,0.291770162048,0.213019110053,-0.49172001538462595,0.5245505059246914
C4D4,5,1,0000,35.0,0.07724152928000001,-0.28567373731999995,-0.36291526659999995,0.4602779423076825,0.33257084608108595
C4D4,5,1,1111,35.0,0.07978021903500002,0.1913847713,0.11160455226499999,1.3111721442307396,0.4133775377372474
C4D4,5,2,0000,35.0,0.07914491236500001,-0.284250571984,-0.36339548434900004,0.37460014807693565,0.3782909756331419
C4D4,5,2,1111,35.0,0.07612429642,0.19568497366800003,0.11956067724800003,0.21568151923078924,0.28614365313017637
C4D4,5,3,0000,35.0,0.081407968405,-0.282337813092,-0.363745781497,-0.7966545019230484,0.32236750923323787
C4D4,5,3,1111,35.0,0.076993076335,0.198647441524,0.121654365189,0.08623544230760082,0.3675451009922423
C4D4,5,4,0000,35.0,0.07813366460500001,-0.28081980882,-0.35895347342500006,0.02303015576928697,0.5784387321853597
C4D4,5,4,1111,35.0,0.078829252295,0.19698366469999995,0.11815441240499995,0.07616841346154962,0.30394303699563335
C4D4,5,5,0000,35.0,0.07980252745500001,-0.281134027504,-0.360936554959,0.5377936788462504,0.44588726392359995
C4D4,5,5,1111,35.0,0.077097410475,0.200146055168,0.12304864469299999,-0.6762856269230517,0.3531550618425218
