device,cycle,mask,raw_path,sha256,hash_matches_metadata,raw_shape,finite,cache_key,cache_exact,cache_max_abs_difference_V,sample_interval_ms,sampling_rate_Hz,settle_samples,mask_start_sample,active_samples,points_saved,laser_current_mA,laser_on_s,laser_switch_max_lag_ms,ao_write_max_lag_ms,logged_device,laser_enabled,laser_used,gate_active_mean_V,gate_active_sd_mV,gate_active_range_mV,gate_around_off_range_mV,gate_off_prepost_step_mV,gate_on_prepost_step_V,baseline_first5_to_last5_mV,baseline_last5s_range_mV,baseline_last5s_sd_mV,baseline_late_5s_change_mV,response_at_start_V,response_pre_on_V,response_pre_off_V,response_post_off_1s_V,raw_col1_unique,raw_col3_unique
C2D1,1,0000,02_五器件_全部16种mask_400条/2026-09-20-18-41-r1-C2D1-16t/400/0000/1111/1111.csv,3c582d2766e183165669232b3439c22657a64cc0d3ead54afa30b356ac5c51e0,True,"(1210, 4)",True,C2D1_1_0000,True,0.0,40.0,25.0,750,750,160,1210,60.0,"30.000,36.400",6.0,15.0,C2D1,1,1,1.95210978125,0.8752206993679931,4.895000000000094,2.4399999999999977,0.15860000000000873,0.00012999999999974143,-8.994917473599997,2.162386800000013,0.4672910272684541,-0.6215110400000085,0.1056254111,0.094795500768,-0.48293981438399997,-0.425060643104,201.0,301.0
C2D1,1,1111,02_五器件_全部16种mask_400条/2026-09-20-18-41-r1-C2D1-16t/400/1111/1111/1111.csv,0fac249576ee39db3c620390eee024a36fe32fb557e7d60e0b66acc6922930c4,True,"(1210, 4)",True,C2D1_1_1111,True,0.0,40.0,25.0,750,750,160,1210,60.0,"30.000,36.400",7.0,0.0,C2D1,1,1,-2.0317335421875002,183.40240366733084,2321.42325,3.322499999999895,0.6682000000002297,-3.9982411000000004,-78.83282890800001,4.094442200000007,0.9199267173846053,-2.1530129920000194,0.196591519,0.11125811968799999,0.464996855956,0.416831941812,201.0,301.0
C2D1,2,0000,02_五器件_全部16种mask_400条/2026-09-20-18-59-r2-C2D1-16t/400/0000/1111/1111.csv,3b8c1f8c65b6737c2b403d34b994ba624c28d835cd6f7fb769c518e6dfebf2a7,True,"(1210, 4)",True,C2D1_2_0000,True,0.0,40.0,25.0,750,750,160,1210,60.0,"30.000,36.400",6.0,0.0,C2D1,1,1,1.9520193124999998,0.8827280002833641,4.924999999999846,2.662500000000012,-0.13869999999971405,9.850000000044545e-05,-11.020425935199988,2.358088800000005,0.4724649430869254,-0.5993475639999996,0.1086181227,0.09515787975199999,-0.4806358644,-0.4227847560280001,201.0,301.0
C2D1,2,1111,02_五器件_全部16种mask_400条/2026-09-20-18-59-r2-C2D1-16t/400/1111/1111/1111.csv,e59dc8f25a12538fb452d27a56059bf56dfc366a8cbe49bce0ca4e4f4f9079f7,True,"(1210, 4)",True,C2D1_2_1111,True,0.0,40.0,25.0,750,750,160,1210,60.0,"30.000,36.400",6.0,0.0,C2D1,1,1,-2.0467231093750002,0.8641597941998712,4.227500000000273,3.7074999999999747,0.284000000000173,-3.9975764,0.1442428552000108,2.744660400000001,0.4310086865762955,0.6021501400000073,0.0868670076,0.08748278436000001,0.462899775256,0.4135672142400001,201.0,301.0
C2D1,3,0000,02_五器件_全部16种mask_400条/2026-09-20-19-17-r3-C2D1-16t/400/0000/1111/1111.csv,ce7562419f1225fa2a061eae3bd72d583dafedd3b135cd8e84e1e9670b212757,True,"(1210, 4)",True,C2D1_3_0000,True,0.0,40.0,25.0,750,750,160,1210,60.0,"30.000,36.400",6.0,0.0,C2D1,1,1,1.95216984375,0.774893261441445,4.2600000000001526,2.6249999999998774,-0.08910000000028617,-0.001005100000000203,-8.23206900960001,3.320491699999997,0.7307965714268723,-1.5035392880000387,0.1032455772,0.09270095742799998,-0.48273538103600006,-0.42199588843200003,201.0,301.0
C2D1,3,1111,02_五器件_全部16种mask_400条/2026-09-20-19-17-r3-C2D1-16t/400/1111/1111/1111.csv,bb619007e84906bedc3c12cbfae241fc371886a96778328ca49e0a207d69fe75,True,"(1210, 4)",True,C2D1_3_1111,True,0.0,40.0,25.0,750,750,160,1210,60.0,"30.000,36.400",7.0,16.0,C2D1,1,1,-2.02166275,316.2203395326355,4001.1100000000006,3.6575000000000912,-0.740299999999916,-3.9995328999999997,0.7136116984000213,2.2896329999999994,0.4488200727445314,-0.5488998440000142,0.0836689306,0.08541581672,0.46308182056,0.415706331164,201.0,301.0
C2D1,4,0000,02_五器件_全部16种mask_400条/2026-09-20-19-35-r4-C2D1-16t/400/0000/1111/1111.csv,42db08fc0f3fe9da19c5fb23cd8ddd6747dff229d10b571a6a7f7abf7cd4475d,True,"(1210, 4)",True,C2D1_4_0000,True,0.0,40.0,25.0,750,750,160,1210,60.0,"30.000,36.400",7.0,0.0,C2D1,1,1,1.9521010625000002,0.8309127998621963,4.037500000000138,2.534999999999954,0.16830000000012113,0.00016050000000045195,-3.7041838688000177,2.541710400000008,0.4803266821808848,-0.47545124800002503,0.0969323738,0.09401001882799999,-0.47537819836800005,-0.41855258199599993,201.0,301.0
C2D1,4,1111,02_五器件_全部16种mask_400条/2026-09-20-19-35-r4-C2D1-16t/400/1111/1111/1111.csv,8fb3bac20cab3b15c63c614e2443b30e6c30307a02d6f5687063248db04906e8,True,"(1210, 4)",True,C2D1_4_1111,True,0.0,40.0,25.0,750,750,160,1210,60.0,"30.000,36.400",6.0,0.0,C2D1,1,1,-2.0469252031250003,0.8030562186059972,3.982500000000222,4.4599999999999085,0.514400000000137,-3.9998958,-0.31774883840003654,50.9871762,4.5151421098456685,-1.9587257360000054,0.0855752132,0.083731428136,0.46768913588800004,0.41748135826800004,201.0,301.0
C2D1,5,0000,02_五器件_全部16种mask_400条/2026-09-20-19-53-r5-C2D1-16t/400/0000/1111/1111.csv,2e03d4c027277a45472a8a52291bc960d8c0b040666cb1db4a3d0379e55c087e,True,"(1210, 4)",True,C2D1_5_0000,True,0.0,40.0,25.0,750,750,160,1210,60.0,"30.000,36.400",6.0,0.0,C2D1,1,1,1.9523974375000002,0.7232432603759664,4.657500000000203,4.4000000000001815,-0.9122000000003627,-0.00042970000000019937,-7.231305151200004,2.448288900000012,0.4513631944059695,-0.7713076519999945,0.1029967215,0.093935764792,-0.48084558091999996,-0.41916514020400003,201.0,301.0
C2D1,5,1111,02_五器件_全部16种mask_400条/2026-09-20-19-53-r5-C2D1-16t/400/1111/1111/1111.csv,9039a47ee960a5a669bcd2177163e5ce1ef4414c246016bf717f9a6bb361cf44,True,"(1210, 4)",True,C2D1_5_1111,True,0.0,40.0,25.0,750,750,160,1210,60.0,"30.000,36.400",6.0,0.0,C2D1,1,1,-2.04638778125,0.9227178198766472,4.445000000000032,3.0874999999999098,-0.3880999999998913,-3.9988234,0.3041676488000078,2.494194000000005,0.42135185432908717,-0.1544032479999652,0.084864082,0.08544938402400001,0.458942199256,0.408556132568,201.0,301.0
C2D4,1,0000,02_五器件_全部16种mask_400条/2026-09-20-22-53-r1-C2D4-16t/400/0000/1111/1111.csv,17df851e3632ce9488c27da970d8f48120c9da3d85a93b56e9d77d816a216de6,True,"(1210, 4)",True,C2D4_1_0000,True,0.0,40.0,25.0,750,750,160,1210,60.0,"30.000,36.400",7.0,0.0,C2D3,1,1,1.95296546875,0.9318573454262332,3.90249999999992,2.3799999999998267,-0.24740000000011975,0.00040169999999961625,2.185353134400001,2.3379522999999995,0.4392591411330085,-0.08965238000000017,-0.0093402104,-0.006056897552,-0.396778796584,-0.348665039436,201.0,301.0
C2D4,1,1111,02_五器件_全部16种mask_400条/2026-09-20-22-53-r1-C2D4-16t/400/1111/1111/1111.csv,d46f254b942e832f3a618d9d07e8dfc6dd6975e1a1c7eb2a05596e2f73375355,True,"(1210, 4)",True,C2D4_1_1111,True,0.0,40.0,25.0,750,750,160,1210,60.0,"30.000,36.400",6.0,0.0,C2D3,1,1,-2.0459444218750003,0.8691312722404853,4.184999999999661,4.2999999999997485,-1.0270000000001112,-3.9988949,-31.2195712736,2.9057291999999997,0.40679046457174495,-0.2166411039999992,0.0494049799,-0.0031176654959999993,0.24045836631199996,0.195770894492,201.0,301.0
C2D4,2,0000,02_五器件_全部16种mask_400条/2026-09-20-23-06-r2-C2D4-16t/400/0000/1111/1111.csv,38386c136fd431b634e74c991af9c7f7191ea323f229da6308d54c1a61d0fd2f,True,"(1210, 4)",True,C2D4_2_0000,True,0.0,40.0,25.0,750,750,160,1210,60.0,"30.000,36.400",6.0,16.0,C2D3,1,1,1.9532339687499998,0.9052261951722871,4.115000000000091,3.2849999999999824,0.05389999999994011,-0.00048459999999983516,3.7090698527999995,2.4869434000000004,0.46751333187109023,-0.5566629800000003,-0.0105329445,-0.004215013172,-0.39400938671999997,-0.342983742648,201.0,301.0
C2D4,2,1111,02_五器件_全部16种mask_400条/2026-09-20-23-06-r2-C2D4-16t/400/1111/1111/1111.csv,b1c0a772e433a2a00c80083746d64886ca51f524bec8b2bf6b98981af90907a8,True,"(1210, 4)",True,C2D4_2_1111,True,0.0,40.0,25.0,750,750,160,1210,60.0,"30.000,36.400",6.0,0.0,C2D3,1,1,-2.020385375,316.16323591952766,4001.2175,4.889999999999617,0.8330000000000837,-3.9980732999999997,20.009635495199998,2.7333826000000006,0.5833625102284735,1.1102655600000004,-0.0381824687,-0.00780333096,0.37985020151599996,0.32489153863200004,201.0,301.0
C2D4,3,0000,02_五器件_全部16种mask_400条/2026-09-20-23-19-r3-C2D4-16t/400/0000/1111/1111.csv,6886fa1fc0cea71fa7f5ec15813c16555a6e008ef04714189e8071a51b36b4f9,True,"(1210, 4)",True,C2D4_3_0000,True,0.0,40.0,25.0,750,750,160,1210,60.0,"30.000,36.400",6.0,0.0,C2D3,1,1,1.9531588125,0.9841491772020173,4.617499999999941,4.744999999999999,-0.4553000000002694,0.001093100000000291,4.1913499296,1.7315181000000002,0.3170810201604221,0.23574420799999957,-0.0127839181,-0.0068143844600000005,-0.392911454448,-0.3455020700639999,201.0,301.0
C2D4,3,1111,02_五器件_全部16种mask_400条/2026-09-20-23-19-r3-C2D4-16t/400/1111/1111/1111.csv,dfcc8650d9464f6c712d22f86bfbc75adc823af59b01b77096dcb52251f49f9f,True,"(1210, 4)",True,C2D4_3_1111,True,0.0,40.0,25.0,750,750,160,1210,60.0,"30.000,36.400",6.0,0.0,C2D3,1,1,-2.039798984375,79.06542236665186,1002.1100000000002,3.4999999999998366,-0.07140000000083191,-3.9989029,18.285849106399997,2.3403683,0.4585134765430875,-0.11355537200000068,-0.0338117953,-0.0060247155200000005,0.355110927692,0.291463777532,201.0,301.0
C2D4,4,0000,02_五器件_全部16种mask_400条/2026-09-20-23-32-r4-C2D4-16t/400/0000/1111/1111.csv,0bd30781aeb84c55a6e6b01178717d5827ec11f031a2d191f6a92778d5ff615a,True,"(1210, 4)",True,C2D4_4_0000,True,0.0,40.0,25.0,750,750,160,1210,60.0,"30.000,36.400",7.0,0.0,C2D3,1,1,1.952995328125,0.9283108824564353,4.942500000000072,3.3250000000000224,0.011500000000053134,0.00011960000000033055,3.8523846232000007,2.9113665,0.4919997679758689,0.32124089999999855,-0.0162082972,-0.010109230012000002,-0.388451496428,-0.33939750802,201.0,301.0
C2D4,4,1111,02_五器件_全部16种mask_400条/2026-09-20-23-32-r4-C2D4-16t/400/1111/1111/1111.csv,7574e0a707c7bc72c751fd27552e4a7b59735c435eacd501393fe10e269a5a16,True,"(1210, 4)",True,C2D4_4_1111,True,0.0,40.0,25.0,750,750,160,1210,60.0,"30.000,36.400",6.0,15.0,C2D3,1,1,-2.046161421875,0.9042675126444331,4.007500000000164,2.4399999999999977,-0.2120999999997153,-3.9990958,19.771964967999995,4.395639999999999,0.5336391664712629,0.16941495600000106,-0.0367779258,-0.007659751915999999,0.294531652776,0.24637915786800002,201.0,301.0
C2D4,5,0000,02_五器件_全部16种mask_400条/2026-09-20-23-45-r5-C2D4-16t/400/0000/1111/1111.csv,e43e644d8b904a0f834a230ffd02933405003d2a5f38a5f608db0b1f30e85b24,True,"(1210, 4)",True,C2D4_5_0000,True,0.0,40.0,25.0,750,750,160,1210,60.0,"30.000,36.400",6.0,0.0,C2D3,1,1,1.953302109375,0.857298555599842,4.217499999999985,2.9174999999999063,-0.2141999999993871,4.960000000009401e-05,4.924727520799995,2.6609005000000003,0.5140756876722251,0.19631388799999822,-0.0164160794,-0.009138548976000001,-0.38791177600400006,-0.338916225608,201.0,301.0
C2D4,5,1111,02_五器件_全部16种mask_400条/2026-09-20-23-45-r5-C2D4-16t/400/1111/1111/1111.csv,f72f591c6a041114908125f8449ff1a441b5a8a5f777b56431799f0311626d4e,True,"(1210, 4)",True,C2D4_5_1111,True,0.0,40.0,25.0,750,750,160,1210,60.0,"30.000,36.400",7.0,0.0,C2D3,1,1,-2.0246072390625,266.1439123145687,3368.4667499999996,4.704999999999959,-1.4390999999998044,-3.9983564,19.857210094399996,2.8614344,0.3766456882547844,0.042426216000000794,-0.040442301,-0.010879892495999998,0.27036632122000004,0.22515703465599998,201.0,301.0
C4D1,1,0000,02_五器件_全部16种mask_400条/2026-09-21-01-58-r1-C4D1-16t/400/0000/1111/1111.csv,3633f8e6623723c44d9bc419488eee6ed1f808decad7a40eec5d7a5387d18324,True,"(1210, 4)",True,C4D1_1_0000,True,0.0,40.0,25.0,750,750,160,1210,40.0,"30.000,36.400",6.0,0.0,C4D1,1,1,1.95291415625,0.9629226135620259,5.340000000000122,3.1524999999998915,0.16519999999986545,-7.099999999993223e-05,-14.598828215200005,2.1197030000000003,0.39396018080563755,-0.5820485519999891,0.1214007721,0.1024342592,-0.418504600264,-0.36221937693999995,201.0,301.0
C4D1,1,1111,02_五器件_全部16种mask_400条/2026-09-21-01-58-r1-C4D1-16t/400/1111/1111/1111.csv,1945b45650a39c953691551c066a5ac269d5df5422c92288cd2c8fb08b21de58,True,"(1210, 4)",True,C4D1_1_1111,True,0.0,40.0,25.0,750,750,160,1210,40.0,"30.000,36.400",6.0,0.0,C4D1,1,1,-2.04543884375,1.0164476341860682,5.539999999999878,5.369999999999653,-1.0015000000000995,-3.9992742999999997,-76.94985978560001,5.627040899999991,1.4266012863997313,-3.911755852000015,0.2072432094,0.12686284288799998,0.412450286816,0.3686327406,201.0,301.0
C4D1,2,0000,02_五器件_全部16种mask_400条/2026-09-21-02-11-r2-C4D1-16t/400/0000/1111/1111.csv,c4d610449a71d183a16a063cd3204abf5e5fd4f169b57e106d1378b94aae77fa,True,"(1210, 4)",True,C4D1_2_0000,True,0.0,40.0,25.0,750,750,160,1210,40.0,"30.000,36.400",6.0,0.0,C4D1,1,1,1.952700515625,1.0990308801578275,4.827499999999985,3.7400000000000766,-0.6430999999997855,-0.00014229999999981757,-20.562849936799992,2.559428700000005,0.46310441328970986,-0.9170775999999825,0.1298836143,0.10305970044400001,-0.41688627526399996,-0.36153562652399995,201.0,301.0
C4D1,2,1111,02_五器件_全部16种mask_400条/2026-09-21-02-11-r2-C4D1-16t/400/1111/1111/1111.csv,b4f8fda32e63303f94e5c6e12e85668f552b11d046d37c7c09d3ad93ebfe3210,True,"(1210, 4)",True,C4D1_2_1111,True,0.0,40.0,25.0,750,750,160,1210,40.0,"30.000,36.400",6.0,0.0,C4D1,1,1,-2.0207809375,316.23283261788407,4002.3225,5.367500000000192,-1.2616999999996992,-3.9993183000000005,36.22726162720001,2.2525867000000033,0.43893433690996714,0.4994509280000087,0.0403728936,0.091808652732,0.423124735728,0.37142790322400004,201.0,301.0
C4D1,3,0000,02_五器件_全部16种mask_400条/2026-09-21-02-24-r3-C4D1-16t/400/0000/1111/1111.csv,c13b34f121893c632222ef3914aa2c2ed8939a1984a916646498cddc7482059f,True,"(1210, 4)",True,C4D1_3_0000,True,0.0,40.0,25.0,750,750,160,1210,40.0,"30.000,36.400",7.0,0.0,C4D1,1,1,1.9528076875000004,0.9367209362565686,4.924999999999846,4.974999999999952,-1.1613000000001428,8.50999999999491e-05,-15.259332442400034,3.078884899999995,0.577374730447717,-1.310769004000012,0.1254783025,0.104732912872,-0.41694139419200005,-0.3607912484360001,201.0,301.0
C4D1,3,1111,02_五器件_全部16种mask_400条/2026-09-21-02-24-r3-C4D1-16t/400/1111/1111/1111.csv,472ee9dc1f722d47bbdff65d8ed4617924c2f80605616f67d23116706de323c9,True,"(1210, 4)",True,C4D1_3_1111,True,0.0,40.0,25.0,750,750,160,1210,40.0,"30.000,36.400",6.0,0.0,C4D1,1,1,-2.046179390625,0.9965459114788058,4.664999999999697,4.137499999999683,-1.148300000000102,-3.9995983999999996,32.54523007439998,12.457269399999998,1.115090415713478,0.1733134919999907,0.0433825151,0.09071233522,0.422299203244,0.3721850429560001,201.0,301.0
C4D1,4,0000,02_五器件_全部16种mask_400条/2026-09-21-02-37-r4-C4D1-16t/400/0000/1111/1111.csv,b22cdde9d0d143e6495205d1bfc207485c41030a80e45977f427829708429816,True,"(1210, 4)",True,C4D1_4_0000,True,0.0,40.0,25.0,750,750,160,1210,40.0,"30.000,36.400",6.0,0.0,C4D1,1,1,1.952841953125,0.801820387196226,4.602499999999843,2.687499999999954,-0.008900000000311437,0.00044540000000026225,-19.941835680799976,2.324264199999995,0.4934570874068099,-0.802072479999999,0.1322006313,0.10588831214,-0.425386251568,-0.370391816928,201.0,301.0
C4D1,4,1111,02_五器件_全部16种mask_400条/2026-09-21-02-37-r4-C4D1-16t/400/1111/1111/1111.csv,90e4685552e7dc010f991ada65cca2cf7a6189bceb9d499af0814dcf4b5deeda,True,"(1210, 4)",True,C4D1_4_1111,True,0.0,40.0,25.0,750,750,160,1210,40.0,"30.000,36.400",6.0,15.0,C4D1,1,1,-2.04677296875,0.9724628005164743,4.777499999999879,3.982500000000222,-0.21409999999999485,-3.99912,33.5249527768,74.1347595,6.561874641523624,-2.211252976,0.0445075997,0.091761977016,0.423124091456,0.373837908612,201.0,301.0
C4D1,5,0000,02_五器件_全部16种mask_400条/2026-09-21-02-50-r5-C4D1-16t/400/0000/1111/1111.csv,6daf8779ac660b08d8be0be75db02c37dde7529214ea6c331781067cac7b897a,True,"(1210, 4)",True,C4D1_5_0000,True,0.0,40.0,25.0,750,750,160,1210,40.0,"30.000,36.400",7.0,0.0,C4D1,1,1,1.9523199843749999,1.068442979619285,4.90999999999997,3.3600000000000296,-0.2002999999999311,0.0001609000000002414,-20.6707038376,2.8872096000000096,0.6233409243510935,-0.9797667080000128,0.1306205175,0.10376339031599999,-0.421412147716,-0.36712099160000006,201.0,301.0
C4D1,5,1111,02_五器件_全部16种mask_400条/2026-09-21-02-50-r5-C4D1-16t/400/1111/1111/1111.csv,76f08f5cc7ee18fa6a1f391afd1149b0059392c7c34bb5b9bb22417250fb7dbe,True,"(1210, 4)",True,C4D1_5_1111,True,0.0,40.0,25.0,750,750,160,1210,40.0,"30.000,36.400",6.0,0.0,C4D1,1,1,-2.0465744531249994,0.7858550840948217,4.1999999999999815,4.070000000000018,1.1361000000000843,-3.9983557,37.59829766800003,17.6316906,1.6061673988697482,1.0993789919999941,0.0398067272,0.09447619294,0.429444605616,0.3779885959440001,201.0,301.0
C4D3,1,0000,02_五器件_全部16种mask_400条/2026-09-21-03-50-r1-C4D3-16t/400/0000/1111/1111.csv,0c6f926106055aee3fed2df74e5de6f30975e73d951dde450a3461e5a723d6c4,True,"(1210, 4)",True,C4D3_1_0000,True,0.0,40.0,25.0,750,750,160,1210,35.0,"30.000,36.400",6.0,0.0,C4D3,1,1,1.9495410468750003,0.5715107745257024,3.2049999999999024,2.475000000000005,0.021100000000107144,0.0009170000000000567,2.50454086720002,1.3385050000000036,0.21316469208828503,0.287029588000004,0.0733176642,0.07704611718,-0.17316133280800003,-0.12731711038799998,201.0,301.0
C4D3,1,1111,02_五器件_全部16种mask_400条/2026-09-21-03-50-r1-C4D3-16t/400/1111/1111/1111.csv,2ec9dc5ffeeff159c4e8bb1c6f7bbcbba976ea6c9718eb9dc378174bc0eb2ba7,True,"(1210, 4)",True,C4D3_1_1111,True,0.0,40.0,25.0,750,750,160,1210,35.0,"30.000,36.400",6.0,0.0,C4D3,1,1,-2.03170871875,222.63087745023157,2816.77,2.895000000000092,0.7710000000002992,-3.9988987,2.751631212000019,6.960709300000007,1.636985000029778,3.5119407600000123,0.075578304,0.080564661876,0.29172966844000003,0.25424321776,201.0,301.0
C4D3,2,0000,02_五器件_全部16种mask_400条/2026-09-21-04-03-r2-C4D3-16t/400/0000/1111/1111.csv,d9b9d7f0b77bb65429c39911294110491c725b39c7013bdea2a9d1d7ee5b9850,True,"(1210, 4)",True,C4D3_2_0000,True,0.0,40.0,25.0,750,750,160,1210,35.0,"30.000,36.400",6.0,0.0,C4D3,1,1,1.949449953125,0.5010034327355553,2.86249999999999,1.8200000000001548,-0.13180000000012626,1.1000000001981647e-06,2.5925052639999695,1.8418537000000068,0.3380754906308033,-0.13826386000000135,0.0722054649,0.07648207666,-0.173174250744,-0.129019732212,201.0,301.0
C4D3,2,1111,02_五器件_全部16种mask_400条/2026-09-21-04-03-r2-C4D3-16t/400/1111/1111/1111.csv,f5c7ba87e6233ef52c6083c7ff416d6597d42cdc02c5291c21b68d888a6d954a,True,"(1210, 4)",True,C4D3_2_1111,True,0.0,40.0,25.0,750,750,160,1210,35.0,"30.000,36.400",7.0,0.0,C4D3,1,1,-2.0495274218749997,0.47713912751183973,2.8850000000000264,1.794999999999991,0.061799999999667676,-3.9991738999999997,12.325300315200002,1.868430500000004,0.3655497673571805,0.431897368000006,0.0574440607,0.075698721072,0.29130195678799997,0.256640197388,201.0,301.0
C4D3,3,0000,02_五器件_全部16种mask_400条/2026-09-21-04-16-r3-C4D3-16t/400/0000/1111/1111.csv,941355ab55d5b92f19d1f69b7a7864673790557a0e06814be2eccde11f508604,True,"(1210, 4)",True,C4D3_3_0000,True,0.0,40.0,25.0,750,750,160,1210,35.0,"30.000,36.400",6.0,16.0,C4D3,1,1,1.94918915625,0.4852612185979355,2.8850000000000264,0.7950000000001012,0.000500000000069889,-0.00016110000000013613,2.0845112840000013,1.5478981000000003,0.3085700071553556,-0.009535451999984068,0.0741109417,0.077973664068,-0.174799623112,-0.12741304450399998,201.0,301.0
C4D3,3,1111,02_五器件_全部16种mask_400条/2026-09-21-04-16-r3-C4D3-16t/400/1111/1111/1111.csv,48a7b2aeafcf9e4e6ecb34e7dc53b0919f477b5e856bc44c040e51db779bfdde,True,"(1210, 4)",True,C4D3_3_1111,True,0.0,40.0,25.0,750,750,160,1210,35.0,"30.000,36.400",15.0,15.0,C4D3,1,1,-2.04934525,0.5093393643243261,2.602500000000063,2.5525000000001796,-0.8704000000001599,-3.9991516000000003,14.523888507199983,1.6952784999999944,0.289153109202274,-0.29369794399998483,0.0549015463,0.07515110986000001,0.292939579956,0.25787294775200004,201.0,301.0
C4D3,4,0000,02_五器件_全部16种mask_400条/2026-09-21-04-29-r4-C4D3-16t/400/0000/1111/1111.csv,1bc6b01ea7632b36c01a87e7fc76bab14be3e1fa1a8444b7ff963cf14bd429fc,True,"(1210, 4)",True,C4D3_4_0000,True,0.0,40.0,25.0,750,750,160,1210,35.0,"30.000,36.400",7.0,0.0,C4D3,1,1,1.94921871875,0.47969042915439036,3.162499999999957,1.0725000000000318,-0.07489999999976682,-7.469999999987209e-05,4.6268525463999675,1.8925914000000044,0.34039654243815903,0.1513106480000026,0.0731509551,0.080665911464,-0.17762233654400003,-0.131706468364,201.0,301.0
C4D3,4,1111,02_五器件_全部16种mask_400条/2026-09-21-04-29-r4-C4D3-16t/400/1111/1111/1111.csv,238068d219178943d4d751b851be6b397dbe97edbc48f1195cec486fe5a614e5,True,"(1210, 4)",True,C4D3_4_1111,True,0.0,40.0,25.0,750,750,160,1210,35.0,"30.000,36.400",6.0,0.0,C4D3,1,1,-2.04960209375,0.447632476394369,3.029999999999866,2.4175000000004054,0.21309999999985507,-3.9989909,11.754746208000002,1.7073588000000028,0.3147850420996701,0.08852495200001309,0.0580762666,0.07565700352400001,0.296043026684,0.258318505908,201.0,301.0
C4D3,5,0000,02_五器件_全部16种mask_400条/2026-09-21-04-42-r5-C4D3-16t/400/0000/1111/1111.csv,2d44d3d127a156ec43bdff58135b99d95dd70410993f00f4a22a19cfe77ddd62,True,"(1210, 4)",True,C4D3_5_0000,True,0.0,40.0,25.0,750,750,160,1210,35.0,"30.000,36.400",6.0,16.0,C4D3,1,1,1.9493628906249998,0.5313620615715762,3.235000000000099,1.554999999999973,0.014799999999537405,3.529999999973832e-05,2.2466846191999954,2.3452024999999903,0.40852441502954223,0.2029502360000185,0.0745450297,0.07854682127200001,-0.177627909616,-0.131347923256,201.0,301.0
C4D3,5,1111,02_五器件_全部16种mask_400条/2026-09-21-04-42-r5-C4D3-16t/400/1111/1111/1111.csv,5695f5652c963f978a6f482c15f595d8d4dc5c6127fe728a43ca2117c4dbea9f,True,"(1210, 4)",True,C4D3_5_1111,True,0.0,40.0,25.0,750,750,160,1210,35.0,"30.000,36.400",7.0,0.0,C4D3,1,1,-2.049651578125,0.5039476723199651,2.615000000000034,2.2524999999999906,-0.8357000000001058,-3.9989483000000003,13.431682171200027,1.9505771000000034,0.3024056971928313,-0.22611230399999238,0.0589275298,0.078603582892,0.29180263424400005,0.258060339112,201.0,301.0
C4D4,1,0000,02_五器件_全部16种mask_400条/2026-09-21-21-07-r1-C4D4-16t/400/0000/1111/1111.csv,1b83b6f09b9fe43ebeac7862297297981aaf84bdb6c103295a43186baf981341,True,"(1210, 4)",True,C4D4_1_0000,True,0.0,40.0,25.0,750,750,160,1210,35.0,"30.000,36.400",6.0,16.0,C4D4,1,1,1.94886175,0.5129442237997887,3.282500000000077,1.4300000000000423,-0.046999999999908226,-0.0002192999999997003,5.825572852799999,1.485080099999994,0.32361269372343743,-0.06745678800000598,0.0670745297,0.0772627263,-0.285457385776,-0.237240201092,201.0,301.0
C4D4,1,1111,02_五器件_全部16种mask_400条/2026-09-21-21-07-r1-C4D4-16t/400/1111/1111/1111.csv,04968defb032fb055cbde174e0e18e09ee2ecb6f921e1dad928331737c4afa9d,True,"(1210, 4)",True,C4D4_1_1111,True,0.0,40.0,25.0,750,750,160,1210,35.0,"30.000,36.400",6.0,15.0,C4D4,1,1,-2.0473538546874996,34.157560671947294,432.56574999999975,1.020000000000021,0.0008999999998593466,-3.9989138000000004,-2.6919188743999984,2.445066699999998,0.3692376119724723,-0.09712616400001095,0.0837325538,0.0796927169,0.191393114828,0.171043226852,201.0,301.0
C4D4,2,0000,02_五器件_全部16种mask_400条/2026-09-21-21-20-r2-C4D4-16t/400/0000/1111/1111.csv,45da075154f7cc83a450ad1d757bc0a2e1e8fc4fdc26a62a3ae86f2ee68c1486,True,"(1210, 4)",True,C4D4_2_0000,True,0.0,40.0,25.0,750,750,160,1210,35.0,"30.000,36.400",7.0,0.0,C4D4,1,1,1.9487093125000001,0.4538763814675539,2.702500000000052,1.8299999999999983,-0.12979999999962466,-0.0001685000000002379,5.323770572800007,1.7580965000000004,0.34849649296652047,-0.002609364000011327,0.0701477754,0.07916720467199999,-0.283995949808,-0.234250003512,201.0,301.0
C4D4,2,1111,02_五器件_全部16种mask_400条/2026-09-21-21-20-r2-C4D4-16t/400/1111/1111/1111.csv,c692296ae1c2804c29f5239d23dc310472bac75a2cbc09e9e14706a90f61ce9f,True,"(1210, 4)",True,C4D4_2_1111,True,0.0,40.0,25.0,750,750,160,1210,35.0,"30.000,36.400",6.0,16.0,C4D4,1,1,-2.0501257812500002,0.5142734072281759,2.847500000000114,1.020000000000021,0.034899999999726816,-3.9991381000000006,20.521207529599995,5.206638799999997,0.6170824389025411,0.5713853999999852,0.045606913,0.075918261712,0.195737032124,0.172296205024,201.0,301.0
C4D4,3,0000,02_五器件_全部16种mask_400条/2026-09-21-21-33-r3-C4D4-16t/400/0000/1111/1111.csv,4dd10d5d97710562f442d3f6a47784a860b0320abc0c9f7986fe7d7d2fc27792,True,"(1210, 4)",True,C4D4_3_0000,True,0.0,40.0,25.0,750,750,160,1210,35.0,"30.000,36.400",6.0,0.0,C4D4,1,1,1.9488792968749997,0.4725651906606499,2.435000000000187,1.3825000000000642,0.23750000000011262,0.0001374999999999016,7.809968728800007,1.8048072999999887,0.3285092105753391,0.1449966559999849,0.0687593384,0.08142439770799999,-0.28266868661600003,-0.23772911784,201.0,301.0
C4D4,3,1111,02_五器件_全部16种mask_400条/2026-09-21-21-33-r3-C4D4-16t/400/1111/1111/1111.csv,be1062205be7c02b6ce83a6363580499ee21b5d161c8cc38b1b4f9b162c86a65,True,"(1210, 4)",True,C4D4_3_1111,True,0.0,40.0,25.0,750,750,160,1210,35.0,"30.000,36.400",6.0,16.0,C4D4,1,1,-2.050101265625,0.45083796864078657,3.002500000000019,3.2925000000001425,0.6322000000000827,-3.9990224000000003,19.301007003200006,4.238598499999996,0.5335821566012581,0.638938820000004,0.0479964092,0.076828187364,0.198763284484,0.175103881544,201.0,301.0
C4D4,4,0000,02_五器件_全部16种mask_400条/2026-09-21-21-46-r4-C4D4-16t/400/0000/1111/1111.csv,68ad5b92f2c190fc8576383ce20dbcc2f00b6bfd27a21cd2450586b04eef77ac,True,"(1210, 4)",True,C4D4_4_0000,True,0.0,40.0,25.0,750,750,160,1210,35.0,"30.000,36.400",7.0,16.0,C4D4,1,1,1.948899328125,0.6029999505795703,3.122499999999917,3.0049999999999244,-0.9981999999999491,0.00019660000000021327,5.669623419199993,1.6058838999999936,0.22056309341019195,-0.2629010479999888,0.0695155694,0.078001593944,-0.280770746372,-0.23182565030799998,201.0,301.0
C4D4,4,1111,02_五器件_全部16种mask_400条/2026-09-21-21-46-r4-C4D4-16t/400/1111/1111/1111.csv,4768d4a642a60b31a1321d748f63c181d98c3a982bf45c5b42727c38c59cf985,True,"(1210, 4)",True,C4D4_4_1111,True,0.0,40.0,25.0,750,750,160,1210,35.0,"30.000,36.400",7.0,16.0,C4D4,1,1,-2.0437135625,80.09507925900009,1013.8399999999998,1.9775000000001874,-0.23369999999989233,-4.0001976,21.555738793599975,5.505426800000005,0.523773968203525,-0.332483984000001,0.0471934676,0.07861575995999999,0.19698237612,0.173936593204,201.0,301.0
C4D4,5,0000,02_五器件_全部16种mask_400条/2026-09-21-21-59-r5-C4D4-16t/400/0000/1111/1111.csv,ff168e9b9fd454860bf1d18ae71fbce53d7afc919403e3cb906941851d0ce01c,True,"(1210, 4)",True,C4D4_5_0000,True,0.0,40.0,25.0,750,750,160,1210,35.0,"30.000,36.400",6.0,0.0,C4D4,1,1,1.94895025,0.6888634108022739,3.09500000000007,1.0749999999999371,0.1488999999996743,-6.550000000005163e-05,5.7935777847999965,1.7154124999999993,0.32155955402527353,0.03376062000000346,0.0705536758,0.07978758806,-0.281192271044,-0.23256313303999998,201.0,301.0
C4D4,5,1111,02_五器件_全部16种mask_400条/2026-09-21-21-59-r5-C4D4-16t/400/1111/1111/1111.csv,b2fb699ed1b3538c84366e8b6792a70683ada482cec4dd99d5184f4459d1dfaf,True,"(1210, 4)",True,C4D4_5_1111,True,0.0,40.0,25.0,750,750,160,1210,35.0,"30.000,36.400",7.0,0.0,C4D4,1,1,-2.04991446875,0.47707032987413794,3.0524999999999025,0.7449999999997736,-0.031000000000336314,-3.9988677,21.398667619999998,5.075365200000001,0.545416649507746,0.418753975999997,0.0452912128,0.07690292459999999,0.20013062448000002,0.17791713072,201.0,301.0
