model,functional_form,coefficient,estimate,ci95_low,ci95_high
A_plus,a*exp(b*I)+c*exp(d*I),a,0.517614024608159,0.492800384588726,0.542427664627592
A_plus,a*exp(b*I)+c*exp(d*I),b,0.00113621437421988,0.000631365702902426,0.00164106304553734
A_plus,a*exp(b*I)+c*exp(d*I),c,-41.2491831260809,-59.1355006990726,-23.3628655530891
A_plus,a*exp(b*I)+c*exp(d*I),d,-0.118401636211244,-0.129996141244233,-0.106807131178254
tau_plus,a*exp(b*I),a,28.4705282634446,14.9836914588572,41.9573650680319
tau_plus,a*exp(b*I),b,-0.034868704171695,-0.0440978317652453,-0.0256395765781448
A_minus,a*exp(b*I)+c*exp(d*I),a,-0.519670410078547,-0.551292929501859,-0.488047890655235
A_minus,a*exp(b*I)+c*exp(d*I),b,0.000205721453010238,-0.000426120623029588,0.000837563529050064
A_minus,a*exp(b*I)+c*exp(d*I),c,25.1630461523708,14.4785726806086,35.8475196241331
A_minus,a*exp(b*I)+c*exp(d*I),d,-0.106453558510394,-0.118060544441137,-0.0948465725796515
tau_minus,a*exp(b*I),a,27.3621284847105,14.5895069701342,40.1347499992867
tau_minus,a*exp(b*I),b,-0.0346091950339715,-0.0436846644638835,-0.0255337256040594
