model,current_mA,observed,predicted,residual_observed_minus_predicted
A_plus,40,0.17950579771023,0.179798553815585,-0.000292756105355507
A_plus,50,0.439079162690994,0.437118130404159,0.00196103228683508
A_plus,60,0.517074331616413,0.52023616685683,-0.00316183524041702
A_plus,70,0.548983606702695,0.550090223729607,-0.00110661702691195
A_plus,80,0.565345695423752,0.563693457310231,0.00165223811352144
A_plus,90,0.574430617798841,0.57237421229058,0.00205640550826114
A_plus,100,0.580871617490269,0.579600078593854,0.00127153889641562
A_plus,110,0.584051888398537,0.586432891834883,-0.00238100343634595
tau_plus,40,6.83709827561661,7.05771460910356,-0.220616333486948
tau_plus,50,5.76605683697101,4.98002169585362,0.786035141117392
tau_plus,60,3.30256519022331,3.5139726476306,-0.211407457407291
tau_plus,70,1.98641707789413,2.47950802675759,-0.493090948863461
tau_plus,80,1.49394064424868,1.74957538696289,-0.255634742714206
tau_plus,90,1.29787583340292,1.23452475314999,0.0633510802529289
tau_plus,100,1.11151736627876,0.871097854654707,0.240419511624055
tau_plus,110,1.04176270045549,0.6146587749236,0.427103925531888
A_minus,40,-0.168287012772602,-0.167943447977324,-0.000343564795277557
A_minus,50,-0.399976770729435,-0.402256031786809,0.00227926105737425
A_minus,60,-0.488112066603996,-0.483776726313751,-0.00433534029024552
A_minus,70,-0.511391712190508,-0.512602793726265,0.00121108153575711
A_minus,80,-0.521541574746236,-0.523256580455018,0.00171500570878191
A_minus,90,-0.52808210376629,-0.527644432139041,-0.000437671627248726
A_minus,100,-0.528608959022697,-0.529872707398121,0.00126374837542365
A_minus,110,-0.532710202651686,-0.53135764302331,-0.00135255962837577
tau_minus,40,6.60453264781322,6.85372351803337,-0.24919087022016
tau_minus,50,5.70983026975984,4.84864911675271,0.86118115300713
tau_minus,60,3.25565110186999,3.43016437641953,-0.174513274549537
tau_minus,70,2.07780697898338,2.42666098658376,-0.348854007600375
tau_minus,80,1.4148923761381,1.71673508835001,-0.301842712211912
tau_minus,90,1.23476956472371,1.21449983325489,0.0202697314688172
tau_minus,100,1.03663493570149,0.859194790731413,0.177440144970072
tau_minus,110,0.975157920204868,0.607835150081131,0.367322770123737
