polarity,current_mA,segment,functional_form,n,coefficient,estimate,ci95_low,ci95_high,sse,r_squared,adjusted_r_squared,rmse,mae,mean_residual
positive,40,photoresponse,a*(1-exp(-t/b))+c,998,a,0.179506773239149,0.179206130086796,0.179807416391503,0.00205076419252916,0.999029333410732,0.999026403833501,0.00143564255308566,0.00123066598947191,-8.82536769879997e-06
positive,40,photoresponse,a*(1-exp(-t/b))+c,998,b,6.837201869181,6.807863321967,6.866540416395,0.00205076419252916,0.999029333410732,0.999026403833501,0.00143564255308566,0.00123066598947191,-8.82536769879997e-06
positive,40,photoresponse,a*(1-exp(-t/b))+c,998,c,0,NaN,NaN,0.00205076419252916,0.999029333410732,0.999026403833501,0.00143564255308566,0.00123066598947191,-8.82536769879997e-06
positive,40,dark_decay,a*exp(-t/b),3000,a,0.173380984702694,0.172623056367901,0.174138913037488,0.0331310822011188,0.991393368766123,0.991387625268469,0.00332431367974411,0.00282423981698494,-0.00251788969699812
positive,40,dark_decay,a*exp(-t/b),3000,b,5.9566813657554,5.91991788387453,5.99344484763626,0.0331310822011188,0.991393368766123,0.991387625268469,0.00332431367974411,0.00282423981698494,-0.00251788969699812
positive,50,photoresponse,a*(1-exp(-t/b))+c,998,a,0.439079000243546,0.438874422130295,0.439283578356797,0.00149253114617863,0.999882920405039,0.9998825670461,0.00122475765059545,0.00101213839417936,-0.000145061283043092
positive,50,photoresponse,a*(1-exp(-t/b))+c,998,b,5.766049689108,5.75828000198509,5.7738193762309,0.00149253114617863,0.999882920405039,0.9998825670461,0.00122475765059545,0.00101213839417936,-0.000145061283043092
positive,50,photoresponse,a*(1-exp(-t/b))+c,998,c,0,NaN,NaN,0.00149253114617863,0.999882920405039,0.9998825670461,0.00122475765059545,0.00101213839417936,-0.000145061283043092
positive,50,dark_decay,a*exp(-t/b),3000,a,0.415916036953511,0.415642800074101,0.41618927383292,0.00500373992921963,0.999782980954519,0.999782836130331,0.00129190788902913,0.00105252399565281,-0.000357464266879359
positive,50,dark_decay,a*exp(-t/b),3000,b,6.9157203272697,6.90930440866903,6.92213624587038,0.00500373992921963,0.999782980954519,0.999782836130331,0.00129190788902913,0.00105252399565281,-0.000357464266879359
positive,60,photoresponse,a*(1-exp(-t/b))+c,998,a,0.517073780567146,0.516057143354614,0.518090417779679,0.105912690691787,0.993356815676395,0.993336765824312,0.0103172145111036,0.00882670841620388,-0.00130366110485717
positive,60,photoresponse,a*(1-exp(-t/b))+c,998,b,3.30254334135454,3.27483069540301,3.33025598730607,0.105912690691787,0.993356815676395,0.993336765824312,0.0103172145111036,0.00882670841620388,-0.00130366110485717
positive,60,photoresponse,a*(1-exp(-t/b))+c,998,c,0,NaN,NaN,0.105912690691787,0.993356815676395,0.993336765824312,0.0103172145111036,0.00882670841620388,-0.00130366110485717
positive,60,dark_decay,a*exp(-t/b),3000,a,0.492077080964335,0.491600515041256,0.492553646887414,0.0153270205790762,0.999521765245408,0.999521446103096,0.00226106504471891,0.00162089478962215,0.000712323749384865
positive,60,dark_decay,a*exp(-t/b),3000,b,6.96331562498381,6.95379209139521,6.9728391585724,0.0153270205790762,0.999521765245408,0.999521446103096,0.00226106504471891,0.00162089478962215,0.000712323749384865
positive,70,photoresponse,a*(1-exp(-t/b))+c,998,a,0.548984207253301,0.54806208618353,0.549906328323073,0.137749153266388,0.989382614267951,0.989350569844212,0.0117661106601426,0.0086059572642738,-0.000981737048611516
positive,70,photoresponse,a*(1-exp(-t/b))+c,998,b,1.98644187009469,1.9669254886259,2.00595825156349,0.137749153266388,0.989382614267951,0.989350569844212,0.0117661106601426,0.0086059572642738,-0.000981737048611516
positive,70,photoresponse,a*(1-exp(-t/b))+c,998,c,0,NaN,NaN,0.137749153266388,0.989382614267951,0.989350569844212,0.0117661106601426,0.0086059572642738,-0.000981737048611516
positive,70,dark_decay,a*exp(-t/b),3000,a,0.51542401807378,0.514817433408378,0.516030602739182,0.0250315050380013,0.999289315737,0.999288841473227,0.00288953305573534,0.002047698567758,0.00114322517037767
positive,70,dark_decay,a*exp(-t/b),3000,b,7.01921836720935,7.00755261249632,7.03088412192239,0.0250315050380013,0.999289315737,0.999288841473227,0.00288953305573534,0.002047698567758,0.00114322517037767
positive,80,photoresponse,a*(1-exp(-t/b))+c,998,a,0.565344411444356,0.564408703250392,0.566280119638319,0.162688976783413,0.985428491310881,0.985384512914435,0.0127869663849587,0.00823682594285811,-0.000946318002023533
positive,80,photoresponse,a*(1-exp(-t/b))+c,998,b,1.4938869339806,1.47685121582378,1.51092265213741,0.162688976783413,0.985428491310881,0.985384512914435,0.0127869663849587,0.00823682594285811,-0.000946318002023533
positive,80,photoresponse,a*(1-exp(-t/b))+c,998,c,0,NaN,NaN,0.162688976783413,0.985428491310881,0.985384512914435,0.0127869663849587,0.00823682594285811,-0.000946318002023533
positive,80,dark_decay,a*exp(-t/b),3000,a,0.525469990240417,0.524782057794669,0.526157922686166,0.0320742463054317,0.99912021598214,0.999119628872351,0.00327086346403272,0.00232767227870112,0.00133045893521887
positive,80,dark_decay,a*exp(-t/b),3000,b,6.99292267689822,6.97999407649253,7.00585127730391,0.0320742463054317,0.99912021598214,0.999119628872351,0.00327086346403272,0.00232767227870112,0.00133045893521887
positive,90,photoresponse,a*(1-exp(-t/b))+c,998,a,0.574431179599687,0.573478674132596,0.575383685066779,0.177203558995729,0.98298637739159,0.982935028429995,0.0133451874899319,0.00810863585607187,-0.000995423234901111
positive,90,photoresponse,a*(1-exp(-t/b))+c,998,b,1.29789933212533,1.28185966540181,1.31393899884884,0.177203558995729,0.98298637739159,0.982935028429995,0.0133451874899319,0.00810863585607187,-0.000995423234901111
positive,90,photoresponse,a*(1-exp(-t/b))+c,998,c,0,NaN,NaN,0.177203558995729,0.98298637739159,0.982935028429995,0.0133451874899319,0.00810863585607187,-0.000995423234901111
positive,90,dark_decay,a*exp(-t/b),3000,a,0.53172133384287,0.530984022097482,0.532458645588258,0.0364011891024981,0.999015959292251,0.999015302608429,0.00348451205340617,0.00246996044491049,0.00142529145812538
positive,90,dark_decay,a*exp(-t/b),3000,b,6.90934519611126,6.89581540360918,6.92287498861333,0.0364011891024981,0.999015959292251,0.999015302608429,0.00348451205340617,0.00246996044491049,0.00142529145812538
positive,100,photoresponse,a*(1-exp(-t/b))+c,998,a,0.580873496955729,0.579851875024023,0.581895118887436,0.213282968636674,0.977840966643328,0.977774088273036,0.0146408586615819,0.00829676771484347,-0.00112267709518188
positive,100,photoresponse,a*(1-exp(-t/b))+c,998,b,1.11159629038169,1.09573024653864,1.12746233422474,0.213282968636674,0.977840966643328,0.977774088273036,0.0146408586615819,0.00829676771484347,-0.00112267709518188
positive,100,photoresponse,a*(1-exp(-t/b))+c,998,c,0,NaN,NaN,0.213282968636674,0.977840966643328,0.977774088273036,0.0146408586615819,0.00829676771484347,-0.00112267709518188
positive,100,dark_decay,a*exp(-t/b),3000,a,0.536761592257895,0.536008389454747,0.537514795061042,0.0377275816165841,0.998996335856041,0.998995666076833,0.00354742865169792,0.00238615119380565,0.00124495023786813
positive,100,dark_decay,a*exp(-t/b),3000,b,6.86239645755944,6.84879801821486,6.87599489690401,0.0377275816165841,0.998996335856041,0.998995666076833,0.00354742865169792,0.00238615119380565,0.00124495023786813
positive,110,photoresponse,a*(1-exp(-t/b))+c,998,a,0.584049607986544,0.583101279907406,0.584997936065683,0.186827656465475,0.97942098659565,0.979358876897246,0.013702791281707,0.00766494794585688,-0.000984622139803692
positive,110,photoresponse,a*(1-exp(-t/b))+c,998,b,1.041666812768,1.02744677689179,1.05588684864422,0.186827656465475,0.97942098659565,0.979358876897246,0.013702791281707,0.00766494794585688,-0.000984622139803692
positive,110,photoresponse,a*(1-exp(-t/b))+c,998,c,0,NaN,NaN,0.186827656465475,0.97942098659565,0.979358876897246,0.013702791281707,0.00766494794585688,-0.000984622139803692
positive,110,dark_decay,a*exp(-t/b),3000,a,0.550776374860318,0.549973716510575,0.551579033210061,0.0421877367406952,0.998925331315581,0.998924614152629,0.00375126115065036,0.00241783513590591,0.00100646240395796
positive,110,dark_decay,a*exp(-t/b),3000,b,6.75778556380538,6.74387859137251,6.77169253623826,0.0421877367406952,0.998925331315581,0.998924614152629,0.00375126115065036,0.00241783513590591,0.00100646240395796
negative,40,photoresponse,a*(1-exp(-t/b))+c,998,a,-0.168287012772602,-0.168540544737355,-0.168033480807848,0.00160557964640772,0.999140011637438,0.999137416099121,0.00127029440911818,0.00100159959320377,2.82149851973582e-05
negative,40,photoresponse,a*(1-exp(-t/b))+c,998,b,6.60453264781322,6.57841178118564,6.63065351444079,0.00160557964640772,0.999140011637438,0.999137416099121,0.00127029440911818,0.00100159959320377,2.82149851973582e-05
negative,40,photoresponse,a*(1-exp(-t/b))+c,998,c,0,NaN,NaN,0.00160557964640772,0.999140011637438,0.999137416099121,0.00127029440911818,0.00100159959320377,2.82149851973582e-05
negative,40,dark_decay,a*exp(-t/b),3000,a,-0.160907203082398,-0.161238289617742,-0.160576116547053,0.00664880974057133,0.997987164847824,0.997985821614489,0.00148921066759053,0.00120269327090573,0.00101801390595691
negative,40,dark_decay,a*exp(-t/b),3000,b,6.26243748950651,6.24424338070519,6.28063159830783,0.00664880974057133,0.997987164847824,0.997985821614489,0.00148921066759053,0.00120269327090573,0.00101801390595691
negative,50,photoresponse,a*(1-exp(-t/b))+c,998,a,-0.399976699673958,-0.400339757647099,-0.399613641700817,0.00481639515404177,0.999541374486322,0.999539990304691,0.00220013593779239,0.0018536517782857,5.56481854375132e-06
negative,50,photoresponse,a*(1-exp(-t/b))+c,998,b,5.70982686148057,5.69473199535774,5.7249217276034,0.00481639515404177,0.999541374486322,0.999539990304691,0.00220013593779239,0.0018536517782857,5.56481854375132e-06
negative,50,photoresponse,a*(1-exp(-t/b))+c,998,c,0,NaN,NaN,0.00481639515404177,0.999541374486322,0.999539990304691,0.00220013593779239,0.0018536517782857,5.56481854375132e-06
negative,50,dark_decay,a*exp(-t/b),3000,a,-0.376156619844759,-0.376424929976417,-0.375888309713101,0.00488190588603021,0.999741131560304,0.999740958808593,0.00127608289453019,0.00105249063143161,-0.000273842363763033
negative,50,dark_decay,a*exp(-t/b),3000,b,6.99693278632693,6.9898846979357,7.00398087471817,0.00488190588603021,0.999741131560304,0.999740958808593,0.00127608289453019,0.00105249063143161,-0.000273842363763033
negative,60,photoresponse,a*(1-exp(-t/b))+c,998,a,-0.488115040010256,-0.489110144304713,-0.487119935715799,0.103354872937089,0.992622792034127,0.992600526818938,0.0101918714747527,0.00838503534784518,0.00109596883645489
negative,60,photoresponse,a*(1-exp(-t/b))+c,998,b,3.25577619265949,3.22718126506526,3.28437112025371,0.103354872937089,0.992622792034127,0.992600526818938,0.0101918714747527,0.00838503534784518,0.00109596883645489
negative,60,photoresponse,a*(1-exp(-t/b))+c,998,c,0,NaN,NaN,0.103354872937089,0.992622792034127,0.992600526818938,0.0101918714747527,0.00838503534784518,0.00109596883645489
negative,60,dark_decay,a*exp(-t/b),3000,a,-0.468059863715699,-0.468470175790443,-0.467649551640955,0.0115931247871985,0.999606149048661,0.99960588621853,0.00196645694020099,0.00147406337672706,-0.000578033228112712
negative,60,dark_decay,a*exp(-t/b),3000,b,7.10439746667514,7.09560227820528,7.113192655145,0.0115931247871985,0.999606149048661,0.99960588621853,0.00196645694020099,0.00147406337672706,-0.000578033228112712
negative,70,photoresponse,a*(1-exp(-t/b))+c,998,a,-0.511393526653076,-0.512556711346758,-0.510230341959394,0.213242249945806,0.982558237627599,0.982505596493678,0.0146394610229001,0.0106212977127861,0.00148735254140523
negative,70,photoresponse,a*(1-exp(-t/b))+c,998,b,2.07788675406206,2.0509665112816,2.10480699684253,0.213242249945806,0.982558237627599,0.982505596493678,0.0146394610229001,0.0106212977127861,0.00148735254140523
negative,70,photoresponse,a*(1-exp(-t/b))+c,998,c,0,NaN,NaN,0.213242249945806,0.982558237627599,0.982505596493678,0.0146394610229001,0.0106212977127861,0.00148735254140523
negative,70,dark_decay,a*exp(-t/b),3000,a,-0.488918227147773,-0.489383410424958,-0.488453043870588,0.014761272056373,0.999536497259616,0.999536187948478,0.00221894265130584,0.00163036333326408,-0.000787602261918675
negative,70,dark_decay,a*exp(-t/b),3000,b,7.03807170771763,7.02861498660438,7.04752842883088,0.014761272056373,0.999536497259616,0.999536187948478,0.00221894265130584,0.00163036333326408,-0.000787602261918675
negative,80,photoresponse,a*(1-exp(-t/b))+c,998,a,-0.52154028651594,-0.522471448435723,-0.520609124596157,0.164434837268551,0.982077544749823,0.982023452832569,0.0128553935367016,0.00813067015743129,0.000899305641694513
negative,80,photoresponse,a*(1-exp(-t/b))+c,998,b,1.41483357379907,1.39688988287257,1.43277726472556,0.164434837268551,0.982077544749823,0.982023452832569,0.0128553935367016,0.00813067015743129,0.000899305641694513
negative,80,photoresponse,a*(1-exp(-t/b))+c,998,c,0,NaN,NaN,0.164434837268551,0.982077544749823,0.982023452832569,0.0128553935367016,0.00813067015743129,0.000899305641694513
negative,80,dark_decay,a*exp(-t/b),3000,a,-0.495473269142508,-0.495994035003597,-0.494952503281419,0.0184368555530615,0.999434098086267,0.999433720440679,0.00247986256270526,0.00181919654665902,-0.000951285968584142
negative,80,dark_decay,a*exp(-t/b),3000,b,7.01436208603742,7.00395072929266,7.02477344278217,0.0184368555530615,0.999434098086267,0.999433720440679,0.00247986256270526,0.00181919654665902,-0.000951285968584142
negative,90,photoresponse,a*(1-exp(-t/b))+c,998,a,-0.528080846637316,-0.529055647728506,-0.527106045546126,0.18850805454393,0.978139623673014,0.978073646682087,0.0137642773584351,0.00830123379397157,0.00102515364617338
negative,90,photoresponse,a*(1-exp(-t/b))+c,998,b,1.23471203939214,1.2172504911888,1.25217358759548,0.18850805454393,0.978139623673014,0.978073646682087,0.0137642773584351,0.00830123379397157,0.00102515364617338
negative,90,photoresponse,a*(1-exp(-t/b))+c,998,c,0,NaN,NaN,0.18850805454393,0.978139623673014,0.978073646682087,0.0137642773584351,0.00830123379397157,0.00102515364617338
negative,90,dark_decay,a*exp(-t/b),3000,a,-0.505766910777794,-0.506329389249326,-0.505204432306261,0.0214093924304167,0.999366589191531,0.999366166494962,0.00267230704824732,0.00197046823951211,-0.00108481131836407
negative,90,dark_decay,a*exp(-t/b),3000,b,6.9821660820864,6.97120030056068,6.99313186361212,0.0214093924304167,0.999366589191531,0.999366166494962,0.00267230704824732,0.00197046823951211,-0.00108481131836407
negative,100,photoresponse,a*(1-exp(-t/b))+c,998,a,-0.528611353145455,-0.529553705907018,-0.527669000383893,0.184692626207543,0.975461955553797,0.975387897069552,0.0136242698834406,0.00764303340397812,0.000976567285243811
negative,100,photoresponse,a*(1-exp(-t/b))+c,998,b,1.03674607565698,1.02116750244263,1.05232464887134,0.184692626207543,0.975461955553797,0.975387897069552,0.0136242698834406,0.00764303340397812,0.000976567285243811
negative,100,photoresponse,a*(1-exp(-t/b))+c,998,c,0,NaN,NaN,0.184692626207543,0.975461955553797,0.975387897069552,0.0136242698834406,0.00764303340397812,0.000976567285243811
negative,100,dark_decay,a*exp(-t/b),3000,a,-0.506653632259237,-0.507258338199085,-0.506048926319388,0.024485892972324,0.999271702277815,0.999271216259983,0.00285786795769453,0.00214529757818021,-0.00123874685491848
negative,100,dark_decay,a*exp(-t/b),3000,b,6.90957000026609,6.89792414746259,6.92121585306959,0.024485892972324,0.999271702277815,0.999271216259983,0.00285786795769453,0.00214529757818021,-0.00123874685491848
negative,110,photoresponse,a*(1-exp(-t/b))+c,998,a,-0.532707805955438,-0.533605735910622,-0.531809876000255,0.170102643162196,0.976305485459061,0.976233972839723,0.013075069036673,0.00681936055251388,0.000884755592348364
negative,110,photoresponse,a*(1-exp(-t/b))+c,998,b,0.975046821036416,0.960725958019718,0.989367684053114,0.170102643162196,0.976305485459061,0.976233972839723,0.013075069036673,0.00681936055251388,0.000884755592348364
negative,110,photoresponse,a*(1-exp(-t/b))+c,998,c,0,NaN,NaN,0.170102643162196,0.976305485459061,0.976233972839723,0.013075069036673,0.00681936055251388,0.000884755592348364
negative,110,dark_decay,a*exp(-t/b),3000,a,-0.507140276498912,-0.507806259681456,-0.506474293316369,0.0296525094643735,0.999115505302758,0.999114915049373,0.00314495845185599,0.00252161876187299,-0.00159836268083079
negative,110,dark_decay,a*exp(-t/b),3000,b,6.89862327437577,6.88582993961292,6.91141660913862,0.0296525094643735,0.999115505302758,0.999114915049373,0.00314495845185599,0.00252161876187299,-0.00159836268083079
