201	0.0106221820	301	1.9493525000
201	0.0118447145	301	1.9497725000
201	0.0131735542	301	1.9491950000
201	0.0138790473	301	1.9490750000
201	0.0149340655	301	1.9490025000
201	0.0154849300	301	1.9492450000
201	0.0164118964	301	1.9497425000
201	0.0176368451	301	1.9492700000
201	0.0179678470	301	1.9489100000
201	0.0187047491	301	1.9493425000
201	0.0196349370	301	1.9491900000
201	0.0201600300	301	1.9492800000
201	0.0209202875	301	1.9489125000
201	0.0216684646	301	1.9489475000
201	0.0220783915	301	1.9490075000
201	0.0225366399	301	1.9498075000
201	0.0227565025	301	1.9497350000
201	0.0237527297	301	1.9506325000
201	0.0243052050	301	1.9495925000
201	0.0249784838	301	1.9491950000
201	0.0255776698	301	1.9493350000
201	0.0261486683	301	1.9492250000
201	0.0266906739	301	1.9489800000
201	0.0275306618	301	1.9491450000
201	0.0275532118	301	1.9492700000
201	0.0283400461	301	1.9492425000
201	0.0289207089	301	1.9490275000
201	0.0293008376	301	1.9491100000
201	0.0298194879	301	1.9494275000
201	0.0297663343	301	1.9493900000
201	0.0307351794	301	1.9503625000
201	0.0311040332	301	1.9495550000
201	0.0318634853	301	1.9489250000
201	0.0322283123	301	1.9490200000
201	0.0330610520	301	1.9494975000
201	0.0332704450	301	1.9491200000
201	0.0334387647	301	1.9493400000
201	0.0342183508	301	1.9493600000
201	0.0345453260	301	1.9493725000
201	0.0349504209	301	1.9494950000
201	0.0353595425	301	1.9490675000
201	0.0358862464	301	1.9490850000
201	0.0361906716	301	1.9489350000
201	0.0364024806	301	1.9493925000
201	0.0371772346	301	1.9489575000
201	0.0374848812	301	1.9492150000
201	0.0379415190	301	1.9489725000
201	0.0383772174	301	1.9491350000
201	0.0385769461	301	1.9495775000
201	0.0390762678	301	1.9493975000
201	0.0392236483	301	1.9489650000
201	0.0392091518	301	1.9493375000
201	0.0394290145	301	1.9503875000
201	0.0395635092	301	1.9508925000
201	0.0403680615	301	1.9497425000
201	0.0408029546	301	1.9497275000
201	0.0407441635	301	1.9502175000
201	0.0405186633	301	1.9513700000
201	0.0412233513	301	1.9508250000
201	0.0417742159	301	1.9502400000
201	0.0423637377	301	1.9505925000
201	0.0424748770	301	1.9505475000
201	0.0429516487	301	1.9504650000
201	0.0429677559	301	1.9504100000
201	0.0435604991	301	1.9501400000
201	0.0439575404	301	1.9503550000
201	0.0439978083	301	1.9504550000
201	0.0446324302	301	1.9508175000
201	0.0447508177	301	1.9504175000
201	0.0452734949	301	1.9506800000
201	0.0456632880	301	1.9505050000
201	0.0461763008	301	1.9498800000
201	0.0466715958	301	1.9490625000
201	0.0469486388	301	1.9496150000
201	0.0474705106	301	1.9496000000
201	0.0475389660	301	1.9491025000
201	0.0478200358	301	1.9491850000
201	0.0478514448	301	1.9495825000
201	0.0485295560	301	1.9496200000
201	0.0489257920	301	1.9491200000
201	0.0486551918	301	1.9496425000
201	0.0486527757	301	1.9500225000
201	0.0492414922	301	1.9499875000
201	0.0492278011	301	1.9502700000
201	0.0492914243	301	1.9501725000
201	0.0501555732	301	1.9502650000
201	0.0500766481	301	1.9496600000
201	0.0507354307	301	1.9497500000
201	0.0509915345	301	1.9492800000
201	0.0510052256	301	1.9493000000
201	0.0513322008	301	1.9495150000
201	0.0513217311	301	1.9497100000
201	0.0514385080	301	1.9498200000
201	0.0521826585	301	1.9502775000
201	0.0523493676	301	1.9493850000
201	0.0527254697	301	1.9489650000
201	0.0530234520	301	1.9491975000
201	0.0528857359	301	1.9494400000
201	0.0535106934	301	1.9493550000
201	0.0532924415	301	1.9498550000
201	0.0543957816	301	1.9492200000
201	0.0539657206	301	1.9493850000
201	0.0544207477	301	1.9490750000
201	0.0539101509	301	1.9500500000
201	0.0546148389	301	1.9492800000
201	0.0548258427	301	1.9492925000
201	0.0552027501	301	1.9494325000
201	0.0551568447	301	1.9495425000
201	0.0552865073	301	1.9499150000
201	0.0556746897	301	1.9498400000
201	0.0558864988	301	1.9493575000
201	0.0560306579	301	1.9492225000
201	0.0564309207	301	1.9490875000
201	0.0566467566	301	1.9496400000
201	0.0565468922	301	1.9492650000
201	0.0565944083	301	1.9492925000
201	0.0571082266	301	1.9495850000
201	0.0571033944	301	1.9496250000
201	0.0574674161	301	1.9493000000
201	0.0572386945	301	1.9495450000
201	0.0576655341	301	1.9497700000
201	0.0581624399	301	1.9492000000
201	0.0581841846	301	1.9489625000
201	0.0583976044	301	1.9489400000
201	0.0584410937	301	1.9493275000
201	0.0587777332	301	1.9495750000
201	0.0590531656	301	1.9489375000
201	0.0589106173	301	1.9490400000
201	0.0591135674	301	1.9492575000
201	0.0593600069	301	1.9491475000
201	0.0597578537	301	1.9496225000
201	0.0594606767	301	1.9497425000
201	0.0596410768	301	1.9498125000
201	0.0599181199	301	1.9493125000
201	0.0599245627	301	1.9499650000
201	0.0600856343	301	1.9498275000
201	0.0605044204	301	1.9493700000
201	0.0604424078	301	1.9500725000
201	0.0606284455	301	1.9492825000
201	0.0607605242	301	1.9494450000
201	0.0609401189	301	1.9497700000
201	0.0613540729	301	1.9494650000
201	0.0614104479	301	1.9491625000
201	0.0614942051	301	1.9495225000
201	0.0615183659	301	1.9491950000
201	0.0616601088	301	1.9499475000
201	0.0617084303	301	1.9498350000
201	0.0620837271	301	1.9497275000
201	0.0622206379	301	1.9490925000
201	0.0624421113	301	1.9490825000
201	0.0622512415	301	1.9490800000
201	0.0625025131	301	1.9494200000
201	0.0627014365	301	1.9491100000
201	0.0628786152	301	1.9490400000
201	0.0629148563	301	1.9494300000
201	0.0631862619	301	1.9493725000
201	0.0629647885	301	1.9496800000
201	0.0636042426	301	1.9496350000
201	0.0632829049	301	1.9495175000
201	0.0634592782	301	1.9492775000
201	0.0635792765	301	1.9491825000
201	0.0634890765	301	1.9493525000
201	0.0641341681	301	1.9493300000
201	0.0641438324	301	1.9489750000
201	0.0641083966	301	1.9497675000
201	0.0644329559	301	1.9495250000
201	0.0644748345	301	1.9494750000
201	0.0640834306	301	1.9497675000
201	0.0647961723	301	1.9505200000
201	0.0648646277	301	1.9490275000
201	0.0649234188	301	1.9490025000
201	0.0648251651	301	1.9493225000
201	0.0653921371	301	1.9501700000
201	0.0652882459	301	1.9495725000
201	0.0651038189	301	1.9491150000
201	0.0655459604	301	1.9495125000
201	0.0659180357	301	1.9493325000
201	0.0653929424	301	1.9490150000
201	0.0659526661	301	1.9499175000
201	0.0659413911	301	1.9490575000
201	0.0659478340	301	1.9494500000
201	0.0664560148	301	1.9498675000
201	0.0659800483	301	1.9496200000
201	0.0663231308	301	1.9495275000
201	0.0665711810	301	1.9491000000
201	0.0669086259	301	1.9490825000
201	0.0667548026	301	1.9489050000
201	0.0668909081	301	1.9492025000
201	0.0668957402	301	1.9494525000
201	0.0670221814	301	1.9492275000
201	0.0672307691	301	1.9490300000
201	0.0672629834	301	1.9493200000
201	0.0672364066	301	1.9492225000
201	0.0674683496	301	1.9491725000
201	0.0675730462	301	1.9491275000
201	0.0672992245	301	1.9490550000
201	0.0672686209	301	1.9491925000
201	0.0663923915	301	1.9500800000
201	0.0674498264	301	1.9507225000
201	0.0674619068	301	1.9498750000
201	0.0674449943	301	1.9505600000
201	0.0671872798	301	1.9503450000
201	0.0666348042	301	1.9512075000
201	0.0674168068	301	1.9511350000
201	0.0673209692	301	1.9508650000
201	0.0673926460	301	1.9509250000
201	0.0676721052	301	1.9503350000
201	0.0677188160	301	1.9500900000
201	0.0677196213	301	1.9508050000
201	0.0677349231	301	1.9510000000
201	0.0679660608	301	1.9504325000
201	0.0682406879	301	1.9506075000
201	0.0681698164	301	1.9505900000
201	0.0681496824	301	1.9503800000
201	0.0684476648	301	1.9505675000
201	0.0683687398	301	1.9501425000
201	0.0692884585	301	1.9497075000
201	0.0694801337	301	1.9489250000
201	0.0693714104	301	1.9494075000
201	0.0691716816	301	1.9491100000
201	0.0695832195	301	1.9495875000
201	0.0692876531	301	1.9491825000
201	0.0699077787	301	1.9493050000
201	0.0697587875	301	1.9491000000
201	0.0695952998	301	1.9491925000
201	0.0697507339	301	1.9490150000
201	0.0696097963	301	1.9489775000
201	0.0701324736	301	1.9490250000
201	0.0701050914	301	1.9491025000
201	0.0702226737	301	1.9490375000
201	0.0702291165	301	1.9490225000
201	0.0702742166	301	1.9493825000
201	0.0703901881	301	1.9488625000
201	0.0701413325	301	1.9494000000
201	0.0698956983	301	1.9496975000
201	0.0705359579	301	1.9491925000
201	0.0711472245	301	1.9489200000
201	0.0705262936	301	1.9492225000
201	0.0705955544	301	1.9488825000
201	0.0709338047	301	1.9491475000
201	0.0708500475	301	1.9493975000
201	0.0710304477	301	1.9491375000
201	0.0710666887	301	1.9492300000
201	0.0712712497	301	1.9491900000
201	0.0711915192	301	1.9490100000
201	0.0713082961	301	1.9492125000
201	0.0710699102	301	1.9493700000
201	0.0713791676	301	1.9490575000
201	0.0714830588	301	1.9490475000
201	0.0717536591	301	1.9489500000
201	0.0715901714	301	1.9492850000
201	0.0715482928	301	1.9489950000
201	0.0714782266	301	1.9488500000
201	0.0719066771	301	1.9494625000
201	0.0714073551	301	1.9490600000
201	0.0716980894	301	1.9490625000
201	0.0716900358	301	1.9490475000
201	0.0718873485	301	1.9490525000
201	0.0721047951	301	1.9491750000
201	0.0717947323	301	1.9494025000
201	0.0721386201	301	1.9494775000
201	0.0719018449	301	1.9491500000
201	0.0722183506	301	1.9492100000
201	0.0721603648	301	1.9488275000
201	0.0721458684	301	1.9489075000
201	0.0721813041	301	1.9491775000
201	0.0723906972	301	1.9495725000
201	0.0724849241	301	1.9490125000
201	0.0723383489	301	1.9490350000
201	0.0725292187	301	1.9490825000
201	0.0725549902	301	1.9491025000
201	0.0723464025	301	1.9493375000
201	0.0725566009	301	1.9492525000
201	0.0726105599	301	1.9489850000
201	0.0725823724	301	1.9489575000
201	0.0728867977	301	1.9495950000
201	0.0727442493	301	1.9492175000
201	0.0725098901	301	1.9496400000
201	0.0728110940	301	1.9497600000
201	0.0728650530	301	1.9491150000
201	0.0727788797	301	1.9491875000
201	0.0726838475	301	1.9490925000
201	0.0727732422	301	1.9492150000
201	0.0727200886	301	1.9492700000
201	0.0728199529	301	1.9495900000
201	0.0731743104	301	1.9496900000
201	0.0728900191	301	1.9491900000
201	0.0732854498	301	1.9495000000
201	0.0736124252	301	1.9492775000
201	0.0732242426	301	1.9490050000
201	0.0733619589	301	1.9490950000
201	0.0731171300	301	1.9490275000
201	0.0735455804	301	1.9492675000
201	0.0734529643	301	1.9493950000
201	0.0735367215	301	1.9493250000
201	0.0735922912	301	1.9488350000
201	0.0736671895	301	1.9489400000
201	0.0733700124	301	1.9491950000
201	0.0737356449	301	1.9492800000
201	0.0731992765	301	1.9495525000
201	0.0738403415	301	1.9489150000
201	0.0738443683	301	1.9490975000
201	0.0736188680	301	1.9490850000
201	0.0738298718	301	1.9493400000
201	0.0740279899	301	1.9492425000
201	0.0741777865	301	1.9488725000
201	0.0739651719	301	1.9494000000
201	0.0738153754	301	1.9490800000
201	0.0736051770	301	1.9493250000
201	0.0740924185	301	1.9491825000
201	0.0741520150	301	1.9495525000
201	0.0737855771	301	1.9494700000
201	0.0735657144	301	1.9495825000
201	0.0739144344	301	1.9501525000
201	0.0743010062	301	1.9493475000
201	0.0741093310	301	1.9490600000
201	0.0743267777	301	1.9490725000
201	0.0743815420	301	1.9493675000
201	0.0744274474	301	1.9493800000
201	0.0743968438	301	1.9492950000
201	0.0743018116	301	1.9491950000
201	0.0745450297	301	1.9492150000
201	0.0746875780	301	1.9492050000
201	0.0743622134	301	1.9495100000
201	0.0746408673	301	1.9492575000
201	0.0747391210	301	1.9492375000
201	0.0751385785	301	1.9489600000
201	0.0745418082	301	1.9489925000
201	0.0750209962	301	1.9494450000
201	0.0749638158	301	1.9492850000
201	0.0746891887	301	1.9491725000
201	0.0746255655	301	1.9491000000
201	0.0747592549	301	1.9491625000
201	0.0748067710	301	1.9492675000
201	0.0749114675	301	1.9496525000
201	0.0746730816	301	1.9496950000
201	0.0747632817	301	1.9495300000
201	0.0750266337	301	1.9496750000
201	0.0749332122	301	1.9492975000
201	0.0752352214	301	1.9493575000
201	0.0744443599	301	1.9490775000
201	0.0746360351	301	1.9491825000
201	0.0738427576	301	1.9505425000
201	0.0743565759	301	1.9509050000
201	0.0744185885	301	1.9501175000
201	0.0744942921	301	1.9503350000
201	0.0741471829	301	1.9501625000
201	0.0743364420	301	1.9517475000
201	0.0742148329	301	1.9509750000
201	0.0745965726	301	1.9506925000
201	0.0742736240	301	1.9503625000
201	0.0745635529	301	1.9506250000
201	0.0746956316	301	1.9502775000
201	0.0743509384	301	1.9505475000
201	0.0745522779	301	1.9500875000
201	0.0748083817	301	1.9505700000
201	0.0745852976	301	1.9499900000
201	0.0747197924	301	1.9495425000
201	0.0748921390	301	1.9502975000
201	0.0745095939	301	1.9503000000
201	0.0752593822	301	1.9502200000
201	0.0753640787	301	1.9492525000
201	0.0752464965	301	1.9496725000
201	0.0754881038	301	1.9490475000
201	0.0754526681	301	1.9494025000
201	0.0753842127	301	1.9492425000
201	0.0754196484	301	1.9494550000
201	0.0755396468	301	1.9491575000
201	0.0755992433	301	1.9490500000
201	0.0756548130	301	1.9489600000
201	0.0755702504	301	1.9490475000
201	0.0756789737	301	1.9493700000
201	0.0759310507	301	1.9496550000
201	0.0756306522	301	1.9491550000
201	0.0759213864	301	1.9489625000
201	0.0758609846	301	1.9491500000
201	0.0755493111	301	1.9492125000
201	0.0755621968	301	1.9492275000
201	0.0758174953	301	1.9490800000
201	0.0755275664	301	1.9495050000
201	0.0760889009	301	1.9494450000
201	0.0757417916	301	1.9492850000
201	0.0759133329	301	1.9492850000
201	0.0761106456	301	1.9491150000
201	0.0758714542	301	1.9494475000
201	0.0757595095	301	1.9496475000
201	0.0760115865	301	1.9493750000
201	0.0757796434	301	1.9495150000
201	0.0762757439	301	1.9495375000
201	0.0762749386	301	1.9496250000
201	0.0760719884	301	1.9489950000
201	0.0762080939	301	1.9490275000
201	0.0759181650	301	1.9492025000
201	0.0760824580	301	1.9494500000
201	0.0762918511	301	1.9491450000
201	0.0764513120	301	1.9488725000
201	0.0759777615	301	1.9492825000
201	0.0761710474	301	1.9496300000
201	0.0761307795	301	1.9493375000
201	0.0763965476	301	1.9492300000
201	0.0762080939	301	1.9491450000
201	0.0762467511	301	1.9490450000
201	0.0760309151	301	1.9491450000
201	0.0764875531	301	1.9496725000
201	0.0762113153	301	1.9491325000
201	0.0762443350	301	1.9494025000
201	0.0763224547	301	1.9492150000
201	0.0759632651	301	1.9494300000
201	0.0762942672	301	1.9495125000
201	0.0763305083	301	1.9492625000
201	0.0762443350	301	1.9494875000
201	0.0761436652	301	1.9490275000
201	0.0762644689	301	1.9494225000
201	0.0760856795	301	1.9495050000
201	0.0761493027	301	1.9501300000
201	0.0763208440	301	1.9493775000
201	0.0763160118	301	1.9490925000
201	0.0763152065	301	1.9494450000
201	0.0763377565	301	1.9492200000
201	0.0764448691	301	1.9493550000
201	0.0765101031	301	1.9489625000
201	0.0759753454	301	1.9491925000
201	0.0766220479	301	1.9490250000
201	0.0764295673	301	1.9490650000
201	0.0763643333	301	1.9492775000
201	0.0766397658	301	1.9491725000
201	0.0766325175	301	1.9489700000
201	0.0765181567	301	1.9491850000
201	0.0766147996	301	1.9496300000
201	0.0763095690	301	1.9492750000
201	0.0764102387	301	1.9493575000
201	0.0765962764	301	1.9491125000
201	0.0764013798	301	1.9490075000
201	0.0763796351	301	1.9493125000
201	0.0764609763	301	1.9490100000
201	0.0766220479	301	1.9491350000
201	0.0762717172	301	1.9490700000
201	0.0763417833	301	1.9494925000
201	0.0763272869	301	1.9493800000
201	0.0765036603	301	1.9495950000
201	0.0765407067	301	1.9493225000
201	0.0766639265	301	1.9494075000
201	0.0764875531	301	1.9492850000
201	0.0769007017	301	1.9491100000
201	0.0763917155	301	1.9493850000
201	0.0765350692	301	1.9493675000
201	0.0766373497	301	1.9492900000
201	0.0767565427	301	1.9495150000
201	0.0767605695	301	1.9490075000
201	0.0765632568	301	1.9493925000
201	0.0768435213	301	1.9493325000
201	0.0766784229	301	1.9492100000
201	0.0770504983	301	1.9491300000
201	0.0767710391	301	1.9491300000
201	0.0768346624	301	1.9492950000
201	0.0768370785	301	1.9492325000
201	0.0770271429	301	1.9494175000
201	0.0769965393	301	1.9488875000
201	0.0767009730	301	1.9496750000
201	0.0768717089	301	1.9493200000
201	0.0765173513	301	1.9501175000
201	0.0767436569	301	1.9500200000
201	0.0769063392	301	1.9495450000
201	0.0768886214	301	1.9489725000
201	0.0771914360	301	1.9493925000
201	0.0769546607	301	1.9494225000
201	0.0772896896	301	1.9495050000
201	0.0768411053	301	1.9491300000
201	0.0769449964	301	1.9494475000
201	0.0768402999	301	1.9490500000
201	0.0767573480	301	1.9493100000
201	0.0770400287	301	1.9490625000
201	0.0769562714	301	1.9491375000
201	0.0770392233	301	1.9492975000
201	0.0769651304	301	1.9490825000
201	0.0769812375	301	1.9490900000
201	0.0765479549	301	1.9491375000
201	0.0771809663	301	1.9491025000
201	0.0772131806	301	1.9489250000
201	0.0769675465	301	1.9490475000
201	0.0770053983	301	1.9489700000
201	0.0769570768	301	1.9496600000
201	0.0770682162	301	1.9492900000
201	0.0774257951	301	1.9488775000
201	0.0768290249	301	1.9489725000
201	0.0766099675	301	1.9488375000
201	0.0760035329	301	1.9501400000
201	0.0761420545	301	1.9507350000
201	0.0764408423	301	1.9497950000
201	0.0767162748	301	1.9500550000
201	0.0756435379	301	1.9507225000
201	0.0756958862	301	1.9515125000
201	0.0760462169	301	1.9511175000
201	0.0762056778	301	1.9503575000
201	0.0763780244	301	1.9506125000
201	0.0761976242	301	1.9498575000
201	0.0762346707	301	1.9505425000
201	0.0763377565	301	1.9503025000
201	0.0765914443	301	1.9502750000
201	0.0764231245	301	1.9503175000
201	0.0767194962	301	1.9497925000
201	0.0764577548	301	1.9496350000
201	0.0762040671	301	1.9510400000
201	0.0768298302	301	1.9501475000
201	0.0761106456	301	1.9503200000
201	0.0770504983	301	1.9494825000
201	0.0772494217	301	1.9493525000
201	0.0773694201	301	1.9489400000
201	0.0769079500	301	1.9492900000
201	0.0770118411	301	1.9497275000
201	0.0770931823	301	1.9493950000
201	0.0772147914	301	1.9492850000
201	0.0773275415	301	1.9498050000
201	0.0768717088	301	1.9493275000
201	0.0772904950	301	1.9492775000
201	0.0768805678	301	1.9490225000
201	0.0770094251	301	1.9497025000
201	0.0772784146	301	1.9494600000
201	0.0770569412	301	1.9490625000
201	0.0773380111	301	1.9490600000
201	0.0772953272	301	1.9491250000
201	0.0770327804	301	1.9489425000
201	0.0773468701	301	1.9496325000
201	0.0773235147	301	1.9493825000
201	0.0769852643	301	1.9491450000
201	0.0774064666	301	1.9489725000
201	0.0771962681	301	1.9489750000
201	0.0774241844	301	1.9489475000
201	0.0768990910	301	1.9493850000
201	0.0773484808	301	1.9491300000
201	0.0773790844	301	1.9489950000
201	0.0773082129	301	1.9491100000
201	0.0772574753	301	1.9490625000
201	0.0773492861	301	1.9490450000
201	0.0769490232	301	1.9488975000
201	0.0772913004	301	1.9489825000
201	0.0774201576	301	1.9492925000
201	0.0772590861	301	1.9488775000
201	0.0774427077	301	1.9491925000
201	0.0773243200	301	1.9490325000
201	0.0770762698	301	1.9494250000
201	0.0770794912	301	1.9497850000
201	0.0772631128	301	1.9493875000
201	0.0771745235	301	1.9492475000
201	0.0773154611	301	1.9494250000
201	0.0773581451	301	1.9490100000
201	0.0771374770	301	1.9491925000
201	0.0773758629	301	1.9489450000
201	0.0770827126	301	1.9489375000
201	0.0775224381	301	1.9493150000
201	0.0774870023	301	1.9494300000
201	0.0775514310	301	1.9490050000
201	0.0771479466	301	1.9493275000
201	0.0775023041	301	1.9492850000
201	0.0773049915	301	1.9493100000
201	0.0771970735	301	1.9491750000
201	0.0775498203	301	1.9494275000
201	0.0772429789	301	1.9492325000
201	0.0773782790	301	1.9489025000
201	0.0772478110	301	1.9490075000
201	0.0772325092	301	1.9490525000
201	0.0771060680	301	1.9489950000
201	0.0771592216	301	1.9488350000
201	0.0772115699	301	1.9490425000
201	0.0771068734	301	1.9491925000
201	0.0770400287	301	1.9492075000
201	0.0773847219	301	1.9494625000
201	0.0772558646	301	1.9491100000
201	0.0773202932	301	1.9490425000
201	0.0772590860	301	1.9491725000
201	0.0772671396	301	1.9493000000
201	0.0770062036	301	1.9494025000
201	0.0773863326	301	1.9490000000
201	0.0772445896	301	1.9489050000
201	0.0772832468	301	1.9492575000
201	0.0772244556	301	1.9493700000
201	0.0773372058	301	1.9490800000
201	0.0771342556	301	1.9493825000
201	0.0772494217	301	1.9494150000
201	0.0774410970	301	1.9491725000
201	0.0776835097	301	1.9491825000
201	0.0771713020	301	1.9496450000
201	0.0773798897	301	1.9491975000
201	0.0773017700	301	1.9489975000
201	0.0770287537	301	1.9498000000
201	0.0766510408	301	1.9497825000
201	0.0765898335	301	1.9500575000
201	0.0768878160	301	1.9503950000
201	0.0768475481	301	1.9500200000
201	0.0768040588	301	1.9501150000
201	0.0772687503	301	1.9498375000
201	0.0773412326	301	1.9492325000
201	0.0774185469	301	1.9490825000
201	0.0774193523	301	1.9489050000
201	0.0774845863	301	1.9489950000
201	0.0774837809	301	1.9489475000
201	0.0771970735	301	1.9490000000
201	0.0775159952	301	1.9494975000
201	0.0777479383	301	1.9492225000
201	0.0774362648	301	1.9489350000
201	0.0776867311	301	1.9493525000
201	0.0771318395	301	1.9494100000
201	0.0774338487	301	1.9491825000
201	0.0775530417	301	1.9496975000
201	0.0776633758	301	1.9493175000
201	0.0777205562	301	1.9489950000
201	0.0773533129	301	1.9492150000
201	0.0774910292	301	1.9492525000
201	0.0773935808	301	1.9491475000
201	0.0773694201	301	1.9489850000
201	0.0773911648	301	1.9489250000
201	0.0770609680	301	1.9499700000
201	0.0770215054	301	1.9500975000
201	0.0774032451	301	1.9492275000
201	0.0772679450	301	1.9494500000
201	0.0776158596	301	1.9491750000
201	0.0773661987	301	1.9493125000
201	0.0773758629	301	1.9495250000
201	0.0774547880	301	1.9495125000
201	0.0776239132	301	1.9494925000
201	0.0778784063	301	1.9491225000
201	0.0775031095	301	1.9495675000
201	0.0775602899	301	1.9491250000
201	0.0776649865	301	1.9490975000
201	0.0777455223	301	1.9491725000
201	0.0775401560	301	1.9495125000
201	0.0778606885	301	1.9490800000
201	0.0772534485	301	1.9492350000
201	0.0774169362	301	1.9496400000
201	0.0778590777	301	1.9494400000
201	0.0771270073	301	1.9501950000
201	0.0768290249	301	1.9508225000
201	0.0770279483	301	1.9504625000
201	0.0769063392	301	1.9502425000
201	0.0770843234	301	1.9502925000
201	0.0762580261	301	1.9507825000
201	0.0764086280	301	1.9510850000
201	0.0764158763	301	1.9510175000
201	0.0767573480	301	1.9507375000
201	0.0766309068	301	1.9506975000
201	0.0768990910	301	1.9504975000
201	0.0768032534	301	1.9502025000
201	0.0766292961	301	1.9500925000
201	0.0766840604	301	1.9509900000
201	0.0769981501	301	1.9507675000
201	0.0771439199	301	1.9498525000
201	0.0769272785	301	1.9500300000
201	0.0768539910	301	1.9503675000
201	0.0768274142	301	1.9503300000
201	0.0769441911	301	1.9507425000
201	0.0774918345	301	1.9497200000
201	0.0776972008	301	1.9491075000
201	0.0775538471	301	1.9490700000
201	0.0772711664	301	1.9494500000
201	0.0772582807	301	1.9501700000
201	0.0767758713	301	1.9508875000
201	0.0766703694	301	1.9504175000
201	0.0774161308	301	1.9508975000
201	0.0761758796	301	1.9516625000
201	0.0772977432	301	1.9505000000
201	0.0773170718	301	1.9495625000
201	0.0771898253	301	1.9495550000
201	0.0773895540	301	1.9497275000
201	0.0771479466	301	1.9498575000
201	0.0773452593	301	1.9512425000
201	0.0774096880	301	1.9495475000
201	0.0774580095	301	1.9494750000
201	0.0770674108	301	1.9495275000
201	0.0773114343	301	1.9496325000
201	0.0771076788	301	1.9500700000
201	0.0774596202	301	1.9500300000
201	0.0773001593	301	1.9496150000
201	0.0772993539	301	1.9497500000
201	0.0772631128	301	1.9497750000
201	0.0769788215	301	1.9495525000
201	0.0770690216	301	1.9503450000
201	0.0772743878	301	1.9498025000
201	0.0772904950	301	1.9494650000
201	0.0773420379	301	1.9498975000
201	0.0772035163	301	1.9494475000
201	0.0773500915	301	1.9495700000
201	0.0770722430	301	1.9498675000
201	0.0774410970	301	1.9498150000
201	0.0773927755	301	1.9494550000
201	0.0772631128	301	1.9497650000
201	0.0771471413	301	1.9497000000
201	0.0774926399	301	1.9494200000
201	0.0774652577	301	1.9497600000
201	0.0771777449	301	1.9497200000
201	0.0772606968	301	1.9495175000
201	0.0772518378	301	1.9495925000
201	0.0773283468	301	1.9496400000
201	0.0773412325	301	1.9496150000
201	0.0771270073	301	1.9495200000
201	0.0773742522	301	1.9495150000
201	0.0771117055	301	1.9503975000
201	0.0771785503	301	1.9502100000
201	0.0770319751	301	1.9491100000
201	0.0776214971	301	1.9494375000
201	0.0772260664	301	1.9497075000
201	0.0773847219	301	1.9490475000
201	0.0774765327	301	1.9490875000
201	0.0771680806	301	1.9494850000
201	0.0773444540	301	1.9498225000
201	0.0770915716	301	1.9505475000
201	0.0777261937	301	1.9499475000
201	0.0773573397	301	1.9498150000
201	0.0776279400	301	1.9492150000
201	0.0777479383	301	1.9490575000
201	0.0771503627	301	1.9494300000
201	0.0772413682	301	1.9494475000
201	0.0769602982	301	1.9502525000
201	0.0774596202	301	1.9504850000
201	0.0774604255	301	1.9496750000
201	0.0776786776	301	1.9496750000
201	0.0773911647	301	1.9493400000
201	0.0774266005	301	1.9493250000
201	0.0770223108	301	1.9495300000
201	0.0775594846	301	1.9495150000
201	0.0774555934	301	1.9491475000
201	0.0772470057	301	1.9496475000
201	0.0774596202	301	1.9498100000
201	0.0771245913	301	1.9496925000
201	0.0775876721	301	1.9491400000
201	0.0776287454	301	1.9490725000
201	0.0776504900	301	1.9493600000
201	0.0775643167	301	1.9494825000
201	0.0776674025	301	1.9494975000
201	0.0778550509	301	1.9496125000
201	0.0772453950	301	1.9491150000
201	0.0776899526	301	1.9497525000
201	0.0774499559	301	1.9493825000
201	0.0777551866	301	1.9495650000
201	0.0776569329	301	1.9490325000
201	0.0772381467	301	1.9490225000
201	0.0775739810	301	1.9494000000
201	0.0777865955	301	1.9489500000
201	0.0779275332	301	1.9490475000
201	0.0784566534	301	1.9490800000
201	0.0777366633	301	1.9490700000
201	0.0777898169	301	1.9489750000
201	0.0776794829	301	1.9491325000
201	0.0775981418	301	1.9497875000
201	0.0772615021	301	1.9492825000
201	0.0771439199	301	1.9495800000
201	0.0770714376	301	1.9499375000
201	0.0774829756	301	1.9501750000
201	0.0775925043	301	1.9493175000
201	0.0772832468	301	1.9491700000
201	0.0782118246	301	1.9492075000
201	0.0776657918	301	1.9489100000
201	0.0777640455	301	1.9488600000
201	0.0777849848	301	1.9489975000
201	0.0775143845	301	1.9490100000
201	0.0776512954	301	1.9491850000
201	0.0778912921	301	1.9489200000
201	0.0767396302	301	1.9491500000
201	0.0654050228	301	1.9490850000
201	0.0525273517	301	1.9490225000
201	0.0398856523	301	1.9494375000
201	0.0283601801	301	1.9490600000
201	0.0170722896	301	1.9495175000
201	0.0069344505	301	1.9494325000
201	-0.0036841861	301	1.9490775000
201	-0.0140821541	301	1.9491750000
201	-0.0243351571	301	1.9491175000
201	-0.0348845311	301	1.9488625000
201	-0.0450312261	301	1.9488575000
201	-0.0546496064	301	1.9488075000
201	-0.0645683848	301	1.9489975000
201	-0.0732348328	301	1.9490700000
201	-0.0820349699	301	1.9487525000
201	-0.0907585982	301	1.9491150000
201	-0.0990835748	301	1.9490300000
201	-0.1069825175	301	1.9491225000
201	-0.1151327319	301	1.9490050000
201	-0.1227200018	301	1.9499650000
201	-0.1286587057	301	1.9509400000
201	-0.1348156616	301	1.9500050000
201	-0.1405385301	301	1.9498350000
201	-0.1328844150	301	-2.0493650000
201	-0.1175737695	301	-2.0480225000
201	-0.1027656676	301	-2.0483450000
201	-0.0879003858	301	-2.0488775000
201	-0.0733580524	301	-2.0486400000
201	-0.0592530278	301	-2.0489200000
201	-0.0441783528	301	-2.0489425000
201	-0.0302013790	301	-2.0493850000
201	-0.0160931311	301	-2.0492775000
201	-0.0029392306	301	-2.0493300000
201	-0.0041706219	301	-1.0495475000
201	-0.0154456239	301	1.9499350000
201	-0.0263743216	301	1.9503725000
201	-0.0372708044	301	1.9499800000
201	-0.0470639475	301	1.9502875000
201	-0.0570535975	301	1.9492800000
201	-0.0674145169	301	1.9491925000
201	-0.0765786755	301	1.9493975000
201	-0.0857380019	301	1.9488475000
201	-0.0946847142	301	1.9491625000
201	-0.1031917015	301	1.9490125000
201	-0.1110825908	301	1.9490325000
201	-0.1189557623	301	1.9489550000
201	-0.1260203555	301	1.9493100000
201	-0.1321362381	301	1.9491975000
201	-0.1382102423	301	1.9492350000
201	-0.1431358072	301	1.9490475000
201	-0.1475741311	301	1.9490125000
201	-0.1508245532	301	1.9490575000
201	-0.1543882592	301	1.9489225000
201	-0.1572400295	301	1.9489200000
201	-0.1595135533	301	1.9490600000
201	-0.1606499125	301	1.9495100000
201	-0.1624257255	301	1.9489350000
201	-0.1639961723	301	1.9489300000
201	-0.1652017923	301	1.9489850000
201	-0.1657019192	301	1.9495650000
201	-0.1663921105	301	1.9491400000
201	-0.1659080907	301	1.9488925000
201	-0.1661239265	301	1.9489000000
201	-0.1593903337	301	1.9491075000
201	-0.1450654433	301	-2.0503150000
201	-0.1314218863	301	-2.0498350000
201	-0.1166298909	301	-2.0497950000
201	-0.1028204319	301	-2.0503500000
201	-0.0895288179	301	-2.0502075000
201	-0.0758828469	301	-2.0506500000
201	-0.0621571456	301	-2.0503175000
201	-0.0486295618	301	-2.0503275000
201	-0.0356351240	301	-2.0503900000
201	-0.0138566541	301	1.9493600000
201	-0.0244777054	301	1.9493950000
201	-0.0348418472	301	1.9491475000
201	-0.0447670689	301	1.9492975000
201	-0.0544031672	301	1.9492950000
201	-0.0640328223	301	1.9488575000
201	-0.0734877149	301	1.9491900000
201	-0.0826349610	301	1.9492375000
201	-0.0916106660	301	1.9490125000
201	-0.0997190015	301	1.9489875000
201	-0.1075148586	301	1.9490150000
201	-0.1147791801	301	1.9491075000
201	-0.1218550482	301	1.9488925000
201	-0.1294825861	301	1.9488900000
201	-0.1353850491	301	1.9488200000
201	-0.1414526106	301	1.9487875000
201	-0.1468195114	301	1.9488200000
201	-0.1513440086	301	1.9493775000
201	-0.1556357577	301	1.9497700000
201	-0.1586099423	301	1.9493975000
201	-0.1608375608	301	1.9492500000
201	-0.1629290738	301	1.9489600000
201	-0.1645462314	301	1.9487675000
201	-0.1663615069	301	1.9490925000
201	-0.1677169234	301	1.9492600000
201	-0.1686189237	301	1.9488375000
201	-0.1695072329	301	1.9493500000
201	-0.1702707117	301	1.9489250000
201	-0.1708819780	301	1.9491550000
201	-0.1716051890	301	1.9493725000
201	-0.1642079814	301	-1.8496550000
201	-0.1485276742	301	-2.0503750000
201	-0.1330374329	301	-2.0503250000
201	-0.1183235570	301	-2.0503400000
201	-0.1040945069	301	-2.0502850000
201	-0.0900160589	301	-2.0503025000
201	-0.0753859416	301	-2.0501325000
201	-0.0612454813	301	-2.0501625000
201	-0.0477364207	301	-2.0505650000
201	-0.0338770292	301	-2.0502725000
201	-0.0197430102	301	1.9492400000
201	-0.0307151969	301	1.9491625000
201	-0.0411204117	301	1.9492325000
201	-0.0507379868	301	1.9491825000
201	-0.0608275010	301	1.9489825000
201	-0.0700923293	301	1.9489625000
201	-0.0791364897	301	1.9489275000
201	-0.0875879072	301	1.9488225000
201	-0.0960344927	301	1.9492525000
201	-0.1040171926	301	1.9490500000
201	-0.1114329211	301	1.9490550000
201	-0.1185353659	301	1.9493425000
201	-0.1253253323	301	1.9491950000
201	-0.1311488702	301	1.9491300000
201	-0.1369643547	301	1.9492800000
201	-0.1417071035	301	1.9491100000
201	-0.1465400524	301	1.9492225000
201	-0.1502946281	301	1.9494525000
201	-0.1534757894	301	1.9497350000
201	-0.1561834007	301	1.9492400000
201	-0.1584923602	301	1.9492100000
201	-0.1607739375	301	1.9494325000
201	-0.1624160612	301	1.9494525000
201	-0.1642683831	301	1.9492225000
201	-0.1655480960	301	1.9490350000
201	-0.1665499606	301	1.9491075000
201	-0.1676065895	301	1.9497700000
201	-0.1684369129	301	1.9492700000
201	-0.1689909988	301	1.9495950000
201	-0.1693534097	301	1.9491825000
201	-0.1596625444	301	-2.0500650000
201	-0.1451153754	301	-2.0500125000
201	-0.1309990738	301	-2.0500650000
201	-0.1167200909	301	-2.0498500000
201	-0.1026263408	301	-2.0501300000
201	-0.0883368894	301	-2.0499325000
201	-0.0742890452	301	-2.0495300000
201	-0.0605375724	301	-2.0500950000
201	-0.0469077082	301	-2.0504900000
201	-0.0336700525	301	-2.0499325000
201	-0.0255923198	301	-2.0500825000
201	-0.0250970251	301	-2.0498875000
201	-0.0244712625	301	-2.0499950000
201	-0.0234017481	301	-2.0501225000
201	-0.0224465945	301	-2.0503175000
201	-0.0223161266	301	-2.0500100000
201	-0.0212917122	301	-2.0495175000
201	-0.0206538693	301	-2.0500975000
201	-0.0194353638	301	-2.0495625000
201	-0.0193814048	301	-2.0502225000
201	-0.0191301334	301	-2.0494175000
201	-0.0181935029	301	-2.0481250000
201	-0.0173664010	301	-2.0496475000
201	-0.0161100437	301	-2.0495500000
201	-0.0157838740	301	-2.0491100000
201	-0.0157307204	301	-2.0485150000
201	-0.0146910042	301	-2.0483575000
201	-0.0134636397	301	-2.0484725000
201	-0.0123900985	301	-2.0487650000
201	-0.0121839270	301	-2.0491075000
201	-0.0117659466	301	-2.0488275000
201	-0.0105047571	301	-2.0491100000
201	-0.0099031552	301	-2.0493250000
201	-0.0090623622	301	-2.0491475000
201	-0.0081080138	301	-2.0495650000
201	-0.0072156779	301	-2.0494800000
201	-0.0069668225	301	-2.0498500000
201	-0.0058127455	301	-2.0488775000
201	-0.0052997329	301	-2.0488150000
201	-0.0043832363	301	-2.0492925000
201	-0.0035601611	301	-2.0498575000
201	-0.0029142645	301	-2.0498850000
201	-0.0023046091	301	-2.0499950000
201	-0.0014710642	301	-2.0496375000
201	-0.0008171141	301	-2.0500800000
201	-0.0001526943	301	-2.0498700000
201	0.0005737380	301	-2.0495275000
201	0.0011680918	301	-2.0499000000
201	0.0015619115	301	-2.0498300000
201	0.0029052476	301	-2.0498250000
201	0.0026201511	301	-2.0494100000
201	0.0034987959	301	-2.0497825000
201	0.0043822730	301	-2.0497400000
201	0.0049371642	301	-2.0497400000
201	0.0057054751	301	-2.0497450000
201	0.0065277450	301	-2.0496700000
201	0.0069795505	301	-2.0497925000
201	0.0076729632	301	-2.0496725000
201	0.0078912150	301	-2.0496400000
201	0.0087086528	301	-2.0499775000
201	0.0093311941	301	-2.0494850000
201	0.0099094406	301	-2.0496500000
201	0.0103894337	301	-2.0502550000
201	0.0106906373	301	-2.0489000000
201	0.0116828377	301	-2.0498500000
201	0.0124551754	301	-2.0502175000
201	0.0126138308	301	-2.0498750000
201	0.0133450954	301	-2.0495875000
201	0.0137228080	301	-2.0499875000
201	0.0141415938	301	-2.0496700000
201	0.0150613120	301	-2.0500200000
201	0.0156411694	301	-2.0500025000
201	0.0159302927	301	-2.0502200000
201	0.0164876000	301	-2.0494450000
201	0.0169700091	301	-2.0497975000
201	0.0173114807	301	-2.0500575000
201	0.0180822078	301	-2.0501475000
201	0.0184430079	301	-2.0500200000
201	0.0192137350	301	-2.0498575000
201	0.0193611154	301	-2.0496375000
201	0.0203057997	301	-2.0495950000
201	0.0205755945	301	-2.0499825000
201	0.0212657858	301	-2.0502625000
201	0.0217989325	301	-2.0500650000
201	0.0221895309	301	-2.0498650000
201	0.0228354276	301	-2.0495525000
201	0.0229248222	301	-2.0502800000
201	0.0238042726	301	-2.0499325000
201	0.0238719226	301	-2.0504350000
201	0.0247481516	301	-2.0496800000
201	0.0247924463	301	-2.0500400000
201	0.0256614270	301	-2.0504125000
201	0.0261679969	301	-2.0504325000
201	0.0263153773	301	-2.0502800000
201	0.0267406061	301	-2.0497400000
201	0.0270466419	301	-2.0501375000
201	0.0281258210	301	-2.0503425000
201	0.0283094425	301	-2.0505025000
201	0.0287064838	301	-2.0502700000
201	0.0292033894	301	-2.0501475000
201	0.0296882146	301	-2.0501625000
201	0.0298372058	301	-2.0501050000
201	0.0302696827	301	-2.0502225000
201	0.0304130364	301	-2.0497200000
201	0.0310621546	301	-2.0501925000
201	0.0314978530	301	-2.0498775000
201	0.0320817372	301	-2.0501400000
201	0.0322959623	301	-2.0501300000
201	0.0327445465	301	-2.0501525000
201	0.0329917913	301	-2.0500050000
201	0.0333235986	301	-2.0500525000
201	0.0338647989	301	-2.0500400000
201	0.0342199616	301	-2.0501400000
201	0.0347345850	301	-2.0503475000
201	0.0353063889	301	-2.0499775000
201	0.0351074656	301	-2.0502225000
201	0.0356832963	301	-2.0497700000
201	0.0363928163	301	-2.0502100000
201	0.0366537522	301	-2.0501300000
201	0.0368003272	301	-2.0499450000
201	0.0374132044	301	-2.0499950000
201	0.0380582958	301	-2.0501375000
201	0.0375911884	301	-2.0502550000
201	0.0382684942	301	-2.0503900000
201	0.0385519801	301	-2.0503150000
201	0.0383764121	301	-2.0502475000
201	0.0389304981	301	-2.0492425000
201	0.0394588127	301	-2.0499575000
201	0.0400088720	301	-2.0504050000
201	0.0403769204	301	-2.0501925000
201	0.0404083293	301	-2.0497025000
201	0.0408867118	301	-2.0503600000
201	0.0414118050	301	-2.0502925000
201	0.0415857622	301	-2.0500975000
201	0.0419264285	301	-2.0501700000
201	0.0424321931	301	-2.0500650000
201	0.0425513860	301	-2.0495825000
201	0.0427229272	301	-2.0498250000
201	0.0431457399	301	-2.0496900000
201	0.0433245293	301	-2.0503650000
201	0.0435202312	301	-2.0502325000
201	0.0441435781	301	-2.0494125000
201	0.0440090833	301	-2.0499650000
201	0.0441717656	301	-2.0496525000
201	0.0450616858	301	-2.0502250000
201	0.0450286661	301	-2.0500000000
201	0.0454595325	301	-2.0503525000
201	0.0459258346	301	-2.0501450000
201	0.0462012669	301	-2.0500625000
201	0.0461932133	301	-2.0502400000
201	0.0464960278	301	-2.0493425000
201	0.0467408566	301	-2.0500650000
201	0.0464219349	301	-2.0497025000
201	0.0469381692	301	-2.0495100000
201	0.0475131945	301	-2.0495700000
201	0.0478208412	301	-2.0496125000
201	0.0479674163	301	-2.0500600000
201	0.0482001647	301	-2.0497575000
201	0.0486640507	301	-2.0495750000
201	0.0495080656	301	-2.0499725000
201	0.0498012158	301	-2.0497250000
201	0.0495821585	301	-2.0498075000
201	0.0496377282	301	-2.0497775000
201	0.0499179926	301	-2.0497850000
201	0.0501418821	301	-2.0499850000
201	0.0494524959	301	-2.0487425000
201	0.0497528943	301	-2.0485875000
201	0.0505429502	301	-2.0487775000
201	0.0508119397	301	-2.0494225000
201	0.0510688488	301	-2.0490225000
201	0.0501861767	301	-2.0488050000
201	0.0510616006	301	-2.0469600000
201	0.0511856257	301	-2.0484125000
201	0.0521359478	301	-2.0489375000
201	0.0517389064	301	-2.0487000000
201	0.0521053442	301	-2.0486425000
201	0.0525950017	301	-2.0489825000
201	0.0525764785	301	-2.0488050000
201	0.0527810394	301	-2.0488950000
201	0.0531772754	301	-2.0486825000
201	0.0534470702	301	-2.0489500000
201	0.0537313615	301	-2.0492800000
201	0.0538964598	301	-2.0490450000
201	0.0538271990	301	-2.0495450000
201	0.0545036995	301	-2.0483625000
201	0.0551310732	301	-2.0501775000
201	0.0551987233	301	-2.0499725000
201	0.0555611343	301	-2.0498700000
201	0.0559855578	301	-2.0498500000
201	0.0560975026	301	-2.0499850000
201	0.0561868973	301	-2.0500575000
201	0.0562883724	301	-2.0499475000
201	0.0565468922	301	-2.0495925000
201	0.0566556155	301	-2.0500425000
201	0.0568480960	301	-2.0499650000
201	0.0569842015	301	-2.0499875000
201	0.0574319804	301	-2.0500275000
201	0.0576792252	301	-2.0499775000
201	0.0576880842	301	-2.0501400000
201	0.0580859309	301	-2.0499400000
201	0.0582397543	301	-2.0500150000
201	0.0585474009	301	-2.0501550000
201	0.0584483419	301	-2.0499775000
201	0.0586094135	301	-2.0501300000
201	0.0592770551	301	-2.0494850000
201	0.0590451120	301	-2.0499950000
201	0.0591216210	301	-2.0494100000
201	0.0596402714	301	-2.0501950000
201	0.0595202731	301	-2.0496875000
201	0.0596507411	301	-2.0496900000
201	0.0600059039	301	-2.0499575000
201	0.0596958411	301	-2.0491425000
201	0.0604061667	301	-2.0500150000
201	0.0605865669	301	-2.0500250000
201	0.0606960955	301	-2.0498300000
201	0.0607355581	301	-2.0497225000
201	0.0609441457	301	-2.0495750000
201	0.0608305903	301	-2.0500850000
201	0.0612832014	301	-2.0500725000
201	0.0614603801	301	-2.0500375000
201	0.0618042679	301	-2.0500475000
201	0.0621119146	301	-2.0500200000
201	0.0618598376	301	-2.0498575000
201	0.0620482913	301	-2.0494425000
201	0.0621529878	301	-2.0502225000
201	0.0623583541	301	-2.0499775000
201	0.0624469434	301	-2.0494900000
201	0.0625025131	301	-2.0497200000
201	0.0622520469	301	-2.0490025000
201	0.0630098885	301	-2.0500500000
201	0.0634230371	301	-2.0496650000
201	0.0628665349	301	-2.0493350000
201	0.0642428914	301	-2.0496350000
201	0.0635172640	301	-2.0501775000
201	0.0629293528	301	-2.0493150000
201	0.0632233084	301	-2.0485200000
201	0.0636437052	301	-2.0490775000
201	0.0635841087	301	-2.0488750000
201	0.0636420945	301	-2.0486325000
201	0.0650353635	301	-2.0496000000
201	0.0642565825	301	-2.0498200000
201	0.0647792597	301	-2.0499750000
201	0.0643822183	301	-2.0498900000
201	0.0651312011	301	-2.0494600000
201	0.0647969776	301	-2.0496450000
201	0.0653599227	301	-2.0498650000
201	0.0651448922	301	-2.0497225000
201	0.0652648905	301	-2.0496125000
201	0.0658085071	301	-2.0500350000
201	0.0655435443	301	-2.0500750000
201	0.0661515895	301	-2.0499150000
201	0.0654235460	301	-2.0498000000
201	0.0661081002	301	-2.0499400000
201	0.0660154840	301	-2.0492575000
201	0.0657319981	301	-2.0494350000
201	0.0662530646	301	-2.0490975000
201	0.0660404501	301	-2.0499600000
201	0.0666074221	301	-2.0498450000
201	0.0668152044	301	-2.0500900000
201	0.0665719863	301	-2.0490000000
201	0.0668007080	301	-2.0486900000
201	0.0671107708	301	-2.0501000000
201	0.0675376104	301	-2.0495075000
201	0.0671228511	301	-2.0496000000
201	0.0674635175	301	-2.0498150000
201	0.0675939855	301	-2.0497075000
201	0.0676817695	301	-2.0501250000
201	0.0679201554	301	-2.0499975000
201	0.0681182735	301	-2.0498000000
201	0.0679845840	301	-2.0499450000
201	0.0678758607	301	-2.0498350000
201	0.0679660608	301	-2.0499850000
201	0.0681214949	301	-2.0501425000
201	0.0685298113	301	-2.0500000000
201	0.0686860508	301	-2.0494925000
201	0.0687021579	301	-2.0498000000
201	0.0689969189	301	-2.0499850000
201	0.0690307440	301	-2.0498275000
201	0.0688398741	301	-2.0497800000
201	0.0693649675	301	-2.0498725000
201	0.0693520818	301	-2.0499675000
201	0.0693255049	301	-2.0499525000
201	0.0696210713	301	-2.0502525000
201	0.0696605338	301	-2.0497600000
201	0.0694261747	301	-2.0498900000
201	0.0694012086	301	-2.0500700000
201	0.0699166376	301	-2.0499225000
201	0.0698924769	301	-2.0500450000
201	0.0697225464	301	-2.0501250000
201	0.0700036163	301	-2.0497300000
201	0.0703233434	301	-2.0499350000
201	0.0706986402	301	-2.0497425000
201	0.0702363647	301	-2.0500800000
201	0.0702629416	301	-2.0500750000
201	0.0706172990	301	-2.0499125000
201	0.0707421295	301	-2.0497725000
201	0.0704771667	301	-2.0501425000
201	0.0709869583	301	-2.0500650000
201	0.0708782350	301	-2.0499975000
201	0.0709877637	301	-2.0500625000
201	0.0709329993	301	-2.0494300000
201	0.0712342032	301	-2.0500850000
201	0.0710827959	301	-2.0502550000
201	0.0712019889	301	-2.0495500000
201	0.0714113819	301	-2.0500150000
201	0.0711729960	301	-2.0496825000
201	0.0712108478	301	-2.0494025000
201	0.0713952748	301	-2.0493925000
201	0.0717448001	301	-2.0500025000
201	0.0714919177	301	-2.0493550000
