,Device 1,Device 2,Device 3,Device 4,Device 5
0000,-477.20981900000004,-388.3972797800001,-417.77088408000003,-172.61671794,-280.06451144
0001,-417.95708870000004,-35.33778561999999,-412.50736786,-26.93774942,-89.54057614
0010,-162.89927608000002,-319.23974342,-239.14893003999998,-114.15680012,-137.06067544
0011,-101.97899483999998,186.4686323,-42.048021680000005,132.09335786,113.3782743
0100,-237.91528144,-380.10351678000006,-332.49435658,-160.74864932000003,-222.08081656
0101,-162.53461006,47.866748779999995,-125.8923038,67.29777514,53.56771294
0110,-31.514755339999997,-191.09145854,-25.0488637,-44.175131359999995,-80.0354293
0111,174.57443791999998,302.93478718,345.5655898,279.07527533999996,188.08627583999998
1000,-328.9441627,-395.50329844,-399.98094332,-171.44717786,-265.09579715999996
1001,-229.76264257999998,9.308805999999999,-203.94013437999996,18.879350900000002,-7.998646159999999
1010,-56.41607672,-264.83743863999996,-76.606863,-74.98696768,-97.52263166
1011,95.31859850000001,266.10799198,273.40748723999997,234.66927304,164.0049013
1100,-133.61938416,-352.60626973999996,-169.8551478,-122.10744709999999,-167.47467202
1101,-7.40106992,169.90415819999998,150.42429216,158.50687584,87.23972752
1110,73.55863488,-143.91297808000002,192.37289146,16.409643359999997,-50.489292539999994
1111,460.57976922000006,293.15126435999997,420.4327197400001,290.36677060000005,195.41311654
