,block_1,block_2,block_3,block_4,block_5,block_6,block_7,block_8
1,66.06412,69.03904,68.61751999999998,66.89292,67.69936,68.88764,67.62708,65.56204
2,64.21372000000001,66.58172,68.2236,65.99816,63.21640000000001,67.6132,67.90119999999999,66.22252
3,14.910359999999997,14.55856,14.161000000000001,14.877040000000001,15.64904,15.050080000000001,12.665600000000001,12.2934
4,62.03436,64.90684,61.423280000000005,61.1642,61.602320000000006,62.8412,64.0524,63.74340000000001
5,10.74512,10.51472,11.35428,11.643719999999998,10.89552,9.66412,9.4056,9.33464
6,17.099719999999998,17.58104,15.944999999999997,13.25356,15.8932,15.710599999999998,15.00676,17.421999999999997
7,-28.814640000000004,-31.200760000000002,-30.30556,-30.28272,-32.500479999999996,-32.58868,-32.93852,-32.89524
8,53.94548,54.70063999999999,58.743120000000005,59.4978,58.4546,60.68956,59.56756,56.75004
9,7.216239999999999,5.1526,5.849239999999999,5.51304,6.69192,10.65644,13.0808,6.86772
10,10.13824,10.677600000000002,11.387839999999999,10.791039999999999,10.28672,9.37632,9.731760000000001,9.384
11,-39.08408,-39.93936,-39.32639999999999,-38.803,-38.967600000000004,-39.435,-39.326440000000005,-39.0
12,2.3373999999999993,4.190440000000001,3.8522,7.13632,7.614800000000002,6.810600000000001,5.67964,6.502720000000001
13,-42.189080000000004,-41.996359999999996,-42.435599999999994,-43.622,-43.795680000000004,-43.58516,-42.7124,-42.714800000000004
14,-41.264759999999995,-41.75824,-40.47127999999999,-41.17176,-40.318760000000005,-41.75008,-42.77828,-42.189440000000005
