device,internal_id,cycle,mask,predicted_mask,correct
Device 1,C2D1,1,0000,0000,True
Device 1,C2D1,1,0001,0001,True
Device 1,C2D1,1,0010,1100,False
Device 1,C2D1,1,0011,0011,True
Device 1,C2D1,1,0100,1001,False
Device 1,C2D1,1,0101,0101,True
Device 1,C2D1,1,0110,0110,True
Device 1,C2D1,1,0111,0111,True
Device 1,C2D1,1,1000,1000,True
Device 1,C2D1,1,1001,1001,True
Device 1,C2D1,1,1010,0110,False
Device 1,C2D1,1,1011,1011,True
Device 1,C2D1,1,1100,1100,True
Device 1,C2D1,1,1101,1101,True
Device 1,C2D1,1,1110,1011,False
Device 1,C2D1,1,1111,1111,True
Device 1,C2D1,2,0000,0000,True
Device 1,C2D1,2,0001,0001,True
Device 1,C2D1,2,0010,0101,False
Device 1,C2D1,2,0011,0011,True
Device 1,C2D1,2,0100,0100,True
Device 1,C2D1,2,0101,0101,True
Device 1,C2D1,2,0110,1101,False
Device 1,C2D1,2,0111,0111,True
Device 1,C2D1,2,1000,1000,True
Device 1,C2D1,2,1001,1001,True
Device 1,C2D1,2,1010,1010,True
Device 1,C2D1,2,1011,1011,True
Device 1,C2D1,2,1100,1100,True
Device 1,C2D1,2,1101,1101,True
Device 1,C2D1,2,1110,1011,False
Device 1,C2D1,2,1111,1111,True
Device 1,C2D1,3,0000,0000,True
Device 1,C2D1,3,0001,0001,True
Device 1,C2D1,3,0010,0101,False
Device 1,C2D1,3,0011,0011,True
Device 1,C2D1,3,0100,1001,False
Device 1,C2D1,3,0101,0010,False
Device 1,C2D1,3,0110,0110,True
Device 1,C2D1,3,0111,0111,True
Device 1,C2D1,3,1000,1000,True
Device 1,C2D1,3,1001,1001,True
Device 1,C2D1,3,1010,1010,True
Device 1,C2D1,3,1011,1110,False
Device 1,C2D1,3,1100,1100,True
Device 1,C2D1,3,1101,1101,True
Device 1,C2D1,3,1110,1110,True
Device 1,C2D1,3,1111,1111,True
Device 1,C2D1,4,0000,0000,True
Device 1,C2D1,4,0001,0001,True
Device 1,C2D1,4,0010,0010,True
Device 1,C2D1,4,0011,0011,True
Device 1,C2D1,4,0100,0100,True
Device 1,C2D1,4,0101,0010,False
Device 1,C2D1,4,0110,0110,True
Device 1,C2D1,4,0111,0111,True
Device 1,C2D1,4,1000,1000,True
Device 1,C2D1,4,1001,0100,False
Device 1,C2D1,4,1010,1010,True
Device 1,C2D1,4,1011,1011,True
Device 1,C2D1,4,1100,1100,True
Device 1,C2D1,4,1101,1101,True
Device 1,C2D1,4,1110,1101,False
Device 1,C2D1,4,1111,1111,True
Device 1,C2D1,5,0000,0000,True
Device 1,C2D1,5,0001,0001,True
Device 1,C2D1,5,0010,0101,False
Device 1,C2D1,5,0011,1100,False
Device 1,C2D1,5,0100,1001,False
Device 1,C2D1,5,0101,0010,False
Device 1,C2D1,5,0110,1010,False
Device 1,C2D1,5,0111,0111,True
Device 1,C2D1,5,1000,1000,True
Device 1,C2D1,5,1001,0100,False
Device 1,C2D1,5,1010,1010,True
Device 1,C2D1,5,1011,1011,True
Device 1,C2D1,5,1100,1100,True
Device 1,C2D1,5,1101,1010,False
Device 1,C2D1,5,1110,1110,True
Device 1,C2D1,5,1111,1111,True
Device 2,C2D4,1,0000,1000,False
Device 2,C2D4,1,0001,0001,True
Device 2,C2D4,1,0010,0010,True
Device 2,C2D4,1,0011,1101,False
Device 2,C2D4,1,0100,0100,True
Device 2,C2D4,1,0101,1001,False
Device 2,C2D4,1,0110,0110,True
Device 2,C2D4,1,0111,1111,False
Device 2,C2D4,1,1000,1000,True
Device 2,C2D4,1,1001,0001,False
Device 2,C2D4,1,1010,1010,True
Device 2,C2D4,1,1011,0111,False
Device 2,C2D4,1,1100,1100,True
Device 2,C2D4,1,1101,1101,True
Device 2,C2D4,1,1110,1110,True
Device 2,C2D4,1,1111,1011,False
Device 2,C2D4,2,0000,0000,True
Device 2,C2D4,2,0001,0001,True
Device 2,C2D4,2,0010,0010,True
Device 2,C2D4,2,0011,1101,False
Device 2,C2D4,2,0100,0100,True
Device 2,C2D4,2,0101,0101,True
Device 2,C2D4,2,0110,0110,True
Device 2,C2D4,2,0111,0111,True
Device 2,C2D4,2,1000,1000,True
Device 2,C2D4,2,1001,1001,True
Device 2,C2D4,2,1010,1010,True
Device 2,C2D4,2,1011,1111,False
Device 2,C2D4,2,1100,1100,True
Device 2,C2D4,2,1101,1101,True
Device 2,C2D4,2,1110,1110,True
Device 2,C2D4,2,1111,0111,False
Device 2,C2D4,3,0000,1000,False
Device 2,C2D4,3,0001,0001,True
Device 2,C2D4,3,0010,0010,True
Device 2,C2D4,3,0011,0011,True
Device 2,C2D4,3,0100,0100,True
Device 2,C2D4,3,0101,0101,True
Device 2,C2D4,3,0110,0110,True
Device 2,C2D4,3,0111,0111,True
Device 2,C2D4,3,1000,1000,True
Device 2,C2D4,3,1001,1001,True
Device 2,C2D4,3,1010,1010,True
Device 2,C2D4,3,1011,1011,True
Device 2,C2D4,3,1100,1100,True
Device 2,C2D4,3,1101,1101,True
Device 2,C2D4,3,1110,1110,True
Device 2,C2D4,3,1111,0111,False
Device 2,C2D4,4,0000,0100,False
Device 2,C2D4,4,0001,0001,True
Device 2,C2D4,4,0010,0010,True
Device 2,C2D4,4,0011,0011,True
Device 2,C2D4,4,0100,0100,True
Device 2,C2D4,4,0101,0101,True
Device 2,C2D4,4,0110,0110,True
Device 2,C2D4,4,0111,1011,False
Device 2,C2D4,4,1000,1000,True
Device 2,C2D4,4,1001,1001,True
Device 2,C2D4,4,1010,1010,True
Device 2,C2D4,4,1011,1011,True
Device 2,C2D4,4,1100,1100,True
Device 2,C2D4,4,1101,1101,True
Device 2,C2D4,4,1110,1110,True
Device 2,C2D4,4,1111,1011,False
Device 2,C2D4,5,0000,0100,False
Device 2,C2D4,5,0001,0001,True
Device 2,C2D4,5,0010,0010,True
Device 2,C2D4,5,0011,0011,True
Device 2,C2D4,5,0100,0100,True
Device 2,C2D4,5,0101,0101,True
Device 2,C2D4,5,0110,0110,True
Device 2,C2D4,5,0111,1011,False
Device 2,C2D4,5,1000,0000,False
Device 2,C2D4,5,1001,0101,False
Device 2,C2D4,5,1010,1010,True
Device 2,C2D4,5,1011,1011,True
Device 2,C2D4,5,1100,1100,True
Device 2,C2D4,5,1101,1101,True
Device 2,C2D4,5,1110,0110,False
Device 2,C2D4,5,1111,1011,False
Device 3,C4D1,1,0000,0000,True
Device 3,C4D1,1,0001,0001,True
Device 3,C4D1,1,0010,1001,False
Device 3,C4D1,1,0011,0011,True
Device 3,C4D1,1,0100,0010,False
Device 3,C4D1,1,0101,0101,True
Device 3,C4D1,1,0110,1010,False
Device 3,C4D1,1,0111,0111,True
Device 3,C4D1,1,1000,1000,True
Device 3,C4D1,1,1001,1001,True
Device 3,C4D1,1,1010,1010,True
Device 3,C4D1,1,1011,1110,False
Device 3,C4D1,1,1100,1100,True
Device 3,C4D1,1,1101,1101,True
Device 3,C4D1,1,1110,1101,False
Device 3,C4D1,1,1111,1111,True
Device 3,C4D1,2,0000,0000,True
Device 3,C4D1,2,0001,0000,False
Device 3,C4D1,2,0010,0010,True
Device 3,C4D1,2,0011,1010,False
Device 3,C4D1,2,0100,0100,True
Device 3,C4D1,2,0101,0101,True
Device 3,C4D1,2,0110,0110,True
Device 3,C4D1,2,0111,1011,False
Device 3,C4D1,2,1000,1000,True
Device 3,C4D1,2,1001,0010,False
Device 3,C4D1,2,1010,1010,True
Device 3,C4D1,2,1011,1011,True
Device 3,C4D1,2,1100,1100,True
Device 3,C4D1,2,1101,1101,True
Device 3,C4D1,2,1110,1110,True
Device 3,C4D1,2,1111,1111,True
Device 3,C4D1,3,0000,0001,False
Device 3,C4D1,3,0001,1000,False
Device 3,C4D1,3,0010,0010,True
Device 3,C4D1,3,0011,0110,False
Device 3,C4D1,3,0100,0100,True
Device 3,C4D1,3,0101,0101,True
Device 3,C4D1,3,0110,0110,True
Device 3,C4D1,3,0111,0111,True
Device 3,C4D1,3,1000,1000,True
Device 3,C4D1,3,1001,1100,False
Device 3,C4D1,3,1010,1010,True
Device 3,C4D1,3,1011,1011,True
Device 3,C4D1,3,1100,1100,True
Device 3,C4D1,3,1101,1101,True
Device 3,C4D1,3,1110,1101,False
Device 3,C4D1,3,1111,1111,True
Device 3,C4D1,4,0000,0000,True
Device 3,C4D1,4,0001,1000,False
Device 3,C4D1,4,0010,0010,True
Device 3,C4D1,4,0011,0110,False
Device 3,C4D1,4,0100,0100,True
Device 3,C4D1,4,0101,0101,True
Device 3,C4D1,4,0110,0110,True
Device 3,C4D1,4,0111,1111,False
Device 3,C4D1,4,1000,1000,True
Device 3,C4D1,4,1001,0010,False
Device 3,C4D1,4,1010,1010,True
Device 3,C4D1,4,1011,1011,True
Device 3,C4D1,4,1100,1001,False
Device 3,C4D1,4,1101,1101,True
Device 3,C4D1,4,1110,1110,True
Device 3,C4D1,4,1111,1111,True
Device 3,C4D1,5,0000,0000,True
Device 3,C4D1,5,0001,0000,False
Device 3,C4D1,5,0010,0010,True
Device 3,C4D1,5,0011,0011,True
Device 3,C4D1,5,0100,1000,False
Device 3,C4D1,5,0101,0101,True
Device 3,C4D1,5,0110,0110,True
Device 3,C4D1,5,0111,1111,False
Device 3,C4D1,5,1000,0001,False
Device 3,C4D1,5,1001,1001,True
Device 3,C4D1,5,1010,1010,True
Device 3,C4D1,5,1011,0111,False
Device 3,C4D1,5,1100,1100,True
Device 3,C4D1,5,1101,1101,True
Device 3,C4D1,5,1110,1110,True
Device 3,C4D1,5,1111,1111,True
Device 4,C4D3,1,0000,0000,True
Device 4,C4D3,1,0001,0001,True
Device 4,C4D3,1,0010,0010,True
Device 4,C4D3,1,0011,0011,True
Device 4,C4D3,1,0100,0100,True
Device 4,C4D3,1,0101,0101,True
Device 4,C4D3,1,0110,0110,True
Device 4,C4D3,1,0111,0111,True
Device 4,C4D3,1,1000,1000,True
Device 4,C4D3,1,1001,1110,False
Device 4,C4D3,1,1010,1010,True
Device 4,C4D3,1,1011,1011,True
Device 4,C4D3,1,1100,1100,True
Device 4,C4D3,1,1101,1101,True
Device 4,C4D3,1,1110,1001,False
Device 4,C4D3,1,1111,1111,True
Device 4,C4D3,2,0000,1000,False
Device 4,C4D3,2,0001,0001,True
Device 4,C4D3,2,0010,0010,True
Device 4,C4D3,2,0011,0011,True
Device 4,C4D3,2,0100,0100,True
Device 4,C4D3,2,0101,0101,True
Device 4,C4D3,2,0110,0110,True
Device 4,C4D3,2,0111,0111,True
Device 4,C4D3,2,1000,1000,True
Device 4,C4D3,2,1001,1001,True
Device 4,C4D3,2,1010,1010,True
Device 4,C4D3,2,1011,1011,True
Device 4,C4D3,2,1100,1100,True
Device 4,C4D3,2,1101,1101,True
Device 4,C4D3,2,1110,1110,True
Device 4,C4D3,2,1111,1111,True
Device 4,C4D3,3,0000,1000,False
Device 4,C4D3,3,0001,0001,True
Device 4,C4D3,3,0010,0010,True
Device 4,C4D3,3,0011,0011,True
Device 4,C4D3,3,0100,0100,True
Device 4,C4D3,3,0101,0101,True
Device 4,C4D3,3,0110,0110,True
Device 4,C4D3,3,0111,0111,True
Device 4,C4D3,3,1000,1000,True
Device 4,C4D3,3,1001,1001,True
Device 4,C4D3,3,1010,1010,True
Device 4,C4D3,3,1011,1011,True
Device 4,C4D3,3,1100,0010,False
Device 4,C4D3,3,1101,1101,True
Device 4,C4D3,3,1110,0101,False
Device 4,C4D3,3,1111,1111,True
Device 4,C4D3,4,0000,0000,True
Device 4,C4D3,4,0001,0001,True
Device 4,C4D3,4,0010,0010,True
Device 4,C4D3,4,0011,0011,True
Device 4,C4D3,4,0100,0100,True
Device 4,C4D3,4,0101,0101,True
Device 4,C4D3,4,0110,0110,True
Device 4,C4D3,4,0111,0111,True
Device 4,C4D3,4,1000,0000,False
Device 4,C4D3,4,1001,1001,True
Device 4,C4D3,4,1010,1010,True
Device 4,C4D3,4,1011,1011,True
Device 4,C4D3,4,1100,1100,True
Device 4,C4D3,4,1101,1101,True
Device 4,C4D3,4,1110,0001,False
Device 4,C4D3,4,1111,1111,True
Device 4,C4D3,5,0000,0000,True
Device 4,C4D3,5,0001,0110,False
Device 4,C4D3,5,0010,1100,False
Device 4,C4D3,5,0011,0011,True
Device 4,C4D3,5,0100,0100,True
Device 4,C4D3,5,0101,0101,True
Device 4,C4D3,5,0110,0110,True
Device 4,C4D3,5,0111,0111,True
Device 4,C4D3,5,1000,0000,False
Device 4,C4D3,5,1001,1110,False
Device 4,C4D3,5,1010,1010,True
Device 4,C4D3,5,1011,1011,True
Device 4,C4D3,5,1100,1100,True
Device 4,C4D3,5,1101,1101,True
Device 4,C4D3,5,1110,1001,False
Device 4,C4D3,5,1111,1111,True
Device 5,C4D4,1,0000,0000,True
Device 5,C4D4,1,0001,1010,False
Device 5,C4D4,1,0010,0010,True
Device 5,C4D4,1,0011,0011,True
Device 5,C4D4,1,0100,0100,True
Device 5,C4D4,1,0101,0101,True
Device 5,C4D4,1,0110,0110,True
Device 5,C4D4,1,0111,0111,True
Device 5,C4D4,1,1000,1000,True
Device 5,C4D4,1,1001,1001,True
Device 5,C4D4,1,1010,1010,True
Device 5,C4D4,1,1011,1011,True
Device 5,C4D4,1,1100,1100,True
Device 5,C4D4,1,1101,1101,True
Device 5,C4D4,1,1110,1110,True
Device 5,C4D4,1,1111,0111,False
Device 5,C4D4,2,0000,0000,True
Device 5,C4D4,2,0001,0110,False
Device 5,C4D4,2,0010,0010,True
Device 5,C4D4,2,0011,0011,True
Device 5,C4D4,2,0100,0100,True
Device 5,C4D4,2,0101,0101,True
Device 5,C4D4,2,0110,0110,True
Device 5,C4D4,2,0111,0111,True
Device 5,C4D4,2,1000,1000,True
Device 5,C4D4,2,1001,1001,True
Device 5,C4D4,2,1010,1010,True
Device 5,C4D4,2,1011,1011,True
Device 5,C4D4,2,1100,1100,True
Device 5,C4D4,2,1101,1101,True
Device 5,C4D4,2,1110,1110,True
Device 5,C4D4,2,1111,1111,True
Device 5,C4D4,3,0000,0000,True
Device 5,C4D4,3,0001,0110,False
Device 5,C4D4,3,0010,0010,True
Device 5,C4D4,3,0011,0011,True
Device 5,C4D4,3,0100,0100,True
Device 5,C4D4,3,0101,0101,True
Device 5,C4D4,3,0110,0001,False
Device 5,C4D4,3,0111,0111,True
Device 5,C4D4,3,1000,1000,True
Device 5,C4D4,3,1001,1001,True
Device 5,C4D4,3,1010,0001,False
Device 5,C4D4,3,1011,1011,True
Device 5,C4D4,3,1100,1100,True
Device 5,C4D4,3,1101,1101,True
Device 5,C4D4,3,1110,1110,True
Device 5,C4D4,3,1111,1111,True
Device 5,C4D4,4,0000,0000,True
Device 5,C4D4,4,0001,1010,False
Device 5,C4D4,4,0010,0010,True
Device 5,C4D4,4,0011,0011,True
Device 5,C4D4,4,0100,0100,True
Device 5,C4D4,4,0101,0101,True
Device 5,C4D4,4,0110,0110,True
Device 5,C4D4,4,0111,0111,True
Device 5,C4D4,4,1000,1000,True
Device 5,C4D4,4,1001,1001,True
Device 5,C4D4,4,1010,1010,True
Device 5,C4D4,4,1011,1011,True
Device 5,C4D4,4,1100,1100,True
Device 5,C4D4,4,1101,1101,True
Device 5,C4D4,4,1110,1110,True
Device 5,C4D4,4,1111,1111,True
Device 5,C4D4,5,0000,0000,True
Device 5,C4D4,5,0001,0001,True
Device 5,C4D4,5,0010,0010,True
Device 5,C4D4,5,0011,0011,True
Device 5,C4D4,5,0100,0100,True
Device 5,C4D4,5,0101,0101,True
Device 5,C4D4,5,0110,0110,True
Device 5,C4D4,5,0111,1111,False
Device 5,C4D4,5,1000,1000,True
Device 5,C4D4,5,1001,1001,True
Device 5,C4D4,5,1010,1010,True
Device 5,C4D4,5,1011,1011,True
Device 5,C4D4,5,1100,1100,True
Device 5,C4D4,5,1101,1101,True
Device 5,C4D4,5,1110,1110,True
Device 5,C4D4,5,1111,1111,True
