device,internal_id,mask_a,mask_b,mean_gap_mV,observed_range_overlap,standardized_gap
Device 1,C2D1,0000,0001,59.2527303,False,2.823040022659226
Device 1,C2D1,0000,0010,314.31054292000005,False,24.973239781270806
Device 1,C2D1,0000,0011,375.23082416000005,False,32.55075996669582
Device 1,C2D1,0000,0100,239.29453756000004,False,21.63724946323596
Device 1,C2D1,0000,0101,314.67520894,False,31.428353973502563
Device 1,C2D1,0000,0110,445.6950636600001,False,39.021452070356304
Device 1,C2D1,0000,0111,651.7842569200001,False,53.09105414219509
Device 1,C2D1,0000,1000,148.26565630000005,False,10.79689064114249
Device 1,C2D1,0000,1001,247.44717642000006,False,24.867085931493055
Device 1,C2D1,0000,1010,420.79374228000006,False,53.47183680846909
Device 1,C2D1,0000,1011,572.5284175,False,36.19590713947618
Device 1,C2D1,0000,1100,343.59043484,False,34.173098284426466
Device 1,C2D1,0000,1101,469.80874908000004,False,20.130295303760274
Device 1,C2D1,0000,1110,550.76845388,False,14.088036642192638
Device 1,C2D1,0000,1111,937.78958822,False,215.14731486880305
Device 1,C2D1,0001,0010,255.05781262000005,False,10.645139465266821
Device 1,C2D1,0001,0011,315.97809386000006,False,13.490990205054258
Device 1,C2D1,0001,0100,180.04180726000004,False,7.7622403604906
Device 1,C2D1,0001,0101,255.42247864,False,11.245137669708726
Device 1,C2D1,0001,0110,386.4423333600001,False,16.53615306245294
Device 1,C2D1,0001,0111,592.53152662,False,24.897248140063617
Device 1,C2D1,0001,1000,89.01292600000005,False,3.621126491252137
Device 1,C2D1,0001,1001,188.19444612000007,False,8.29528405743092
Device 1,C2D1,0001,1010,361.54101198000006,False,16.543315576657093
Device 1,C2D1,0001,1011,513.2756872000001,False,19.8909538031131
Device 1,C2D1,0001,1100,284.33770454,False,12.507948792397368
Device 1,C2D1,0001,1101,410.55601878000004,False,13.24816369870204
Device 1,C2D1,0001,1110,491.51572358000004,False,11.147577655028044
Device 1,C2D1,0001,1111,878.5368579200001,False,42.138243412845355
Device 1,C2D1,0010,0011,60.92028124000003,False,3.732245447465694
Device 1,C2D1,0010,0100,75.01600535999997,False,4.689825015604978
Device 1,C2D1,0010,0101,0.36466602000001513,True,0.02384941550015721
Device 1,C2D1,0010,0110,131.38452074,False,8.086112856315042
Device 1,C2D1,0010,0111,337.47371400000003,False,20.016096766499103
Device 1,C2D1,0010,1000,166.04488661999997,False,9.251590678552791
Device 1,C2D1,0010,1001,66.86336649999997,False,4.384470931736417
Device 1,C2D1,0010,1010,106.48319936000001,False,7.616174670676285
Device 1,C2D1,0010,1011,258.21787458,False,13.18161393393135
Device 1,C2D1,0010,1100,29.279891919999994,False,1.9114874207836927
Device 1,C2D1,0010,1101,155.49820616000002,False,5.9708769303061695
Device 1,C2D1,0010,1110,236.45791096000002,False,5.800232322626843
Device 1,C2D1,0010,1111,623.4790453,False,50.480426178101744
Device 1,C2D1,0011,0100,135.93628660000002,False,8.956846738603637
Device 1,C2D1,0011,0101,60.555615220000014,False,4.1960050701349685
Device 1,C2D1,0011,0110,70.46423949999999,False,4.5628918105922915
Device 1,C2D1,0011,0111,276.55343276,False,17.192712323537766
Device 1,C2D1,0011,1000,226.96516785999998,False,13.178726147491552
Device 1,C2D1,0011,1001,127.78364774,False,8.880640279026837
Device 1,C2D1,0011,1010,45.56291811999999,False,3.4949929513479994
Device 1,C2D1,0011,1011,197.29759334,False,10.424321781703446
Device 1,C2D1,0011,1100,31.640389320000033,False,2.1880008974917273
Device 1,C2D1,0011,1101,94.57792491999999,False,3.701953517655071
Device 1,C2D1,0011,1110,175.53762971999998,False,4.339323731506879
Device 1,C2D1,0011,1111,562.55876406,False,49.91414302279822
Device 1,C2D1,0100,0101,75.38067137999998,False,5.361132954396859
Device 1,C2D1,0100,0110,206.40052609999998,False,13.671964342200715
Device 1,C2D1,0100,0111,412.48971936,False,26.18422173886245
Device 1,C2D1,0100,1000,91.02888126,False,5.382410556663053
Device 1,C2D1,0100,1001,8.152638860000005,True,0.5816359918183589
Device 1,C2D1,0100,1010,181.49920471999997,False,14.37670509204545
Device 1,C2D1,0100,1011,333.23387993999995,False,17.872363011979548
Device 1,C2D1,0100,1100,104.29589727999996,False,7.401864712412768
Device 1,C2D1,0100,1101,230.51421151999998,False,9.096740204151397
Device 1,C2D1,0100,1110,311.47391632,False,7.7246940758802465
Device 1,C2D1,0100,1111,698.4950506600001,False,64.72819762141867
Device 1,C2D1,0101,0110,131.01985471999998,False,9.131963401602912
Device 1,C2D1,0101,0111,337.10904797999996,False,22.41879473748189
Device 1,C2D1,0101,1000,166.40955264,False,10.242477953133614
Device 1,C2D1,0101,1001,67.22803251999999,False,5.09057244136441
Device 1,C2D1,0101,1010,106.11853334,False,9.05580085829487
Device 1,C2D1,0101,1011,257.85320856,False,14.290305973843891
Device 1,C2D1,0101,1100,28.91522589999998,False,2.1765922241811717
Device 1,C2D1,0101,1101,155.13354014,False,6.229957080348179
Device 1,C2D1,0101,1110,236.09324494,False,5.895351626810543
Device 1,C2D1,0101,1111,623.11437928,False,64.13657204582583
Device 1,C2D1,0110,0111,206.08919326,False,12.872626835609434
Device 1,C2D1,0110,1000,297.42940736,False,17.341331763557058
Device 1,C2D1,0110,1001,198.24788723999998,False,13.85920300159631
Device 1,C2D1,0110,1010,24.901321380000002,True,1.9238921842337882
Device 1,C2D1,0110,1011,126.83335384,False,6.7241260360470765
Device 1,C2D1,0110,1100,102.10462882000002,False,7.102091548823518
Device 1,C2D1,0110,1101,24.11368542,True,0.9456137484432082
Device 1,C2D1,0110,1110,105.07339022000001,False,2.599362723477215
Device 1,C2D1,0110,1111,492.09452456,False,44.08528869255435
Device 1,C2D1,0111,1000,503.51860062,False,28.3955987496632
Device 1,C2D1,0111,1001,404.33708049999996,False,26.963174303432886
Device 1,C2D1,0111,1010,230.99051464,False,16.856267496279056
Device 1,C2D1,0111,1011,79.25583941999999,False,4.087026335151455
Device 1,C2D1,0111,1100,308.19382208,False,20.457795322154347
Device 1,C2D1,0111,1101,181.97550784,False,7.02749898713578
Device 1,C2D1,0111,1110,101.01580304,False,2.483633619993271
Device 1,C2D1,0111,1111,286.0053313000001,False,23.763076255511084
Device 1,C2D1,1000,1001,99.18152012,False,6.118890900633996
Device 1,C2D1,1000,1010,272.52808598,False,18.14260024301229
Device 1,C2D1,1000,1011,424.2627612,False,20.853677822684112
Device 1,C2D1,1000,1100,195.32477853999995,False,12.003080534325587
Device 1,C2D1,1000,1101,321.54309278,False,12.080949177145566
Device 1,C2D1,1000,1110,402.50279757999994,False,9.784842028742045
Device 1,C2D1,1000,1111,789.52393192,False,58.4087869128012
Device 1,C2D1,1001,1010,173.34656585999997,False,14.859579791197772
Device 1,C2D1,1001,1011,325.08124108,False,18.050264595769125
Device 1,C2D1,1001,1100,96.14325841999997,False,7.262555723871994
Device 1,C2D1,1001,1101,222.36157265999998,False,8.938623925535117
Device 1,C2D1,1001,1110,303.32127746,False,7.576973824013225
Device 1,C2D1,1001,1111,690.3424118,False,71.52427957326714
Device 1,C2D1,1010,1011,151.73467522,False,8.952529113071126
Device 1,C2D1,1010,1100,77.20330744000002,False,6.568170208812802
Device 1,C2D1,1010,1101,49.015006799999995,False,2.0321745975150405
Device 1,C2D1,1010,1110,129.9747116,False,3.2850089505496345
Device 1,C2D1,1010,1111,516.99584594,False,69.04434506681703
Device 1,C2D1,1011,1100,228.93798266000005,False,12.67144424793054
Device 1,C2D1,1011,1101,102.71966842,False,3.701725215347269
Device 1,C2D1,1011,1110,21.759963620000004,True,0.5196085207231613
Device 1,C2D1,1011,1111,365.26117072000005,False,23.367501427235414
Device 1,C2D1,1100,1101,126.21831424000001,False,5.065322783266625
Device 1,C2D1,1100,1110,207.17801904,False,5.171968603925774
Device 1,C2D1,1100,1111,594.1991533800001,False,60.88943642066256
Device 1,C2D1,1101,1110,80.9597048,True,1.7888767160869525
Device 1,C2D1,1101,1111,467.98083914000006,False,20.160713729948842
Device 1,C2D1,1110,1111,387.02113434000006,False,9.918596650382861
Device 2,C2D4,0000,0001,353.05949416000004,False,17.868181687267377
Device 2,C2D4,0000,0010,69.15753636000005,False,10.90440215504615
Device 2,C2D4,0000,0011,574.86591208,False,38.70048279091137
Device 2,C2D4,0000,0100,8.293763000000009,False,1.6676071659019287
Device 2,C2D4,0000,0101,436.26402856000004,False,19.504840332080384
Device 2,C2D4,0000,0110,197.30582124000006,False,14.068742955246126
Device 2,C2D4,0000,0111,691.33206696,False,18.91865768333058
Device 2,C2D4,0000,1000,7.106018659999935,True,1.5325024427199687
Device 2,C2D4,0000,1001,397.70608578,False,23.568381563833377
Device 2,C2D4,0000,1010,123.55984114000007,False,13.58936539732632
Device 2,C2D4,0000,1011,654.50527176,False,37.34802681652307
Device 2,C2D4,0000,1100,35.791010040000074,False,4.406893124341756
Device 2,C2D4,0000,1101,558.30143798,False,68.3904601515309
Device 2,C2D4,0000,1110,244.48430170000003,False,11.506307153522638
Device 2,C2D4,0000,1111,681.54854414,False,13.289529915692905
Device 2,C2D4,0001,0010,283.9019578,False,14.17327179448718
Device 2,C2D4,0001,0011,221.80641792,False,9.196874340685499
Device 2,C2D4,0001,0100,344.76573116000003,False,17.55391184669978
Device 2,C2D4,0001,0101,83.20453439999999,False,2.8351241589023157
Device 2,C2D4,0001,0110,155.75367291999999,False,6.595387954399614
Device 2,C2D4,0001,0111,338.2725728,False,8.213130434794982
Device 2,C2D4,0001,1000,360.16551282,False,18.41537183223744
Device 2,C2D4,0001,1001,44.646591619999995,False,1.756922192891316
Device 2,C2D4,0001,1010,229.49965301999998,False,10.895481044069736
Device 2,C2D4,0001,1011,301.44577760000004,False,11.662259760723
Device 2,C2D4,0001,1100,317.26848412,False,15.354234472611184
Device 2,C2D4,0001,1101,205.24194382,False,9.924784279984099
Device 2,C2D4,0001,1110,108.57519246000001,False,3.809114251954764
Device 2,C2D4,0001,1111,328.48904998,False,6.006255443899012
Device 2,C2D4,0010,0011,505.70837572000005,False,33.240205053639635
Device 2,C2D4,0010,0100,60.86377336000004,False,10.208620806943578
Device 2,C2D4,0010,0101,367.10649220000005,False,16.238386074872622
Device 2,C2D4,0010,0110,128.14828488,False,8.896306471773809
Device 2,C2D4,0010,0111,622.1745305999999,False,16.95762469276029
Device 2,C2D4,0010,1000,76.26355501999998,False,13.416625024013113
Device 2,C2D4,0010,1001,328.54854942000003,False,19.11067346408841
Device 2,C2D4,0010,1010,54.40230478000002,False,5.6267001958536484
Device 2,C2D4,0010,1011,585.3477354,False,32.82889941928639
Device 2,C2D4,0010,1100,33.36652631999998,False,3.8081470336305125
Device 2,C2D4,0010,1101,489.14390162,False,55.580243973828125
Device 2,C2D4,0010,1110,175.32676534,False,8.154456518976014
Device 2,C2D4,0010,1111,612.39100778,False,11.916561199754067
Device 2,C2D4,0011,0100,566.57214908,False,38.55298314230592
Device 2,C2D4,0011,0101,138.60188352,False,5.2706954268246236
Device 2,C2D4,0011,0110,377.56009084,False,19.169701227836264
Device 2,C2D4,0011,0111,116.46615488,False,2.9808507070068884
Device 2,C2D4,0011,1000,581.97193074,False,39.90080514871967
Device 2,C2D4,0011,1001,177.1598263,False,8.120225899953793
Device 2,C2D4,0011,1010,451.30607094,False,27.26903014161826
Device 2,C2D4,0011,1011,79.63935968000003,False,3.5674960098672313
Device 2,C2D4,0011,1100,539.07490204,False,33.61377695550824
Device 2,C2D4,0011,1101,16.564474100000005,True,1.031504910948546
Device 2,C2D4,0011,1110,330.38161038000004,False,13.031953665681023
Device 2,C2D4,0011,1111,106.68263206,False,2.008470220519114
Device 2,C2D4,0100,0101,427.9702655600001,False,19.224120665061868
Device 2,C2D4,0100,0110,189.01205824000004,False,13.640542392616204
Device 2,C2D4,0100,0111,683.0383039600001,False,18.724519054565725
Device 2,C2D4,0100,1000,15.399781659999945,False,3.75460110138085
Device 2,C2D4,0100,1001,389.41232278000007,False,23.268798702464224
Device 2,C2D4,0100,1010,115.26607814000006,False,13.051820749245396
Device 2,C2D4,0100,1011,646.21150876,False,37.158835068529804
Device 2,C2D4,0100,1100,27.49724704000006,False,3.5125325419471753
Device 2,C2D4,0100,1101,550.00767498,False,69.87127924356854
Device 2,C2D4,0100,1110,236.19053870000005,False,11.174010258448561
Device 2,C2D4,0100,1111,673.2547811400001,False,13.139499167476151
Device 2,C2D4,0101,0110,238.95820731999999,False,9.248671091368793
Device 2,C2D4,0101,0111,255.06803840000003,False,6.0016658441080075
Device 2,C2D4,0101,1000,443.37004721999995,False,19.981179758655504
Device 2,C2D4,0101,1001,38.55794277999999,True,1.402692393761941
Device 2,C2D4,0101,1010,312.7041874199999,False,13.291050310428906
Device 2,C2D4,0101,1011,218.2412432,False,7.824448269962133
Device 2,C2D4,0101,1100,400.4730185199999,False,17.284447226442058
Device 2,C2D4,0101,1101,122.03740941999999,False,5.263804538258855
Device 2,C2D4,0101,1110,191.77972686,False,6.314767112573754
Device 2,C2D4,0101,1111,245.28451558,False,4.404743220505986
Device 2,C2D4,0110,0111,494.02624571999996,False,12.74460290243216
Device 2,C2D4,0110,1000,204.4118399,False,14.877758450920247
Device 2,C2D4,0110,1001,200.40026454,False,9.425806169637134
Device 2,C2D4,0110,1010,73.7459801,False,4.66463900225868
Device 2,C2D4,0110,1011,457.19945051999997,False,20.991473803195767
Device 2,C2D4,0110,1100,161.5148112,False,10.575933626011334
Device 2,C2D4,0110,1101,360.99561673999995,False,23.603412121878517
Device 2,C2D4,0110,1110,47.178480459999975,False,1.8966579592022863
Device 2,C2D4,0110,1111,484.2427229,False,9.155605494726998
Device 2,C2D4,0111,1000,698.43808562,False,19.16999580471105
Device 2,C2D4,0111,1001,293.62598118,False,7.362121390919821
Device 2,C2D4,0111,1010,567.77222582,False,15.236503929414242
Device 2,C2D4,0111,1011,36.826795199999985,True,0.9169415538148991
Device 2,C2D4,0111,1100,655.54105692,False,17.69865292635089
Device 2,C2D4,0111,1101,133.03062898000002,False,3.590741406146978
Device 2,C2D4,0111,1110,446.84776526,False,10.659188561624731
Device 2,C2D4,0111,1111,9.783522820000002,True,0.1559428149068104
Device 2,C2D4,1000,1001,404.81210444,False,24.32989533290432
Device 2,C2D4,1000,1010,130.6658598,False,15.112262963605986
Device 2,C2D4,1000,1011,661.61129042,False,38.249460009535944
Device 2,C2D4,1000,1100,42.89702870000001,False,5.630324287438334
Device 2,C2D4,1000,1101,565.4074566400001,False,73.7791264312835
Device 2,C2D4,1000,1110,251.59032035999996,False,11.945883799146278
Device 2,C2D4,1000,1111,688.6545628,False,13.448334194758004
Device 2,C2D4,1001,1010,274.14624463999996,False,14.911379970348785
Device 2,C2D4,1001,1011,256.79918598,False,10.828125985453458
Device 2,C2D4,1001,1100,361.91507573999996,False,20.19075175507765
Device 2,C2D4,1001,1101,160.59535219999998,False,8.94991152685787
Device 2,C2D4,1001,1110,153.22178408000002,False,5.763276413544759
Device 2,C2D4,1001,1111,283.84245835999997,False,5.2840940628692445
Device 2,C2D4,1010,1011,530.94543062,False,27.9690436726589
Device 2,C2D4,1010,1100,87.7688311,False,8.038360443362844
Device 2,C2D4,1010,1101,434.74159683999994,False,39.702764243505506
Device 2,C2D4,1010,1110,120.92446055999997,False,5.3825075043337565
Device 2,C2D4,1010,1111,557.9887029999999,False,10.771718996639963
Device 2,C2D4,1011,1100,618.71426172,False,33.37556094275072
Device 2,C2D4,1011,1101,96.20383378000002,False,5.1844260060803355
Device 2,C2D4,1011,1110,410.02097006,False,15.184231197819265
Device 2,C2D4,1011,1111,27.043272379999983,True,0.5015063126738545
Device 2,C2D4,1100,1101,522.5104279399999,False,51.43725776790172
Device 2,C2D4,1100,1110,208.69329165999997,False,9.44692104280278
Device 2,C2D4,1100,1111,645.7575340999999,False,12.505056247067914
Device 2,C2D4,1101,1110,313.81713627999994,False,14.19565580436233
Device 2,C2D4,1101,1111,123.24710616000002,False,2.3863680034755594
Device 2,C2D4,1110,1111,437.06424244,False,7.9111724159207775
Device 3,C4D1,0000,0001,5.263516220000042,True,0.3923303278388532
Device 3,C4D1,0000,0010,178.62195404000002,False,9.569381771225842
Device 3,C4D1,0000,0011,375.7228624,False,20.39116675245054
Device 3,C4D1,0000,0100,85.27652750000003,False,2.465984252902391
Device 3,C4D1,0000,0101,291.87858028,False,48.645479206958846
Device 3,C4D1,0000,0110,392.72202038000006,False,15.59376440928901
Device 3,C4D1,0000,0111,763.3364738800001,False,11.668107029121373
Device 3,C4D1,0000,1000,17.78994076000001,False,2.6316753892195908
Device 3,C4D1,0000,1001,213.83074970000004,False,12.026646874245152
Device 3,C4D1,0000,1010,341.16402108,False,28.402533167097477
Device 3,C4D1,0000,1011,691.1783713199999,False,15.108980619608117
Device 3,C4D1,0000,1100,247.91573628000003,False,20.81676372153553
Device 3,C4D1,0000,1101,568.19517624,False,55.15870593456567
Device 3,C4D1,0000,1110,610.14377554,False,20.63334047115611
Device 3,C4D1,0000,1111,838.20360382,False,132.66730039350696
Device 3,C4D1,0001,0010,173.35843781999998,False,7.591529110901911
Device 3,C4D1,0001,0011,370.45934617999995,False,16.363161485822943
Device 3,C4D1,0001,0100,80.01301127999999,False,2.1625863397121114
Device 3,C4D1,0001,0101,286.61506405999995,False,19.822975839280687
Device 3,C4D1,0001,0110,387.45850416,False,13.636521648648184
Device 3,C4D1,0001,0111,758.07295766,False,11.360254990562051
Device 3,C4D1,0001,1000,12.526424539999969,True,0.846940630651262
Device 3,C4D1,0001,1001,208.56723348,False,9.430069195686869
Device 3,C4D1,0001,1010,335.90050486,False,18.856075532295144
Device 3,C4D1,0001,1011,685.9148551,False,14.409951076802678
Device 3,C4D1,0001,1100,242.65222006,False,13.674336270567407
Device 3,C4D1,0001,1101,562.93166002,False,33.69181081068379
Device 3,C4D1,0001,1110,604.88025932,False,18.68941567992905
Device 3,C4D1,0001,1111,832.9400876000001,False,57.07590521306552
Device 3,C4D1,0010,0011,197.10090836,False,7.552970505933063
Device 3,C4D1,0010,0100,93.34542654,False,2.3807207513940734
Device 3,C4D1,0010,0101,113.25662623999999,False,5.829272068007086
Device 3,C4D1,0010,0110,214.10006633999998,False,6.854073499575844
Device 3,C4D1,0010,0111,584.71451984,False,8.601199612800416
Device 3,C4D1,0010,1000,160.83201328,False,8.173657679189896
Device 3,C4D1,0010,1001,35.208795660000014,True,1.372996992554276
Device 3,C4D1,0010,1010,162.54206703999998,False,7.3748435715442024
Device 3,C4D1,0010,1011,512.5564172799999,False,10.38876246581021
Device 3,C4D1,0010,1100,69.29378223999998,False,3.1519418096219125
Device 3,C4D1,0010,1101,389.57322220000003,False,18.41392518417388
Device 3,C4D1,0010,1110,431.52182149999993,False,12.375179136236273
Device 3,C4D1,0010,1111,659.58164978,False,33.773629282947574
Device 3,C4D1,0011,0100,290.4463349,False,7.4292253811324125
Device 3,C4D1,0011,0101,83.84428211999999,False,4.367281750794877
Device 3,C4D1,0011,0110,16.999157980000007,True,0.546702929761291
Device 3,C4D1,0011,0111,387.61361148000003,False,5.707333396709533
Device 3,C4D1,0011,1000,357.93292164,False,18.403534333318223
Device 3,C4D1,0011,1001,161.89211269999998,False,6.356330516496767
Device 3,C4D1,0011,1010,34.55884131999999,True,1.5825821031499119
Device 3,C4D1,0011,1011,315.45550891999994,False,6.405552114020398
Device 3,C4D1,0011,1100,127.80712612,False,5.867857852580733
Device 3,C4D1,0011,1101,192.47231384000003,False,9.189499775711255
Device 3,C4D1,0011,1110,234.42091314,False,6.747489241768384
Device 3,C4D1,0011,1111,462.4807414200001,False,23.962712200572977
Device 3,C4D1,0100,0101,206.60205277999998,False,5.903109328333513
Device 3,C4D1,0100,0110,307.44549288,False,7.200345664020155
Device 3,C4D1,0100,0111,678.05994638,False,9.169006585036724
Device 3,C4D1,0100,1000,67.48658674000002,False,1.9206653559971651
Device 3,C4D1,0100,1001,128.55422220000003,False,3.313695933134727
Device 3,C4D1,0100,1010,255.88749357999995,False,7.008117199589021
Device 3,C4D1,0100,1011,605.9018438199998,False,10.576873119221833
Device 3,C4D1,0100,1100,162.63920878,False,4.4583747429772
Device 3,C4D1,0100,1101,482.91864874000004,False,13.419425283182449
Device 3,C4D1,0100,1110,524.8672480399999,False,11.554819219345207
Device 3,C4D1,0100,1111,752.92707632,False,21.478594755260698
Device 3,C4D1,0101,0110,100.84344009999998,False,3.9154698391426064
Device 3,C4D1,0101,0111,471.45789360000003,False,7.182202110819322
Device 3,C4D1,0101,1000,274.08863952,False,31.69944633588563
Device 3,C4D1,0101,1001,78.04783057999998,False,4.200831392365691
Device 3,C4D1,0101,1010,49.285440799999996,False,3.7433501734748966
Device 3,C4D1,0101,1011,399.29979103999995,False,8.668600275909862
Device 3,C4D1,0101,1100,43.962844000000004,False,3.3629117342161052
Device 3,C4D1,0101,1101,276.31659596000003,False,23.765921186650004
Device 3,C4D1,0101,1110,318.26519526,False,10.588298236821535
Device 3,C4D1,0101,1111,546.3250235400001,False,65.77781182738309
Device 3,C4D1,0110,0111,370.61445349999997,False,5.290605716060925
Device 3,C4D1,0110,1000,374.93207962,False,14.45233297753291
Device 3,C4D1,0110,1001,178.89127067999996,False,5.824127804814231
Device 3,C4D1,0110,1010,51.5579993,True,1.8560849747768
Device 3,C4D1,0110,1011,298.45635093999994,False,5.722597505657841
Device 3,C4D1,0110,1100,144.8062841,False,5.221305532234277
Device 3,C4D1,0110,1101,175.47315586000002,False,6.479313420120027
Device 3,C4D1,0110,1110,217.42175516,False,5.610522789698641
Device 3,C4D1,0110,1111,445.48158344000007,False,17.245966644947792
Device 3,C4D1,0111,1000,745.5465331199999,False,11.344919719179682
Device 3,C4D1,0111,1001,549.50572418,False,8.111672053249606
Device 3,C4D1,0111,1010,422.17245280000003,False,6.35207008254949
Device 3,C4D1,0111,1011,72.15810256000005,True,0.9044063059072844
Device 3,C4D1,0111,1100,515.4207375999999,False,7.757247216667458
Device 3,C4D1,0111,1101,195.14129764,False,2.9488936667442616
Device 3,C4D1,0111,1110,153.19269834000002,False,2.135233413131924
Device 3,C4D1,0111,1111,74.86712994000005,False,1.1400098360133255
Device 3,C4D1,1000,1001,196.04080894000003,False,10.406529922165541
Device 3,C4D1,1000,1010,323.37408032,False,23.9017400433766
Device 3,C4D1,1000,1011,673.38843056,False,14.58564281510801
Device 3,C4D1,1000,1100,230.12579552,False,17.124300148415013
Device 3,C4D1,1000,1101,550.40523548,False,45.7287268369802
Device 3,C4D1,1000,1110,592.35383478,False,19.602003777598416
Device 3,C4D1,1000,1111,820.4136630600001,False,92.49217748134662
Device 3,C4D1,1001,1010,127.33327137999997,False,5.979570456921057
Device 3,C4D1,1001,1011,477.3476216199999,False,9.739968271460981
Device 3,C4D1,1001,1100,34.08498657999998,True,1.604968263530689
Device 3,C4D1,1001,1101,354.36442654,False,17.38887373112462
Device 3,C4D1,1001,1110,396.31302583999997,False,11.519493860786284
Device 3,C4D1,1001,1111,624.3728541199999,False,33.4170665680017
Device 3,C4D1,1010,1011,350.01435023999994,False,7.411866370170847
Device 3,C4D1,1010,1100,93.2482848,False,5.580828072998525
Device 3,C4D1,1010,1101,227.03115516,False,14.550343503446111
Device 3,C4D1,1010,1110,268.97975446,False,8.456241724398602
Device 3,C4D1,1010,1111,497.03958274,False,37.331969114785714
Device 3,C4D1,1011,1100,443.26263503999996,False,9.391637333841341
Device 3,C4D1,1011,1101,122.98319507999997,False,2.6268564713153277
Device 3,C4D1,1011,1110,81.03459577999998,True,1.4893930694173265
Device 3,C4D1,1011,1111,147.0252325000001,False,3.188902810531693
Device 3,C4D1,1100,1101,320.27943996,False,20.630557647978343
Device 3,C4D1,1100,1110,362.22803926,False,11.401599937823521
Device 3,C4D1,1100,1111,590.2878675400001,False,44.6450127615514
Device 3,C4D1,1101,1110,41.9485993,True,1.3443913286591
Device 3,C4D1,1101,1111,270.0084275800001,False,22.894043851265543
Device 3,C4D1,1110,1111,228.05982828000006,False,7.570881896960212
Device 4,C4D3,0000,0001,145.67896852,False,16.63190640052628
Device 4,C4D3,0000,0010,58.45991782,False,11.163028796770524
Device 4,C4D3,0000,0011,304.71007579999997,False,37.69196882892148
Device 4,C4D3,0000,0100,11.868068619999978,False,2.6462200385102688
Device 4,C4D3,0000,0101,239.91449308,False,28.935497760357208
Device 4,C4D3,0000,0110,128.44158657999998,False,14.80895112616788
Device 4,C4D3,0000,0111,451.69199327999996,False,109.14350456471199
Device 4,C4D3,0000,1000,1.1695400799999756,True,0.30094288363139704
Device 4,C4D3,0000,1001,191.49606884,False,19.632710185850595
Device 4,C4D3,0000,1010,97.62975026,False,17.089564970586114
Device 4,C4D3,0000,1011,407.28599098,False,42.69999863646526
Device 4,C4D3,0000,1100,50.509270840000006,False,11.096466653863859
Device 4,C4D3,0000,1101,331.12359378,False,28.92194479289601
Device 4,C4D3,0000,1110,189.0263613,False,7.606322566892343
Device 4,C4D3,0000,1111,462.98348854000005,False,96.38260425288023
Device 4,C4D3,0001,0010,87.2190507,False,9.88253740757862
Device 4,C4D3,0001,0011,159.03110728,False,14.777140568949397
Device 4,C4D3,0001,0100,133.81089990000004,False,15.927631798756666
Device 4,C4D3,0001,0101,94.23552456,False,8.630873777710267
Device 4,C4D3,0001,0110,17.237381939999995,True,1.537517759241542
Device 4,C4D3,0001,0111,306.01302475999995,False,37.221176143748195
Device 4,C4D3,0001,1000,144.50942844000002,False,17.846338075864683
Device 4,C4D3,0001,1001,45.81710032,False,3.7969964003817602
Device 4,C4D3,0001,1010,48.049218259999996,False,5.2708561649861725
Device 4,C4D3,0001,1011,261.60702246,False,21.996617252563453
Device 4,C4D3,0001,1100,95.16969767999998,False,11.279913792348038
Device 4,C4D3,0001,1101,185.44462526,False,13.763398669914004
Device 4,C4D3,0001,1110,43.34739277999999,True,1.6771003693842836
Device 4,C4D3,0001,1111,317.30452002000004,False,37.00109739259541
Device 4,C4D3,0010,0011,246.25015797999998,False,30.19143069902383
Device 4,C4D3,0010,0100,46.59184920000002,False,10.098879034163257
Device 4,C4D3,0010,0101,181.45457526,False,21.700821159604434
Device 4,C4D3,0010,0110,69.98166876,False,8.006634828899553
Device 4,C4D3,0010,0111,393.23207546,False,91.92823776697927
Device 4,C4D3,0010,1000,57.290377740000025,False,14.201726829278762
Device 4,C4D3,0010,1001,133.03615102,False,13.556097890354584
Device 4,C4D3,0010,1010,39.16983243999999,False,6.736723337049063
Device 4,C4D3,0010,1011,348.82607316,False,36.338025519449495
Device 4,C4D3,0010,1100,7.9506469799999895,True,1.6993476297912486
Device 4,C4D3,0010,1101,272.66367596000003,False,23.710138175825303
Device 4,C4D3,0010,1110,130.56644347999998,False,5.248953865865004
Device 4,C4D3,0010,1111,404.52357072000007,False,82.15456156012031
Device 4,C4D3,0011,0100,292.84200718000005,False,38.05576045026868
Device 4,C4D3,0011,0101,64.79558272000001,False,6.239398311127405
Device 4,C4D3,0011,0110,176.26848922,False,16.48558495959615
Device 4,C4D3,0011,0111,146.98191747999996,False,19.601585968549657
Device 4,C4D3,0011,1000,303.54053572000004,False,41.22931903113492
Device 4,C4D3,0011,1001,113.21400696,False,9.771494085793162
Device 4,C4D3,0011,1010,207.08032554,False,24.44948740665922
Device 4,C4D3,0011,1011,102.57591518000001,False,8.99376398587176
Device 4,C4D3,0011,1100,254.20080495999997,False,32.86680838456965
Device 4,C4D3,0011,1101,26.413517979999995,False,2.024774188411274
Device 4,C4D3,0011,1110,115.68371450000001,False,4.514341891235832
Device 4,C4D3,0011,1111,158.27341274000003,False,20.072543134885663
Device 4,C4D3,0100,0101,228.04642446,False,28.821366069275797
Device 4,C4D3,0100,0110,116.57351796000003,False,14.025193979222559
Device 4,C4D3,0100,0111,439.82392466,False,132.6906943050956
Device 4,C4D3,0100,1000,10.698528540000002,False,3.5736097816071126
Device 4,C4D3,0100,1001,179.62800022000002,False,19.040660951977795
Device 4,C4D3,0100,1010,85.76168164000002,False,16.661065477509823
Device 4,C4D3,0100,1011,395.41792236000003,False,42.92975428780709
Device 4,C4D3,0100,1100,38.64120222000003,False,10.12020574595255
Device 4,C4D3,0100,1101,319.25552516,False,28.562364630516317
Device 4,C4D3,0100,1110,177.15829268000002,False,7.164463224445219
Device 4,C4D3,0100,1111,451.11541992,False,109.62388557917399
Device 4,C4D3,0101,0110,111.4729065,False,10.274247167443974
Device 4,C4D3,0101,0111,211.77750019999996,False,27.427564706695787
Device 4,C4D3,0101,1000,238.74495300000004,False,31.45885205848654
Device 4,C4D3,0101,1001,48.41842424,False,4.127173072532293
Device 4,C4D3,0101,1010,142.28474282,False,16.415606804837424
Device 4,C4D3,0101,1011,167.3714979,False,14.487309408281945
Device 4,C4D3,0101,1100,189.40522224,False,23.822964076177957
Device 4,C4D3,0101,1101,91.20910070000001,False,6.923135914442329
Device 4,C4D3,0101,1110,50.88813178,False,1.9807058006787421
Device 4,C4D3,0101,1111,223.06899546000002,False,27.548551324640332
Device 4,C4D3,0110,0111,323.2504067,False,39.759993000974696
Device 4,C4D3,0110,1000,127.27204650000002,False,15.899911122532146
Device 4,C4D3,0110,1001,63.054482259999986,False,5.252545051047302
Device 4,C4D3,0110,1010,30.81183632000001,False,3.4107879257174787
Device 4,C4D3,0110,1011,278.84440440000003,False,23.570887439723524
Device 4,C4D3,0110,1100,77.93231573999999,False,9.335423201962762
Device 4,C4D3,0110,1101,202.68200720000002,False,15.105056838807117
Device 4,C4D3,0110,1110,60.58477471999999,False,2.3466379623696754
Device 4,C4D3,0110,1111,334.5419019600001,False,39.41386715674477
Device 4,C4D3,0111,1000,450.52245320000003,False,184.30247954007444
Device 4,C4D3,0111,1001,260.19592444,False,28.05575154814264
Device 4,C4D3,0111,1010,354.06224302,False,73.02364341952914
Device 4,C4D3,0111,1011,44.40600229999997,False,4.908256360822862
Device 4,C4D3,0111,1100,401.18272243999996,False,117.83357310868769
Device 4,C4D3,0111,1101,120.56839949999998,False,10.91802693854715
Device 4,C4D3,0111,1110,262.66563198,False,10.648510825410652
Device 4,C4D3,0111,1111,11.291495260000062,False,3.0235007039674424
Device 4,C4D3,1000,1001,190.32652876000003,False,20.76789881383109
Device 4,C4D3,1000,1010,96.46021018000002,False,20.81062148886358
Device 4,C4D3,1000,1011,406.1164509,False,45.454209294639604
Device 4,C4D3,1000,1100,49.33973076000003,False,15.951490908238824
Device 4,C4D3,1000,1101,329.95405370000003,False,30.129991640489877
Device 4,C4D3,1000,1110,187.85682122000003,False,7.628449083811985
Device 4,C4D3,1000,1111,461.81394846000006,False,133.7455645253601
Device 4,C4D3,1001,1010,93.86631858,False,9.316063003822771
Device 4,C4D3,1001,1011,215.78992214000002,False,17.06695925780706
Device 4,C4D3,1001,1100,140.986798,False,14.894156962149724
Device 4,C4D3,1001,1101,139.62752494,False,9.874120873162077
Device 4,C4D3,1001,1110,2.4697075400000044,True,0.09426177656364983
Device 4,C4D3,1001,1111,271.4874197000001,False,28.31084491463387
Device 4,C4D3,1010,1011,309.65624072,False,31.382480578953864
Device 4,C4D3,1010,1100,47.12047941999999,False,9.051463081710944
Device 4,C4D3,1010,1101,233.49384352,False,19.915447597226457
Device 4,C4D3,1010,1110,91.39661104,False,3.658896714703593
Device 4,C4D3,1010,1111,365.3537382800001,False,67.31710668924812
Device 4,C4D3,1011,1100,356.77672014,False,38.59723655332726
Device 4,C4D3,1011,1101,76.16239720000002,False,5.442931604352824
Device 4,C4D3,1011,1110,218.25962968000002,False,8.355709487817693
Device 4,C4D3,1011,1111,55.69749756000003,False,5.944159085899979
Device 4,C4D3,1100,1101,280.61432293999997,False,25.04476910983248
Device 4,C4D3,1100,1110,138.51709046,False,5.5990052133819015
Device 4,C4D3,1100,1111,412.47421770000005,False,98.49065334714808
Device 4,C4D3,1101,1110,142.09723248,False,5.28682980589067
Device 4,C4D3,1101,1111,131.85989476000003,False,11.65959812846397
Device 4,C4D3,1110,1111,273.95712724000003,False,11.05238629796021
Device 5,C4D4,0000,0001,190.5239353,False,23.087897428244922
Device 5,C4D4,0000,0010,143.003836,False,27.44848160057007
Device 5,C4D4,0000,0011,393.44278574000003,False,57.29663303336324
Device 5,C4D4,0000,0100,57.98369488000002,False,11.244685691933071
Device 5,C4D4,0000,0101,333.63222438,False,49.9891820353168
Device 5,C4D4,0000,0110,200.02908213999999,False,34.35991431019718
Device 5,C4D4,0000,0111,468.15078728,False,101.18110317109135
Device 5,C4D4,0000,1000,14.968714280000018,False,3.1188901383289074
Device 5,C4D4,0000,1001,272.06586527999997,False,36.680118479315304
Device 5,C4D4,0000,1010,182.54187978,False,23.04957958461698
Device 5,C4D4,0000,1011,444.06941274,False,60.690014328234845
Device 5,C4D4,0000,1100,112.58983941999998,False,21.279120788666177
Device 5,C4D4,0000,1101,367.30423895999996,False,48.910438376490724
Device 5,C4D4,0000,1110,229.57521889999998,False,55.18341533184008
Device 5,C4D4,0000,1111,475.47762798,False,96.97467538076683
Device 5,C4D4,0001,0010,47.520099300000005,False,5.437151874494302
Device 5,C4D4,0001,0011,202.91885044,False,20.667829792202486
Device 5,C4D4,0001,0100,132.54024041999998,False,15.220188118563527
Device 5,C4D4,0001,0101,143.10828908000002,False,14.777319836163198
Device 5,C4D4,0001,0110,9.505146839999993,True,1.0424878919365876
Device 5,C4D4,0001,0111,277.62685197999997,False,33.02965874380587
Device 5,C4D4,0001,1000,175.55522101999998,False,20.64975982757666
Device 5,C4D4,0001,1001,81.54192997999999,False,7.985933408329818
Device 5,C4D4,0001,1010,7.982055520000003,True,0.7543627665766927
Device 5,C4D4,0001,1011,253.54547744,False,25.009153213001852
Device 5,C4D4,0001,1100,77.93409588000003,False,8.867704824909502
Device 5,C4D4,0001,1101,176.78030366,False,17.199762583549024
Device 5,C4D4,0001,1110,39.0512836,False,4.786975242653018
Device 5,C4D4,0001,1111,284.95369268,False,33.28682712102358
Device 5,C4D4,0010,0011,250.43894974000003,False,33.63466526680066
Device 5,C4D4,0010,0100,85.02014111999998,False,14.396096899661282
Device 5,C4D4,0010,0101,190.62838838000002,False,26.22648796531287
Device 5,C4D4,0010,0110,57.02524614,False,8.780484831068572
Device 5,C4D4,0010,0111,325.14695128,False,59.66640872996135
Device 5,C4D4,0010,1000,128.03512171999998,False,22.87718777919317
Device 5,C4D4,0010,1001,129.06202928,False,16.221200136664127
Device 5,C4D4,0010,1010,39.53804378,False,4.692062525748614
Device 5,C4D4,0010,1011,301.06557674,False,38.288851754736996
Device 5,C4D4,0010,1100,30.41399658000002,False,5.049125379475285
Device 5,C4D4,0010,1101,224.30040296,False,27.888841931202005
Device 5,C4D4,0010,1110,86.5713829,False,17.111602526659603
Device 5,C4D4,0010,1111,332.47379198000004,False,58.47399493702341
Device 5,C4D4,0011,0100,335.45909086,False,45.279554269066914
Device 5,C4D4,0011,0101,59.81056136,False,7.007922830308132
Device 5,C4D4,0011,0110,193.4137036,False,24.526294461860868
Device 5,C4D4,0011,0111,74.70800153999998,False,10.596551057213278
Device 5,C4D4,0011,1000,378.47407146,False,52.825450905960395
Device 5,C4D4,0011,1001,121.37692046,False,13.29776186071816
Device 5,C4D4,0011,1010,210.90090596,False,22.10638957870669
Device 5,C4D4,0011,1011,50.626627000000006,False,5.596361913290172
Device 5,C4D4,0011,1100,280.85294632,False,37.43261118235753
Device 5,C4D4,0011,1101,26.138546779999995,False,2.8402436716988997
Device 5,C4D4,0011,1110,163.86756683999997,False,24.265311140480687
Device 5,C4D4,0011,1111,82.03484224000002,False,11.339365279447497
Device 5,C4D4,0100,0101,275.64852949999994,False,38.123580063771314
Device 5,C4D4,0100,0110,142.04538725999998,False,22.01633006578549
Device 5,C4D4,0100,0111,410.16709239999994,False,75.97904305807542
Device 5,C4D4,0100,1000,43.0149806,False,7.754649594889678
Device 5,C4D4,0100,1001,214.08217039999997,False,27.025310297637652
Device 5,C4D4,0100,1010,124.55818489999999,False,14.839491822553644
Device 5,C4D4,0100,1011,386.08571786,False,49.32265052427039
Device 5,C4D4,0100,1100,54.60614453999996,False,9.135239889029725
Device 5,C4D4,0100,1101,309.32054408,False,38.62549397698124
Device 5,C4D4,0100,1110,171.59152402,False,34.289109206034446
Device 5,C4D4,0100,1111,417.4939331,False,74.06328067673793
Device 5,C4D4,0101,0110,133.60314224,False,17.308850421200173
Device 5,C4D4,0101,0111,134.51856289999998,False,19.601433878127377
Device 5,C4D4,0101,1000,318.6635101,False,45.652742380030865
Device 5,C4D4,0101,1001,61.56635909999999,False,6.85322377786854
Device 5,C4D4,0101,1010,151.09034459999998,False,16.06910728585976
Device 5,C4D4,0101,1011,110.43718836000001,False,12.407317294109482
Device 5,C4D4,0101,1100,221.04238496,False,30.16835709007745
Device 5,C4D4,0101,1101,33.67201458000001,False,3.7165320583722186
Device 5,C4D4,0101,1110,104.05700547999999,False,15.869260211864717
Device 5,C4D4,0101,1111,141.84540360000003,False,20.114517200520357
Device 5,C4D4,0110,0111,268.12170514,False,44.41397702081995
Device 5,C4D4,0110,1000,185.06036785999996,False,29.99313507083078
Device 5,C4D4,0110,1001,72.03678314000001,False,8.606861550212129
Device 5,C4D4,0110,1010,17.487202359999994,False,1.983152354266906
Device 5,C4D4,0110,1011,244.04033060000003,False,29.469971773054883
Device 5,C4D4,0110,1100,87.43924272000002,False,13.32944251329241
Device 5,C4D4,0110,1101,167.27515682,False,19.79177333112363
Device 5,C4D4,0110,1110,29.546136760000007,False,5.195259752203786
Device 5,C4D4,0110,1111,275.44854584,False,44.06384415181946
Device 5,C4D4,0111,1000,453.18207299999995,False,89.5906724349455
Device 5,C4D4,0111,1001,196.084922,False,25.843466833446644
Device 5,C4D4,0111,1010,285.6089075,False,35.351524933277645
Device 5,C4D4,0111,1011,24.081374539999977,False,3.215377970432114
Device 5,C4D4,0111,1100,355.56094786000006,False,64.3305736844032
Device 5,C4D4,0111,1101,100.84654831999998,False,13.134767419607591
Device 5,C4D4,0111,1110,238.57556838,False,53.53414987950855
Device 5,C4D4,0111,1111,7.326840700000031,True,1.4207855729047931
Device 5,C4D4,1000,1001,257.09715099999994,False,33.41605125523559
Device 5,C4D4,1000,1010,167.5731655,False,20.4878940551432
Device 5,C4D4,1000,1011,429.10069846,False,56.48124294611563
Device 5,C4D4,1000,1100,97.62112513999996,False,17.2101779012544
Device 5,C4D4,1000,1101,352.33552467999993,False,45.26982354378828
Device 5,C4D4,1000,1110,214.60650461999998,False,46.297618987323666
Device 5,C4D4,1000,1111,460.5089137,False,86.68857643686114
Device 5,C4D4,1001,1010,89.5239855,False,9.00296118526081
Device 5,C4D4,1001,1011,172.00354746000002,False,18.16110478416157
Device 5,C4D4,1001,1100,159.47602586000002,False,19.910158337930422
Device 5,C4D4,1001,1101,95.23837368,False,9.899365730701371
Device 5,C4D4,1001,1110,42.490646379999994,False,5.810919804139821
Device 5,C4D4,1001,1111,203.41176270000003,False,26.216377149592876
Device 5,C4D4,1010,1011,261.52753296,False,26.499129921114054
Device 5,C4D4,1010,1100,69.95204036000003,False,8.251959992092434
Device 5,C4D4,1010,1101,184.76235918,False,18.452238777635465
Device 5,C4D4,1010,1110,47.03333912,False,6.01354709976206
Device 5,C4D4,1010,1111,292.93574820000003,False,35.548593950911716
Device 5,C4D4,1011,1100,331.47957332,False,41.86912594452337
Device 5,C4D4,1011,1101,76.76517378,False,8.043645730794141
Device 5,C4D4,1011,1110,214.49419384,False,29.74748344852762
Device 5,C4D4,1011,1111,31.408215240000008,False,4.098586830370172
Device 5,C4D4,1100,1101,254.71439954000002,False,31.463739125134445
Device 5,C4D4,1100,1110,116.98537948000002,False,22.747429628952965
Device 5,C4D4,1100,1111,362.88778856000005,False,62.99773950067546
Device 5,C4D4,1101,1110,137.72902005999998,False,18.596969865632317
Device 5,C4D4,1101,1111,108.17338902000002,False,13.784604176514502
Device 5,C4D4,1110,1111,245.90240907999998,False,51.8486552412806
