config,mask_word,cycle,mc_per_cycle,mc_sum_first_cycle
masked,0001,1,0.404749,3.237994
masked,0001,2,0.394721,3.237994
masked,0001,3,0.401292,3.237994
masked,0010,1,0.507217,4.057735
masked,0010,2,0.475862,4.057735
masked,0010,3,0.479816,4.057735
masked,0011,1,0.397530,3.180237
masked,0011,2,0.380628,3.180237
masked,0011,3,0.382073,3.180237
masked,0100,1,0.485022,3.880174
masked,0100,2,0.453532,3.880174
masked,0100,3,0.457960,3.880174
masked,0101,1,0.334264,2.674114
masked,0101,2,0.327261,2.674114
masked,0101,3,0.330882,2.674114
masked,0110,1,0.434084,3.472675
masked,0110,2,0.421156,3.472675
masked,0110,3,0.428231,3.472675
masked,0111,1,0.411945,3.295559
masked,0111,2,0.401997,3.295559
masked,0111,3,0.395256,3.295559
masked,1000,1,0.422136,3.377085
masked,1000,2,0.402632,3.377085
masked,1000,3,0.411622,3.377085
masked,1001,1,0.519265,4.154118
masked,1001,2,0.504041,4.154118
masked,1001,3,0.511321,4.154118
masked,1010,1,0.425842,3.406736
masked,1010,2,0.406460,3.406736
masked,1010,3,0.409266,3.406736
masked,1011,1,0.607004,4.856029
masked,1011,2,0.590316,4.856029
masked,1011,3,0.586042,4.856029
masked,1100,1,0.404543,3.236344
masked,1100,2,0.389019,3.236344
masked,1100,3,0.392056,3.236344
masked,1101,1,0.573639,4.589110
masked,1101,2,0.554886,4.589110
masked,1101,3,0.555199,4.589110
masked,1110,1,0.357093,2.856742
masked,1110,2,0.346123,2.856742
masked,1110,3,0.349048,2.856742
fixed_gate,0000,1,-0.349746,-2.797967
fixed_gate,0000,2,-0.331091,-2.797967
fixed_gate,0000,3,-0.308229,-2.797967
fixed_gate,1111,1,-0.392796,-3.142372
fixed_gate,1111,2,-0.373563,-3.142372
fixed_gate,1111,3,-0.351149,-3.142372
